Row,* Park/Neutral Position (PNP) Switch (If Equipped),Accelerator Pedal Position (APP) Indicated Angle [%],Air Conditioning (AC) Relay Command,Air Flow Calculated [g/s],Ambient Air Temperature [degree C],Barometric Pressure (BARO) [kPa],Brake Pedal Position (BPP) Signal,Cold Startup,Cruise Control Active,Deceleration Fuel Cutoff,Desired Idle Speed [rpm],Engine Control (EC) Ignition Relay Command,Engine Control (EC) Ignition Relay Feedback Signal [V],Engine Coolant Temperature (ECT) Sensor [degree C],Engine Load [%],Engine Oil Level Switch,Engine Oil Pressure Sensor [kPa],Engine Run Time,Engine Speed [rpm],Evaporative Emission (EVAP) Purge Solenoid Command [%],Evaporative Emission (EVAP) Vent Solenoid Command,Fuel Pump Relay Circuit Open Test Status,Fuel Pump Relay Circuit Short Gnd Test Status,Fuel Pump Relay Circuit Short Volts Test Status,Fuel Pump Relay Command,Fuel Tank Level Remaining [%],Fuel Tank Pressure Sensor [mmHg],Fuel Trim Cell,Heated Oxygen Sensor (HO2S) Bank 1 Sensor 1 [mV],Heated Oxygen Sensor (HO2S) Bank 1 Sensor 2 [mV],Heated Oxygen Sensor (HO2S) Bank 2 Sensor 1 [mV],Heated Oxygen Sensor (HO2S) Bank 2 Sensor 2 [mV],Ignition 1 Signal [V],Ignition Accessory Signal,Ignition Off Time [min],Injector PWM Bank 1 [ms],Injector PWM Bank 2 [ms],Intake Air Temperature (IAT) Sensor [degree C],Intake Manifold Pressure [kPa],Long Term Fuel Trim (FT) Bank 1 [%],Long Term Fuel Trim (FT) Bank 2 [%],Loop Status,Malfunction Indicator Lamp (MIL) Circuit Open Test Status,Malfunction Indicator Lamp (MIL) Circuit Short Gnd Test Status,Malfunction Indicator Lamp (MIL) Circuit Short Volts Test Status,Malfunction Indicator Lamp (MIL) Command,Malfunction Indicator Lamp (MIL) Requested By DTC,Manifold Absolute Pressure (MAP) Sensor [kPa],Mass Air Flow (MAF) Sensor [g/s],Power Enrichment,Short Term Fuel Trim (FT) Bank 1 [%],Short Term Fuel Trim (FT) Bank 2 [%],Spark [deg],Throttle Position (TP) Indicated Angle [%],Vehicle Speed Sensor [km/h],Warm-Ups Since DTC Cleared [counts],Warm-Ups w/o Emission Faults,Warm-Ups w/o Non-Emission Faults
1,Park/Neutral,0.500,Off,9.047,6,98,Released,Yes,Inactive,Inactive,752,On,14.400,17,30.588,OK,348,00:01:13,767.250,0,Not Venting,Not Run,OK,Not Run,On,19.716,0.252,14,837.674,529.514,212.674,447.049,14.493,On,50283,2.719,2.614,6,62,-9.375,-11.719,Closed,Not Run,Not Run,OK,On,Yes,36,9.920,Inactive,3.125,1.562,18,21.105,0,2,0,0
2,Park/Neutral,0.500,Off,9.062,6,98,Released,Yes,Inactive,Inactive,752,On,14.400,17,30.980,OK,356,00:01:13,777.750,0,Not Venting,Not Run,OK,Not Run,On,19.716,0.252,14,807.292,529.514,837.674,447.049,14.493,On,50283,2.599,2.464,6,63,-9.375,-11.719,Closed,Not Run,Not Run,OK,On,Yes,36,10.030,Inactive,3.125,0,16.500,21.105,0,2,0,0
3,Park/Neutral,0.500,Off,8.664,6,98,Released,Yes,Inactive,Inactive,752,On,14.400,17,30.588,OK,344,00:01:14,747.500,0,Not Venting,Not Run,OK,Not Run,On,19.716,0.252,14,811.632,529.514,160.590,447.049,14.517,On,50283,2.749,2.629,6,63,-9.375,-11.719,Closed,Not Run,Not Run,OK,On,Yes,35,9.860,Inactive,3.125,1.562,18.500,21.105,0,2,0,0
4,Park/Neutral,0.500,Off,9.078,6,98,Released,Yes,Inactive,Inactive,752,On,14.400,17,30.980,OK,348,00:01:14,774.500,0,Not Venting,Not Run,OK,Not Run,On,19.716,0.252,14,742.188,525.174,95.486,447.049,14.493,On,50283,2.719,2.599,6,62,-9.375,-11.719,Closed,Not Run,Not Run,OK,On,Yes,36,10.020,Inactive,3.125,1.562,17.500,20.949,0,2,0,0
5,Park/Neutral,0.500,Off,8.875,6,98,Released,Yes,Inactive,Inactive,752,On,14.400,17,30.980,OK,356,00:01:15,761,0,Not Venting,Not Run,OK,Not Run,On,19.716,0.252,14,837.674,525.174,802.951,447.049,14.493,On,50283,2.674,2.524,6,63,-9.375,-11.719,Closed,Not Run,Not Run,OK,On,Yes,36,9.950,Inactive,3.125,0,18,20.949,0,2,0,0
6,Park/Neutral,0.500,Off,8.914,6,98,Released,Yes,Inactive,Inactive,752,On,14.400,17,30.588,OK,356,00:01:15,758,0,Not Venting,Not Run,OK,Not Run,On,19.716,0.252,14,755.208,529.514,828.993,447.049,14.493,On,50283,2.749,2.644,6,62,-9.375,-11.719,Closed,Not Run,Not Run,OK,On,Yes,36,9.810,Inactive,1.562,0,18.500,21.105,0,2,0,0
7,Park/Neutral,0.500,Off,8.781,6,98,Released,Yes,Inactive,Inactive,752,On,14.300,17,30.588,OK,352,00:01:16,737.250,0,Not Venting,Not Run,OK,Not Run,On,19.716,0.252,14,768.229,529.514,763.889,447.049,14.443,On,50283,2.719,2.629,6,62,-9.375,-11.719,Closed,Not Run,Not Run,OK,On,Yes,36,9.890,Inactive,1.562,0,18.500,20.949,0,2,0,0
8,Park/Neutral,0.500,Off,8.969,6,98,Released,Yes,Inactive,Inactive,752,On,14.300,17,30.588,OK,344,00:01:16,761.750,0,Not Venting,Not Run,OK,Not Run,On,19.716,0.252,14,724.826,529.514,802.951,447.049,14.443,On,50283,2.644,2.509,6,62,-9.375,-11.719,Closed,Not Run,Not Run,OK,On,Yes,36,9.840,Inactive,1.562,-0.781,17.500,20.949,0,2,0,0
9,Park/Neutral,0.500,Off,8.898,6,98,Released,Yes,Inactive,Inactive,752,On,14.300,17,30.588,OK,348,00:01:16,765.750,0,Not Venting,Not Run,OK,Not Run,On,19.716,0.252,14,164.931,525.174,177.951,451.389,14.443,On,50283,2.599,2.524,6,63,-9.375,-11.719,Closed,Not Run,Not Run,OK,On,Yes,35,9.920,Inactive,2.344,-0.781,17.500,20.949,0,2,0,0
10,Park/Neutral,0.500,Off,8.930,6,98,Released,Yes,Inactive,Inactive,752,On,14.200,17,30.980,OK,348,00:01:17,761.500,0,Not Venting,Not Run,OK,Not Run,On,19.716,0.252,14,56.424,442.708,56.424,447.049,14.293,On,50283,2.764,2.644,6,62,-9.375,-11.719,Closed,Not Run,Not Run,OK,On,Yes,36,10.010,Inactive,2.344,0.781,18,21.105,0,2,0,0
11,Park/Neutral,0.500,Off,8.953,6,98,Released,Yes,Inactive,Inactive,752,On,14.200,17,30.588,OK,348,00:01:17,754.250,0,Not Venting,Not Run,OK,Not Run,On,19.716,0.252,14,234.375,451.389,91.146,442.708,14.393,On,50283,2.749,2.629,6,62,-9.375,-11.719,Closed,Not Run,Not Run,OK,On,Yes,36,9.860,Inactive,2.344,0.781,18.500,21.105,0,2,0,0
12,Park/Neutral,0.500,Off,9.031,6,98,Released,Yes,Inactive,Inactive,752,On,14.200,17,30.980,OK,348,00:01:18,767,0,Not Venting,Not Run,OK,Not Run,On,19.716,0.252,14,794.271,447.049,716.146,447.049,14.318,On,50283,2.719,2.539,6,62,-9.375,-11.719,Closed,Not Run,Not Run,OK,On,Yes,36,10.010,Inactive,2.344,1.562,17.500,20.949,0,2,0,0
13,Park/Neutral,0.500,Off,8.992,6,98,Released,Yes,Inactive,Inactive,752,On,14.200,18,30.980,OK,352,00:01:18,757,0,Not Venting,Not Run,OK,Not Run,On,19.716,0.252,14,798.611,451.389,177.951,442.708,14.393,On,50283,2.719,2.599,6,62,-9.375,-11.719,Closed,Not Run,Not Run,OK,On,Yes,36,9.970,Inactive,2.344,0,18.500,20.949,0,2,0,0
14,Park/Neutral,0.500,Off,8.961,6,98,Released,Yes,Inactive,Inactive,752,On,14.200,18,30.588,OK,348,00:01:18,757.250,0,Not Venting,Not Run,OK,Not Run,On,19.716,0.252,14,794.271,447.049,138.889,447.049,14.318,On,50283,2.719,2.614,6,62,-9.375,-11.719,Closed,Not Run,Not Run,OK,On,Yes,36,9.850,Inactive,2.344,1.562,18,20.949,0,2,0,0
15,Park/Neutral,0.500,Off,8.906,6,98,Released,Yes,Inactive,Inactive,752,On,14.200,18,30.980,OK,348,00:01:19,755.500,0,Not Venting,Not Run,OK,Not Run,On,19.716,0.252,14,794.271,451.389,256.076,447.049,14.318,On,50283,2.704,2.599,6,62,-9.375,-11.719,Closed,Not Run,Not Run,OK,On,Yes,36,9.970,Inactive,2.344,0,18.500,21.105,0,2,0,0
16,Park/Neutral,0.500,Off,8.984,6,98,Released,Yes,Inactive,Inactive,752,On,14.200,18,30.980,OK,348,00:01:19,761.250,0,Not Venting,Not Run,OK,Not Run,On,19.716,0.252,14,759.549,451.389,425.347,442.708,14.318,On,50283,2.704,2.584,6,62,-9.375,-11.719,Closed,Not Run,Not Run,OK,On,Yes,36,10.020,Inactive,2.344,1.562,18,21.105,0,2,0,0
17,Park/Neutral,0.500,Off,8.750,6,98,Released,Yes,Inactive,Inactive,752,On,14.200,18,30.588,OK,348,00:01:19,745.750,0,Not Venting,Not Run,OK,Not Run,On,19.716,0.252,14,694.444,451.389,325.521,447.049,14.343,On,50283,2.749,2.614,6,62,-9.375,-11.719,Closed,Not Run,Not Run,OK,On,Yes,36,9.840,Inactive,2.344,1.562,18,20.949,0,2,0,0
18,Park/Neutral,0.500,Off,8.992,6,98,Released,Yes,Inactive,Inactive,752,On,14.200,18,30.588,OK,352,00:01:20,773,0,Not Venting,Not Run,OK,Not Run,On,19.716,0.252,14,694.444,451.389,794.271,447.049,14.318,On,50283,2.644,2.464,6,63,-9.375,-11.719,Closed,Not Run,Not Run,OK,On,Yes,36,9.920,Inactive,2.344,0,17,21.105,0,2,0,0
19,Park/Neutral,0.500,Off,8.859,6,98,Released,Yes,Inactive,Inactive,752,On,14.200,18,30.196,OK,344,00:01:20,758.750,0,Not Venting,Not Run,OK,Not Run,On,19.716,0.252,14,737.847,447.049,217.014,447.049,14.318,On,50283,2.674,2.539,6,63,-9.375,-11.719,Closed,Not Run,Not Run,OK,On,Yes,36,9.800,Inactive,2.344,0,18,20.949,0,2,0,0
20,Park/Neutral,0.500,Off,8.969,6,98,Released,Yes,Inactive,Inactive,752,On,14.200,18,30.588,OK,344,00:01:21,760.500,0,Venting,Not Run,OK,Not Run,On,19.716,0.259,14,755.208,447.049,91.146,442.708,14.318,On,50283,2.764,2.644,6,62,-9.375,-11.719,Closed,Not Run,Not Run,OK,On,Yes,36,9.890,Inactive,2.344,1.562,18.500,21.105,0,2,0,0
21,Park/Neutral,0.500,Off,8.836,6,98,Released,Yes,Inactive,Inactive,752,On,14.200,18,30.588,OK,348,00:01:21,752.500,0,Venting,Not Run,OK,Not Run,On,19.716,0.259,14,842.014,447.049,681.424,447.049,14.318,On,50283,2.719,2.629,6,62,-9.375,-11.719,Closed,Not Run,Not Run,OK,On,Yes,36,9.900,Inactive,2.344,0,18.500,20.949,0,2,0,0
22,Park/Neutral,0.500,Off,9.008,6,98,Released,Yes,Inactive,Inactive,752,On,14.200,18,30.588,OK,344,00:01:21,769.750,0,Venting,Not Run,OK,Not Run,On,19.716,0.266,14,815.972,451.389,859.375,447.049,14.343,On,50283,2.614,2.464,6,63,-9.375,-11.719,Closed,Not Run,Not Run,OK,On,Yes,36,9.910,Inactive,2.344,0,17.500,21.105,0,2,0,0
23,Park/Neutral,0.500,Off,8.734,6,98,Released,Yes,Inactive,Inactive,752,On,14.200,18,30.196,OK,352,00:01:22,755.750,0,Venting,Not Run,OK,Not Run,On,19.716,0.275,14,794.271,451.389,785.590,447.049,14.343,On,50283,2.599,2.449,6,63,-9.375,-11.719,Closed,Not Run,Not Run,OK,On,Yes,35,9.720,Inactive,2.344,0,18,20.949,0,2,0,0
24,Park/Neutral,0.500,Off,8.766,6,98,Released,Yes,Inactive,Inactive,752,On,14.200,18,29.804,OK,340,00:01:22,767.500,0,Venting,Not Run,OK,Not Run,On,19.716,0.274,14,785.590,451.389,781.250,447.049,14.318,On,50283,2.524,2.389,6,63,-9.375,-11.719,Closed,Not Run,Not Run,OK,On,Yes,35,9.600,Inactive,2.344,0,17.500,20.812,0,2,0,0
25,Park/Neutral,0.500,Off,8.266,6,98,Released,Yes,Inactive,Inactive,752,On,14.300,18,29.412,OK,356,00:01:22,722,0,Venting,Not Run,OK,Not Run,On,19.716,0.283,14,772.569,455.729,716.146,442.708,14.368,On,50283,2.749,2.554,6,63,-9.375,-11.719,Closed,Not Run,Not Run,OK,On,Yes,35,9.460,Inactive,2.344,-0.781,18.500,20.812,0,2,0,0
26,Park/Neutral,0.500,Off,8.578,6,98,Released,Yes,Inactive,Inactive,752,On,14.200,18,29.804,OK,344,00:01:23,735.500,0,Venting,Not Run,OK,Not Run,On,19.716,0.284,14,807.292,455.729,438.368,442.708,14.393,On,50283,2.749,2.614,6,63,-9.375,-11.719,Closed,Not Run,Not Run,OK,On,Yes,36,9.590,Inactive,2.344,-0.781,21,20.812,0,2,0,0
27,Park/Neutral,0.500,Off,8.750,6,98,Released,Yes,Inactive,Inactive,752,On,14.300,18,29.412,OK,348,00:01:23,753,0,Venting,Not Run,OK,Not Run,On,19.716,0.281,14,833.333,451.389,768.229,442.708,14.368,On,50283,2.659,2.479,6,63,-9.375,-11.719,Closed,Not Run,Not Run,OK,On,Yes,36,9.540,Inactive,2.344,-0.781,18.500,20.812,0,2,0,0
28,Park/Neutral,0.500,Off,8.609,6,98,Released,Yes,Inactive,Inactive,752,On,14.300,18,29.804,OK,348,00:01:24,742.500,0,Venting,Not Run,OK,Not Run,On,19.716,0.284,14,820.312,451.389,147.569,438.368,14.393,On,50283,2.644,2.509,6,63,-9.375,-11.719,Closed,Not Run,Not Run,OK,On,Yes,36,9.650,Inactive,2.344,0.781,19,20.812,0,2,0,0
29,Park/Neutral,0.500,Off,8.641,6,98,Released,Yes,Inactive,Inactive,752,On,14.300,19,29.412,OK,344,00:01:24,751,0,Venting,Not Run,OK,Not Run,On,19.716,0.277,14,763.889,455.729,82.465,438.368,14.393,On,50283,2.584,2.434,6,63,-9.375,-11.719,Closed,Not Run,Not Run,OK,On,Yes,35,9.440,Inactive,2.344,0.781,18.500,20.812,0,2,0,0
30,Park/Neutral,0.500,Off,8.258,6,98,Released,Yes,Inactive,Inactive,752,On,14.200,19,29.412,OK,348,00:01:24,721.750,0,Venting,Not Run,OK,Not Run,On,19.716,0.277,14,781.250,455.729,91.146,438.368,14.393,On,50283,2.599,2.524,6,63,-9.375,-11.719,Closed,Not Run,Not Run,OK,On,Yes,35,9.400,Inactive,0.781,0.781,21,20.676,0,2,0,0
31,Park/Neutral,0.500,Off,8.523,6,98,Released,Yes,Inactive,Inactive,752,On,14.300,19,29.412,OK,352,00:01:25,735.750,0,Venting,Not Run,OK,Not Run,On,19.716,0.275,14,668.403,455.729,217.014,434.028,14.368,On,50283,2.689,2.629,6,63,-9.375,-11.719,Closed,Not Run,Not Run,OK,On,Yes,36,9.420,Inactive,0.781,1.562,19.500,20.812,0,2,0,0
32,Park/Neutral,0.500,Off,8.602,6,98,Released,Yes,Inactive,Inactive,752,On,14.300,19,29.020,OK,348,00:01:25,744.250,0,Venting,Not Run,OK,Not Run,On,19.716,0.277,14,755.208,451.389,824.653,429.688,14.393,On,50283,2.569,2.464,6,63,-9.375,-11.719,Closed,Not Run,Not Run,OK,On,Yes,35,9.390,Inactive,0.781,0,18.500,20.676,0,2,0,0
33,Park/Neutral,0.500,Off,8.516,6,98,Released,Yes,Inactive,Inactive,752,On,14.200,19,29.412,OK,340,00:01:25,733,0,Venting,Not Run,OK,Not Run,On,19.716,0.274,14,594.618,451.389,798.611,434.028,14.343,On,50283,2.569,2.494,6,63,-9.375,-11.719,Closed,Not Run,Not Run,OK,On,Yes,36,9.420,Inactive,0.781,0,20,20.676,0,2,0,0
34,Park/Neutral,0.500,Off,8.461,6,98,Released,Yes,Inactive,Inactive,744,On,14.200,19,29.412,OK,348,00:01:26,724.750,0,Venting,Not Run,OK,Not Run,On,19.716,0.277,14,73.785,455.729,568.576,425.347,14.318,On,50283,2.644,2.539,6,62,-9.375,-11.719,Closed,Not Run,Not Run,OK,On,Yes,36,9.430,Inactive,1.562,1.562,18.500,20.812,0,2,0,0
35,Park/Neutral,0.500,Off,8.695,6,98,Released,Yes,Inactive,Inactive,744,On,14.200,19,29.804,OK,348,00:01:26,734,0,Venting,Not Run,OK,Not Run,On,19.716,0.274,14,164.931,451.389,768.229,416.667,14.343,On,50283,2.749,2.614,6,62,-9.375,-11.719,Closed,Not Run,Not Run,OK,On,Yes,36,9.610,Inactive,1.562,0,19.500,20.949,0,2,0,0
36,Park/Neutral,0.500,Off,8.688,6,98,Released,Yes,Inactive,Inactive,744,On,14.200,19,29.804,OK,348,00:01:27,737.500,0,Venting,Not Run,OK,Not Run,On,19.716,0.274,14,551.215,451.389,750.868,412.326,14.343,On,50283,2.674,2.569,6,62,-9.375,-11.719,Closed,Not Run,Not Run,OK,On,Yes,36,9.640,Inactive,1.562,1.562,19,20.812,0,2,0,0
37,Park/Neutral,0.500,Off,8.578,6,98,Released,Yes,Inactive,Inactive,744,On,14.200,19,29.804,OK,348,00:01:27,736.250,0,Venting,Not Run,OK,Not Run,On,19.716,0.274,14,169.271,455.729,386.285,399.306,14.343,On,50283,2.599,2.494,6,62,-9.375,-11.719,Closed,Not Run,Not Run,OK,On,Yes,36,9.670,Inactive,1.562,0,18,20.949,0,2,0,0
38,Park/Neutral,0.500,Off,8.641,6,98,Released,Yes,Inactive,Inactive,744,On,14.200,19,30.196,OK,348,00:01:27,738.750,0,Venting,Not Run,OK,Not Run,On,19.716,0.275,14,112.847,451.389,134.549,403.646,14.343,On,50283,2.674,2.599,6,62,-9.375,-11.719,Closed,Not Run,Not Run,OK,On,Yes,36,9.720,Inactive,2.344,1.562,18.500,20.812,0,2,0,0
39,Park/Neutral,0.500,Off,8.633,6,98,Released,Yes,Inactive,Inactive,744,On,14.200,19,29.804,OK,344,00:01:28,733.750,0,Venting,Not Run,OK,Not Run,On,19.716,0.275,14,65.104,451.389,86.806,390.625,14.343,On,50283,2.689,2.614,6,62,-9.375,-11.719,Closed,Not Run,Not Run,OK,On,Yes,36,9.640,Inactive,2.344,1.562,18.500,20.812,0,2,0,0
40,Park/Neutral,0.500,Off,8.695,6,98,Released,Yes,Inactive,Inactive,744,On,14.200,19,30.196,OK,352,00:01:28,736.500,0,Venting,Not Run,OK,Not Run,On,19.716,0.277,14,69.444,455.729,117.188,386.285,14.368,On,50283,2.764,2.644,6,62,-9.375,-11.719,Closed,Not Run,Not Run,OK,On,Yes,36,9.720,Inactive,3.125,1.562,19.500,20.949,0,2,0,0
41,Park/Neutral,0.500,Off,8.961,6,98,Released,Yes,Inactive,Inactive,744,On,14.200,19,30.196,OK,344,00:01:28,772,0,Venting,Not Run,OK,Not Run,On,19.716,0.275,14,243.056,455.729,850.694,381.944,14.368,On,50283,2.614,2.419,6,63,-9.375,-11.719,Closed,Not Run,Not Run,OK,On,Yes,36,9.750,Inactive,5.469,0,17,20.812,0,2,0,0
42,Park/Neutral,0.500,Off,8.500,6,98,Released,Yes,Inactive,Inactive,744,On,14.200,19,30.196,OK,348,00:01:29,737,0,Venting,Not Run,OK,Not Run,On,19.716,0.277,14,807.292,451.389,616.319,377.604,14.318,On,50283,2.779,2.554,6,63,-9.375,-11.719,Closed,Not Run,Not Run,OK,On,Yes,35,9.750,Inactive,6.250,0,18.500,20.812,0,2,0,0
43,Park/Neutral,0.500,Off,8.844,6,98,Released,Yes,Inactive,Inactive,744,On,14.100,19,29.804,OK,344,00:01:29,758.500,0,Venting,Not Run,OK,Not Run,On,19.716,0.277,14,781.250,451.389,82.465,360.243,14.293,On,50283,2.749,2.569,6,63,-9.375,-11.719,Closed,Not Run,Not Run,OK,On,Yes,36,9.650,Inactive,6.250,1.562,18,20.812,0,2,0,0
44,Park/Neutral,0.500,Off,8.875,6,98,Released,Yes,Inactive,Inactive,744,On,14.200,19,29.804,OK,348,00:01:29,770.250,0,Venting,Not Run,OK,Not Run,On,19.716,0.275,14,850.694,451.389,247.396,342.882,14.293,On,50283,2.659,2.494,6,63,-9.375,-11.719,Closed,Not Run,Not Run,OK,On,Yes,35,9.680,Inactive,6.250,1.562,17.500,20.949,0,2,0,0
45,Park/Neutral,0.500,Off,8.758,6,98,Released,Yes,Inactive,Inactive,744,On,14.200,19,30.196,OK,348,00:01:30,765.500,0,Venting,Not Run,OK,Not Run,On,19.716,0.284,14,828.993,460.069,802.951,338.542,14.318,On,50283,2.689,2.464,6,63,-9.375,-11.719,Closed,Not Run,Not Run,OK,On,Yes,35,9.740,Inactive,6.250,0,17.500,20.949,0,2,0,0
46,Park/Neutral,0.500,Off,8.773,6,98,Released,Yes,Inactive,Inactive,744,On,14.200,19,29.804,OK,344,00:01:30,757.750,0,Venting,Not Run,OK,Not Run,On,19.716,0.290,14,850.694,468.750,195.312,329.861,14.318,On,50283,2.794,2.599,6,63,-9.375,-11.719,Closed,Not Run,Not Run,OK,On,Yes,35,9.650,Inactive,6.250,0,18.500,20.812,0,2,0,0
47,Park/Neutral,0.500,Off,8.844,6,98,Released,Yes,Inactive,Inactive,744,On,14.100,19,29.804,OK,352,00:01:31,765.750,0,Venting,Not Run,OK,Not Run,On,19.716,0.281,14,859.375,473.090,651.042,312.500,14.244,On,50283,2.719,2.524,6,63,-9.375,-11.719,Closed,Not Run,Not Run,OK,On,Yes,35,9.680,Inactive,6.250,1.562,18,20.812,0,2,0,0
48,Park/Neutral,0.500,Off,8.602,6,98,Released,Yes,Inactive,Inactive,744,On,14.100,20,29.804,OK,356,00:01:31,749.500,0,Venting,Not Run,OK,Not Run,On,19.716,0.277,14,868.056,468.750,729.167,308.160,14.244,On,50283,2.749,2.554,6,63,-9.375,-11.719,Closed,Not Run,Not Run,OK,On,Yes,35,9.630,Inactive,6.250,1.562,18,20.812,0,2,0,0
49,Park/Neutral,0.500,Off,8.781,6,98,Released,Yes,Inactive,Inactive,744,On,14.100,20,29.804,OK,348,00:01:31,779,0,Venting,Not Run,OK,Not Run,On,19.716,0.284,14,850.694,477.431,820.312,308.160,14.244,On,50283,2.749,2.554,6,63,-9.375,-11.719,Closed,Not Run,Not Run,OK,On,Yes,35,9.670,Inactive,6.250,1.562,16,20.812,0,2,0,0
50,Park/Neutral,0.500,Off,8.727,6,98,Released,Yes,Inactive,Inactive,744,On,14.100,20,29.804,OK,344,00:01:31,759,0,Venting,Not Run,OK,Not Run,On,19.716,0.281,14,842.014,481.771,820.312,299.479,14.244,On,50283,2.749,2.554,6,63,-9.375,-11.719,Closed,Not Run,Not Run,OK,On,Yes,35,9.610,Inactive,6.250,1.562,18,20.812,0,2,0,0
51,Park/Neutral,0.500,Off,8.891,6,98,Released,Yes,Inactive,Inactive,744,On,14.100,20,29.804,OK,348,00:01:32,776.250,0,Venting,Not Run,OK,Not Run,On,19.716,0.279,14,842.014,486.111,842.014,299.479,14.268,On,50283,2.644,2.479,6,63,-9.375,-11.719,Closed,Not Run,Not Run,OK,On,Yes,35,9.680,Inactive,6.250,1.562,17.500,20.812,0,2,0,0
52,Park/Neutral,0.500,Off,8.570,6,98,Released,Yes,Inactive,Inactive,744,On,14.100,20,29.804,OK,336,00:01:32,744.750,0,Venting,Not Run,OK,Not Run,On,19.716,0.277,14,837.674,490.451,828.993,316.840,14.244,On,50283,2.659,2.629,6,63,-9.375,-11.719,Closed,Not Run,Not Run,OK,On,Yes,35,9.610,Inactive,6.250,1.562,18,20.812,0,2,0,0
53,Park/Neutral,0.500,Off,8.930,6,98,Released,Yes,Inactive,Inactive,744,On,14.100,20,30.196,OK,356,00:01:32,777.250,0,Venting,Not Run,OK,Not Run,On,19.716,0.275,14,837.674,494.792,855.035,351.562,14.244,On,50283,2.539,2.509,6,63,-9.375,-11.719,Closed,Not Run,Not Run,OK,On,Yes,35,9.720,Inactive,1.562,1.562,17,20.949,0,2,0,0
54,Park/Neutral,0.500,Off,8.414,6,98,Released,Yes,Inactive,Inactive,744,On,14.100,20,29.412,OK,352,00:01:33,741.500,0,Venting,Not Run,OK,Not Run,On,19.716,0.279,14,794.271,499.132,828.993,542.535,14.268,On,50283,2.569,2.539,6,63,-9.375,-11.719,Closed,Not Run,Not Run,OK,On,Yes,35,9.500,Inactive,1.562,1.562,17.500,20.812,0,2,0,0
55,Park/Neutral,0.500,Off,8.477,6,98,Released,Yes,Inactive,Inactive,744,On,14.100,20,29.020,OK,352,00:01:33,753,0,Venting,Not Run,OK,Not Run,On,19.716,0.283,14,685.764,507.812,859.375,651.042,14.244,On,50283,2.464,2.464,6,64,-9.375,-11.719,Closed,Not Run,Not Run,OK,On,Yes,35,9.420,Inactive,1.562,1.562,18.500,20.812,0,2,0,0
56,Park/Neutral,0.500,Off,8.188,6,98,Released,Yes,Inactive,Inactive,744,On,14.100,20,29.020,OK,340,00:01:34,721.750,0,Venting,Not Run,OK,Not Run,On,19.716,0.286,14,724.826,494.792,846.354,681.424,14.244,On,50283,2.629,2.554,6,63,-9.375,-11.719,Closed,Not Run,Not Run,OK,On,Yes,35,9.320,Inactive,0.781,0,19,20.676,0,2,0,0
57,Park/Neutral,0.500,Off,8.477,6,98,Released,Yes,Inactive,Inactive,744,On,14.100,20,29.020,OK,348,00:01:34,742.250,0,Venting,Not Run,OK,Not Run,On,19.716,0.284,14,750.868,481.771,855.035,694.444,14.244,On,50283,2.494,2.464,6,63,-9.375,-11.719,Closed,Not Run,Not Run,OK,On,Yes,35,9.310,Inactive,0,0,18.500,20.676,0,2,0,0
58,Park/Neutral,0.500,Off,8.305,6,98,Released,Yes,Inactive,Inactive,744,On,14.200,20,29.020,OK,356,00:01:35,724.500,0,Venting,Not Run,OK,Not Run,On,19.716,0.277,14,381.944,464.410,828.993,716.146,14.293,On,50283,2.659,2.599,6,63,-9.375,-11.719,Closed,Not Run,Not Run,OK,On,Yes,35,9.320,Inactive,-2.344,0,20,20.676,0,2,0,0
59,Park/Neutral,0.500,Off,8.648,6,98,Released,Yes,Inactive,Inactive,744,On,14.200,20,29.412,OK,344,00:01:35,744.500,0,Venting,Not Run,OK,Not Run,On,19.716,0.274,14,73.785,451.389,850.694,659.722,14.318,On,50283,2.614,2.479,6,63,-9.375,-11.719,Closed,Not Run,Not Run,OK,On,Yes,36,9.420,Inactive,1.562,-0.781,18.500,20.676,0,2,0,0
60,Park/Neutral,0.500,Off,8.242,6,98,Released,Yes,Inactive,Inactive,744,On,14.100,20,29.412,OK,348,00:01:35,722,0,Venting,Not Run,OK,Not Run,On,19.716,0.275,14,282.118,416.667,820.312,707.465,14.244,On,50283,2.584,2.494,6,63,-9.375,-11.719,Closed,Not Run,Not Run,OK,On,Yes,36,9.390,Inactive,1.562,-0.781,20.500,20.676,0,2,0,0
61,Park/Neutral,0.500,Off,8.258,6,98,Released,Yes,Inactive,Inactive,744,On,14.100,21,29.020,OK,348,00:01:36,717,0,Venting,Not Run,OK,Not Run,On,19.716,0.274,14,169.271,394.965,755.208,633.681,14.268,On,50283,2.629,2.464,6,63,-9.375,-11.719,Closed,Not Run,Not Run,OK,On,Yes,35,9.290,Inactive,1.562,-2.344,19,20.676,0,2,0,0
62,Park/Neutral,0.500,Off,8.305,6,98,Released,Yes,Inactive,Inactive,744,On,14.100,21,29.020,OK,356,00:01:36,718.500,0,Venting,Not Run,OK,Not Run,On,19.716,0.279,14,99.826,373.264,772.569,546.875,14.244,On,50283,2.674,2.434,6,62,-9.375,-11.719,Closed,Not Run,Not Run,OK,On,Yes,36,9.320,Inactive,2.344,-4.688,21,20.676,0,2,0,0
63,Park/Neutral,0.500,Off,8.633,6,98,Released,Yes,Inactive,Inactive,744,On,14.100,21,29.020,OK,344,00:01:37,737.250,0,Venting,Not Run,OK,Not Run,On,19.716,0.274,14,104.167,355.903,221.354,412.326,14.293,On,50283,2.794,2.509,6,62,-9.375,-11.719,Closed,Not Run,Not Run,OK,On,Yes,36,9.370,Inactive,3.125,0,18.500,20.676,0,2,0,0
64,Park/Neutral,0.500,Off,8.594,6,98,Released,Yes,Inactive,Inactive,744,On,14.100,21,29.020,OK,344,00:01:37,743,0,Venting,Not Run,OK,Not Run,On,19.716,0.274,14,772.569,342.882,78.125,273.438,14.318,On,50283,2.584,2.419,6,63,-9.375,-11.719,Closed,Not Run,Not Run,OK,On,Yes,35,9.350,Inactive,3.906,0,18.500,20.676,0,2,0,0
65,Park/Neutral,0.500,Off,8.375,6,98,Released,Yes,Inactive,Inactive,744,On,14.200,21,29.412,OK,348,00:01:37,732.250,0,Venting,Not Run,OK,Not Run,On,19.716,0.274,14,776.910,342.882,82.465,173.611,14.293,On,50283,2.644,2.464,6,63,-9.375,-11.719,Closed,Not Run,Not Run,OK,On,Yes,35,9.390,Inactive,3.906,0,19,20.676,0,2,0,0
66,Park/Neutral,0.500,Off,8.531,6,98,Released,Yes,Inactive,Inactive,744,On,14.100,21,29.020,OK,344,00:01:38,746.750,0,Venting,Not Run,OK,Not Run,On,19.716,0.274,14,807.292,368.924,69.444,160.590,14.218,On,50283,2.569,2.404,6,63,-9.375,-11.719,Closed,Not Run,Not Run,OK,On,Yes,35,9.330,Inactive,3.906,0,18,20.676,0,2,0,0
67,Park/Neutral,0.500,Off,8.297,6,98,Released,Yes,Inactive,Inactive,744,On,14.100,21,29.412,OK,344,00:01:38,728.500,0,Venting,Not Run,OK,Not Run,On,19.716,0.279,14,789.931,381.944,208.333,156.250,14.244,On,50283,2.689,2.539,6,63,-9.375,-11.719,Closed,Not Run,Not Run,OK,On,Yes,35,9.370,Inactive,3.906,0.781,19.500,20.676,0,2,0,0
68,Park/Neutral,0.500,Off,8.438,6,98,Released,Yes,Inactive,Inactive,744,On,14.100,21,29.412,OK,344,00:01:38,731,0,Venting,Not Run,OK,Not Run,On,19.716,0.277,14,815.972,407.986,212.674,151.910,14.244,On,50283,2.704,2.584,6,62,-9.375,-11.719,Closed,Not Run,Not Run,OK,On,Yes,36,9.460,Inactive,3.906,1.562,18.500,20.676,0,2,0,0
69,Park/Neutral,0.500,Off,8.602,6,98,Released,Yes,Inactive,Inactive,744,On,14.100,21,29.020,OK,348,00:01:39,752.500,0,Venting,Not Run,OK,Not Run,On,19.716,0.277,14,850.694,442.708,846.354,156.250,14.244,On,50283,2.524,2.419,6,63,-9.375,-11.719,Closed,Not Run,Not Run,OK,On,Yes,35,9.420,Inactive,3.906,2.344,18,20.676,0,2,0,0
70,Park/Neutral,0.500,Off,7.953,6,98,Released,Yes,Inactive,Inactive,744,On,14.100,21,29.804,OK,348,00:01:39,706,0,Venting,Not Run,OK,Not Run,On,19.716,0.274,14,755.208,598.958,802.951,195.312,14.168,On,50283,2.674,2.569,6,63,-9.375,-11.719,Closed,Not Run,Not Run,OK,On,Yes,35,9.510,Inactive,3.906,2.344,18,20.676,0,2,0,0
71,Park/Neutral,0.500,Off,8.578,6,98,Released,Yes,Inactive,Inactive,736,On,14.100,21,29.020,OK,344,00:01:40,746.500,0,Venting,Not Run,OK,Not Run,On,19.716,0.281,14,173.611,546.875,828.993,164.931,14.268,On,50283,2.689,2.509,6,63,-9.375,-11.719,Closed,Not Run,Not Run,OK,On,Yes,35,9.350,Inactive,6.250,2.344,18.500,20.676,0,2,0,0
72,Park/Neutral,0.500,Off,8.445,6,98,Released,Yes,Inactive,Inactive,736,On,14.100,21,29.020,OK,336,00:01:40,747.500,0,Venting,Not Run,OK,Not Run,On,19.716,0.274,14,833.333,429.688,824.653,151.910,14.268,On,50283,2.584,2.419,6,64,-9.375,-11.719,Closed,Not Run,Not Run,OK,On,Yes,35,9.380,Inactive,6.250,2.344,18,20.676,0,2,0,0
73,Park/Neutral,0.500,Off,8.414,6,98,Released,Yes,Inactive,Inactive,736,On,14.100,21,29.412,OK,348,00:01:40,742.500,0,Venting,Not Run,OK,Not Run,On,19.716,0.281,14,842.014,442.708,785.590,164.931,14.268,On,50283,2.689,2.524,6,63,-9.375,-11.719,Closed,Not Run,Not Run,OK,On,Yes,35,9.420,Inactive,6.250,2.344,18.500,20.676,0,2,0,0
74,Park/Neutral,0.500,Off,8.422,6,98,Released,Yes,Inactive,Inactive,736,On,14.100,21,29.020,OK,352,00:01:41,750,0,Venting,Not Run,OK,Not Run,On,19.716,0.274,14,833.333,607.639,842.014,164.931,14.268,On,50283,2.674,2.494,6,64,-9.375,-11.719,Closed,Not Run,Not Run,OK,On,Yes,35,9.320,Inactive,6.250,2.344,17.500,20.676,0,2,0,0
75,Park/Neutral,0.500,Off,8.375,6,98,Released,Yes,Inactive,Inactive,736,On,14.100,21,29.020,OK,356,00:01:41,737.250,0,Venting,Not Run,OK,Not Run,On,19.716,0.274,14,859.375,651.042,828.993,164.931,14.244,On,50283,2.719,2.554,6,63,-9.375,-11.719,Closed,Not Run,Not Run,OK,On,Yes,35,9.320,Inactive,6.250,2.344,18.500,20.676,0,2,0,0
76,Park/Neutral,0.500,Off,8.531,6,98,Released,Yes,Inactive,Inactive,736,On,14.100,21,29.020,OK,344,00:01:41,758.750,0,Venting,Not Run,OK,Not Run,On,19.716,0.279,14,846.354,672.743,859.375,638.021,14.244,On,50283,2.629,2.464,6,64,-9.375,-11.719,Closed,Not Run,Not Run,OK,On,Yes,35,9.430,Inactive,6.250,2.344,16.500,20.676,0,2,0,0
77,Park/Neutral,0.500,Off,8.391,6,98,Released,Yes,Inactive,Inactive,736,On,14.100,22,29.020,OK,352,00:01:42,752,0,Venting,Not Run,OK,Not Run,On,19.716,0.274,14,859.375,685.764,824.653,776.910,14.268,On,50283,2.659,2.419,6,64,-9.375,-11.719,Closed,Not Run,Not Run,OK,On,Yes,35,9.350,Inactive,6.250,-0.781,18,20.676,0,2,0,0
78,Park/Neutral,0.500,Off,8.406,6,98,Released,Yes,Inactive,Inactive,736,On,14.100,22,29.020,OK,348,00:01:42,751,0,Venting,Not Run,OK,Not Run,On,19.716,0.277,14,837.674,694.444,815.972,759.549,14.268,On,50283,2.569,2.434,6,64,-9.375,-11.719,Closed,Not Run,Not Run,OK,On,Yes,35,9.360,Inactive,1.562,-0.781,18,20.676,0,2,0,0
79,Park/Neutral,0.500,Off,8.359,6,98,Released,Yes,Inactive,Inactive,736,On,14,22,29.412,OK,352,00:01:43,745.500,0,Venting,Not Run,OK,Not Run,On,19.716,0.275,14,824.653,703.125,768.229,672.743,14.194,On,50283,2.554,2.434,6,64,-9.375,-11.719,Closed,Not Run,Not Run,OK,On,Yes,35,9.420,Inactive,1.562,-0.781,18,20.676,0,2,0,0
80,Park/Neutral,0.500,Off,8.375,6,98,Released,Yes,Inactive,Inactive,736,On,14.100,22,29.020,OK,340,00:01:43,739.750,0,Venting,Not Run,OK,Not Run,On,19.716,0.283,14,798.611,698.785,789.931,633.681,14.218,On,50283,2.629,2.494,6,63,-9.375,-11.719,Closed,Not Run,Not Run,OK,On,Yes,35,9.390,Inactive,1.562,-1.562,18.500,20.676,0,2,0,0
81,Park/Neutral,0.500,Off,8.273,6,98,Released,Yes,Inactive,Inactive,736,On,14,22,29.412,OK,344,00:01:43,729.750,0,Venting,Not Run,OK,Not Run,On,19.716,0.275,14,781.250,690.104,794.271,468.750,14.168,On,50283,2.614,2.524,6,63,-9.375,-11.719,Closed,Not Run,Not Run,OK,On,Yes,35,9.460,Inactive,0.781,-1.562,18,20.676,0,2,0,0
82,Park/Neutral,0.500,Off,8.570,6,98,Released,Yes,Inactive,Inactive,736,On,14.100,22,29.020,OK,344,00:01:44,746.500,0,Venting,Not Run,OK,Not Run,On,19.716,0.279,14,733.507,655.382,755.208,295.139,14.194,On,50283,2.659,2.539,6,63,-9.375,-11.719,Closed,Not Run,Not Run,OK,On,Yes,35,9.390,Inactive,0.781,-3.125,18.500,20.676,0,2,0,0
83,Park/Neutral,0.500,Off,8.438,6,98,Released,Yes,Inactive,Inactive,736,On,14.100,22,29.412,OK,348,00:01:44,736.500,0,Venting,Not Run,OK,Not Run,On,19.716,0.275,14,742.188,642.361,750.868,243.056,14.218,On,50283,2.614,2.434,6,63,-9.375,-11.719,Closed,Not Run,Not Run,OK,On,Yes,35,9.430,Inactive,0,-4.688,18.500,20.676,0,2,0,0
84,Park/Neutral,0.500,Off,8.039,6,98,Released,Yes,Inactive,Inactive,736,On,14,22,29.020,OK,356,00:01:44,698.500,0,Venting,Not Run,OK,Not Run,On,19.716,0.275,14,690.104,603.299,308.160,151.910,14.144,On,50283,2.584,2.584,6,63,-9.375,-11.719,Closed,Not Run,Not Run,OK,On,Yes,35,9.390,Inactive,-2.344,-5.469,18.500,20.676,0,2,0,0
85,Park/Neutral,0.500,Off,8.648,6,98,Released,Yes,Inactive,Inactive,736,On,14,22,29.020,OK,344,00:01:45,737.250,0,Venting,Not Run,OK,Not Run,On,19.716,0.275,14,73.785,564.236,52.083,104.167,14.144,On,50283,2.629,2.494,6,62,-9.375,-11.719,Closed,Not Run,Not Run,OK,On,Yes,36,9.330,Inactive,1.562,-0.781,18.500,20.676,0,2,0,0
86,Park/Neutral,0.500,Off,8.602,6,98,Released,Yes,Inactive,Inactive,736,On,14,22,29.020,OK,348,00:01:45,753.750,0,Venting,Not Run,OK,Not Run,On,19.716,0.274,14,125.868,468.750,108.507,86.806,14.144,On,50283,2.464,2.329,6,63,-9.375,-11.719,Closed,Not Run,Not Run,OK,On,Yes,35,9.360,Inactive,1.562,-0.781,17.500,20.676,0,2,0,0
87,Park/Neutral,0.500,Off,8.289,6,98,Released,Yes,Inactive,Inactive,736,On,14,22,29.412,OK,344,00:01:45,722.750,0,Venting,Not Run,OK,Not Run,On,19.716,0.277,14,60.764,386.285,56.424,91.146,14.144,On,50283,2.644,2.554,6,63,-9.375,-11.719,Closed,Not Run,Not Run,OK,On,Yes,35,9.450,Inactive,1.562,-0.781,19,20.676,0,2,0,0
88,Park/Neutral,0.500,Off,8.516,6,98,Released,Yes,Inactive,Inactive,736,On,14,22,29.412,OK,344,00:01:46,745,0,Venting,Not Run,OK,Not Run,On,19.716,0.277,14,60.764,247.396,65.104,82.465,14.119,On,50283,2.629,2.509,6,63,-9.375,-11.719,Closed,Not Run,Not Run,OK,On,Yes,36,9.490,Inactive,2.344,0,18,20.676,0,2,0,0
89,Park/Neutral,0.500,Off,8.383,6,98,Released,Yes,Inactive,Inactive,736,On,14,22,29.412,OK,344,00:01:46,734.750,0,Venting,Not Run,OK,Not Run,On,19.716,0.281,14,121.528,177.951,195.312,78.125,14.119,On,50283,2.614,2.494,6,63,-9.375,-11.719,Closed,Not Run,Not Run,OK,On,Yes,35,9.470,Inactive,2.344,0.781,18.500,20.676,0,2,0,0
90,Park/Neutral,0.500,Off,8.469,6,98,Released,Yes,Inactive,Inactive,736,On,14,22,29.020,OK,348,00:01:47,741,0,Venting,Not Run,OK,Not Run,On,19.716,0.279,14,147.569,169.271,585.938,86.806,14.168,On,50283,2.749,2.584,6,63,-9.375,-11.719,Closed,Not Run,Not Run,OK,On,Yes,35,9.380,Inactive,5.469,1.562,18.500,20.812,0,2,0,0
91,Park/Neutral,0.500,Off,8.617,6,98,Released,Yes,Inactive,Inactive,736,On,14,22,29.412,OK,344,00:01:47,748.500,0,Venting,Not Run,OK,Not Run,On,19.716,0.283,14,160.590,147.569,763.889,82.465,14.144,On,50283,2.674,2.524,6,63,-9.375,-11.719,Closed,Not Run,Not Run,OK,On,Yes,36,9.430,Inactive,6.250,3.125,17.500,20.676,0,2,0,0
92,Park/Neutral,0.500,Off,8.617,6,98,Released,Yes,Inactive,Inactive,736,On,14,22,29.412,OK,344,00:01:47,771.250,0,Venting,Not Run,OK,Not Run,On,19.716,0.275,14,828.993,151.910,859.375,95.486,14.168,On,50283,2.509,2.374,6,64,-9.375,-11.719,Closed,Not Run,Not Run,OK,On,Yes,35,9.450,Inactive,6.250,3.125,15,20.676,0,2,0,0
93,Park/Neutral,0.500,Off,8.188,6,98,Released,Yes,Inactive,Inactive,736,On,14,23,29.020,OK,348,00:01:48,728,0,Venting,Not Run,OK,Not Run,On,19.716,0.274,14,824.653,212.674,763.889,312.500,14.168,On,50283,2.674,2.509,6,64,-9.375,-11.719,Closed,Not Run,Not Run,OK,On,Yes,35,9.370,Inactive,6.250,3.125,18.500,20.676,0,2,0,0
94,Park/Neutral,0.500,Off,8.320,6,98,Released,Yes,Inactive,Inactive,736,On,14,23,29.020,OK,348,00:01:48,741,0,Venting,Not Run,OK,Not Run,On,19.716,0.281,14,837.674,360.243,837.674,399.306,14.144,On,50283,2.659,2.509,6,63,-9.375,-11.719,Closed,Not Run,Not Run,OK,On,Yes,35,9.280,Inactive,6.250,3.125,18.500,20.520,0,2,0,0
95,Park/Neutral,0.500,Off,8.195,6,98,Released,Yes,Inactive,Inactive,736,On,14,23,28.627,OK,348,00:01:48,739.750,0,Venting,Not Run,OK,Not Run,On,19.716,0.274,14,868.056,677.083,863.715,429.688,14.144,On,50283,2.614,2.449,6,64,-9.375,-11.719,Closed,Not Run,Not Run,OK,On,Yes,35,9.160,Inactive,6.250,3.125,17.500,20.520,0,2,0,0
96,Park/Neutral,0.500,Off,8.047,6,98,Released,Yes,Inactive,Inactive,736,On,14,23,28.627,OK,344,00:01:49,721,0,Venting,Not Run,OK,Not Run,On,19.716,0.277,14,855.035,768.229,850.694,811.632,14.168,On,50283,2.569,2.434,6,63,-9.375,-11.719,Closed,Not Run,Not Run,OK,On,Yes,34,9.160,Inactive,1.562,-0.781,19,20.520,0,2,0,0
97,Park/Neutral,0.500,Off,8.172,6,98,Released,Yes,Inactive,Inactive,736,On,14,23,28.627,OK,348,00:01:49,735.500,0,Venting,Not Run,OK,Not Run,On,19.716,0.274,14,824.653,776.910,828.993,798.611,14.119,On,50283,2.569,2.434,6,64,-9.375,-11.719,Closed,Not Run,Not Run,OK,On,Yes,35,9.140,Inactive,1.562,-0.781,18,20.520,0,2,0,0
98,Park/Neutral,0.500,Off,7.938,6,98,Released,Yes,Inactive,Inactive,736,On,14,23,28.627,OK,348,00:01:50,703.750,0,Venting,Not Run,OK,Not Run,On,19.716,0.279,14,802.951,768.229,737.847,750.868,14.119,On,50283,2.629,2.509,6,63,-9.375,-11.719,Closed,Not Run,Not Run,OK,On,Yes,35,9.160,Inactive,1.562,-0.781,21,20.520,0,2,0,0
99,Park/Neutral,0.500,Off,8.258,6,98,Released,Yes,Inactive,Inactive,736,On,14,23,28.235,OK,344,00:01:50,736.250,0,Venting,Not Run,OK,Not Run,On,19.716,0.274,14,768.229,737.847,824.653,646.701,14.094,On,50283,2.494,2.389,6,63,-9.375,-11.719,Closed,Not Run,Not Run,OK,On,Yes,35,9.130,Inactive,0.781,-1.562,18.500,20.520,0,2,0,0
100,Park/Neutral,0.500,Off,8.180,6,98,Released,Yes,Inactive,Inactive,736,On,14,23,28.235,OK,348,00:01:50,734,0,Venting,Not Run,OK,Not Run,On,19.716,0.277,14,746.528,720.486,733.507,668.403,14.168,On,50283,2.479,2.374,6,63,-9.375,-11.719,Closed,Not Run,Not Run,OK,On,Yes,35,9.070,Inactive,0.781,-1.562,18.500,20.520,0,2,0,0
101,Park/Neutral,0.500,Off,7.844,6,98,Released,Yes,Inactive,Inactive,736,On,14,23,28.627,OK,348,00:01:51,690.750,0,Venting,Not Run,OK,Not Run,On,19.716,0.275,14,234.375,690.104,625,460.069,14.168,On,50283,2.749,2.494,6,63,-9.375,-11.719,Closed,Not Run,Not Run,OK,On,Yes,35,9.130,Inactive,-0.781,-3.125,25.500,20.520,0,2,0,0
102,Park/Neutral,0.500,Off,8.281,6,98,Released,Yes,Inactive,Inactive,736,On,14,23,28.627,OK,344,00:01:51,734.750,0,Venting,Not Run,OK,Not Run,On,19.716,0.274,14,112.847,659.722,616.319,312.500,14.168,On,50283,2.629,2.494,6,63,-9.375,-11.719,Closed,Not Run,Not Run,OK,On,Yes,35,9.210,Inactive,2.344,-0.781,18.500,20.520,0,2,0,0
103,Park/Neutral,0.500,Off,8.328,6,98,Released,Yes,Inactive,Inactive,736,On,14,23,28.235,OK,348,00:01:51,739.750,0,Venting,Not Run,OK,Not Run,On,19.716,0.274,14,824.653,590.278,781.250,147.569,14.144,On,50283,2.479,2.329,6,63,-9.375,-11.719,Closed,Not Run,Not Run,OK,On,Yes,35,9.120,Inactive,2.344,-0.781,18,20.520,0,2,0,0
104,Park/Neutral,0.500,Off,8.234,6,98,Released,Yes,Inactive,Inactive,736,On,14,23,28.235,OK,344,00:01:52,732.500,0,Venting,Not Run,OK,Not Run,On,19.716,0.274,14,729.167,590.278,425.347,121.528,14.144,On,50283,2.554,2.404,6,63,-9.375,-11.719,Closed,Not Run,Not Run,OK,On,Yes,35,9.100,Inactive,2.344,-0.781,18.500,20.383,0,2,0,0
105,Park/Neutral,0.500,Off,7.969,6,98,Released,Yes,Inactive,Inactive,736,On,14,23,28.235,OK,352,00:01:52,702.500,0,Venting,Not Run,OK,Not Run,On,19.716,0.274,14,82.465,598.958,112.847,82.465,14.094,On,50283,2.659,2.509,6,63,-9.375,-11.719,Closed,Not Run,Not Run,OK,On,Yes,35,9.110,Inactive,2.344,-0.781,18.500,20.520,0,2,0,0
106,Park/Neutral,0.500,Off,8.320,6,98,Released,Yes,Inactive,Inactive,728,On,14,23,28.235,OK,348,00:01:53,726.250,0,Venting,Not Run,OK,Not Run,On,19.716,0.277,14,811.632,394.965,750.868,78.125,14.144,On,50283,2.629,2.479,6,63,-9.375,-11.719,Closed,Not Run,Not Run,OK,On,Yes,35,9.100,Inactive,2.344,-0.781,18.500,20.520,0,2,0,0
107,Park/Neutral,0.500,Off,8.414,6,98,Released,Yes,Inactive,Inactive,728,On,14,23,28.235,OK,348,00:01:53,742.500,0,Venting,Not Run,OK,Not Run,On,19.716,0.275,14,824.653,364.583,824.653,82.465,14.144,On,50283,2.584,2.404,6,63,-9.375,-11.719,Closed,Not Run,Not Run,OK,On,Yes,35,9.120,Inactive,2.344,-0.781,18,20.520,0,2,0,0
108,Park/Neutral,0.500,Off,8.367,6,98,Released,Yes,Inactive,Inactive,728,On,14,23,28.235,OK,348,00:01:53,738.500,0,Venting,Not Run,OK,Not Run,On,19.716,0.274,14,169.271,577.257,724.826,99.826,14.168,On,50283,2.539,2.389,6,63,-9.375,-11.719,Closed,Not Run,Not Run,OK,On,Yes,35,9.040,Inactive,3.125,-0.781,18,20.520,0,2,0,0
109,Park/Neutral,0.500,Off,8.141,6,98,Released,Yes,Inactive,Inactive,728,On,14,23,28.627,OK,344,00:01:54,729.500,0,Venting,Not Run,OK,Not Run,On,19.716,0.274,14,785.590,416.667,217.014,82.465,14.144,On,50283,2.569,2.404,6,63,-9.375,-11.719,Closed,Not Run,Not Run,OK,On,Yes,35,9.160,Inactive,3.125,-0.781,18.500,20.520,0,2,0,0
110,Park/Neutral,0.500,Off,7.922,6,98,Released,Yes,Inactive,Inactive,728,On,14,23,28.627,OK,344,00:01:54,709.750,0,Venting,Not Run,OK,Not Run,On,19.716,0.277,14,772.569,494.792,86.806,60.764,14.168,On,50283,2.629,2.479,6,64,-9.375,-11.719,Closed,Not Run,Not Run,OK,On,Yes,35,9.140,Inactive,3.125,-0.781,18.500,20.383,0,2,0,0
111,Park/Neutral,0.500,Off,8.328,6,98,Released,Yes,Inactive,Inactive,728,On,14,23,28.235,OK,344,00:01:55,742.500,0,Venting,Not Run,OK,Not Run,On,19.716,0.274,14,820.312,533.854,73.785,60.764,14.144,On,50283,2.554,2.404,6,63,-9.375,-11.719,Closed,Not Run,Not Run,OK,On,Yes,35,9.100,Inactive,3.125,0,18.500,20.520,0,2,0,0
112,Park/Neutral,0.500,Off,8.141,6,98,Released,Yes,Inactive,Inactive,728,On,14,24,28.627,OK,344,00:01:55,725.500,0,Venting,Not Run,OK,Not Run,On,19.716,0.277,14,807.292,642.361,455.729,60.764,14.144,On,50283,2.629,2.509,6,63,-9.375,-11.719,Closed,Not Run,Not Run,OK,On,Yes,35,9.180,Inactive,3.125,0.781,18.500,20.520,0,2,0,0
113,Park/Neutral,0.500,Off,8.141,6,98,Released,Yes,Inactive,Inactive,728,On,13.900,24,28.627,OK,348,00:01:55,719.250,0,Venting,Not Run,OK,Not Run,On,19.716,0.277,14,824.653,742.188,824.653,69.444,14.119,On,50283,2.584,2.524,6,63,-9.375,-11.719,Closed,Not Run,Not Run,OK,On,Yes,35,9.160,Inactive,1.562,1.562,20.500,20.520,0,2,0,0
114,Park/Neutral,0.500,Off,8.258,6,98,Released,Yes,Inactive,Inactive,728,On,14,24,28.235,OK,344,00:01:56,736.750,0,Venting,Not Run,OK,Not Run,On,19.716,0.275,14,768.229,746.528,859.375,95.486,14.094,On,50283,2.524,2.464,6,63,-9.375,-11.719,Closed,Not Run,Not Run,OK,On,Yes,35,9.180,Inactive,1.562,1.562,18.500,20.520,0,2,0,0
115,Park/Neutral,0.500,Off,7.805,6,98,Released,Yes,Inactive,Inactive,728,On,14,24,28.235,OK,348,00:01:56,692.500,0,Venting,Not Run,OK,Not Run,On,19.716,0.284,14,607.639,724.826,842.014,481.771,14.069,On,50283,2.659,2.614,6,63,-9.375,-11.719,Closed,Not Run,Not Run,OK,On,Yes,35,8.950,Inactive,1.562,1.562,19,20.520,0,2,0,0
116,Park/Neutral,0.500,Off,8.398,6,98,Released,Yes,Inactive,Inactive,728,On,14,24,28.235,OK,348,00:01:57,737.250,0,Venting,Not Run,OK,Not Run,On,19.716,0.277,14,781.250,664.062,868.056,742.188,14.069,On,50283,2.674,2.584,6,63,-9.375,-11.719,Closed,Not Run,Not Run,OK,On,Yes,36,9.100,Inactive,3.125,1.562,18.500,20.520,0,2,0,0
117,Park/Neutral,0.500,Off,8.461,6,98,Released,Yes,Inactive,Inactive,728,On,14,24,28.235,OK,344,00:01:57,755.250,0,Venting,Not Run,OK,Not Run,On,19.716,0.279,14,794.271,620.660,872.396,781.250,14.069,On,50283,2.494,2.314,6,63,-9.375,-11.719,Closed,Not Run,Not Run,OK,On,Yes,35,9.120,Inactive,3.125,-1.562,17,20.520,0,2,0,0
118,Park/Neutral,0.500,Off,7.977,6,98,Released,Yes,Inactive,Inactive,728,On,14,24,28.235,OK,348,00:01:57,716.500,0,Venting,Not Run,OK,Not Run,On,19.716,0.274,14,781.250,672.743,815.972,820.312,14.094,On,50283,2.599,2.389,6,64,-9.375,-11.719,Closed,Not Run,Not Run,OK,On,Yes,35,9.040,Inactive,3.125,-1.562,19,20.520,0,2,0,0
119,Park/Neutral,0.500,Off,8.250,6,98,Released,Yes,Inactive,Inactive,728,On,14,24,28.235,OK,348,00:01:57,732.250,0,Venting,Not Run,OK,Not Run,On,19.716,0.283,14,659.722,681.424,625,755.208,14.119,On,50283,2.614,2.434,6,63,-9.375,-11.719,Closed,Not Run,Not Run,OK,On,Yes,35,9.130,Inactive,3.125,-1.562,18.500,20.520,0,2,0,0
120,Park/Neutral,0.500,Off,8.227,6,98,Released,Yes,Inactive,Inactive,728,On,14,24,28.235,OK,348,00:01:58,735,0,Venting,Not Run,OK,Not Run,On,19.716,0.281,14,828.993,598.958,703.125,564.236,14.119,On,50283,2.584,2.434,6,63,-9.375,-11.719,Closed,Not Run,Not Run,OK,On,Yes,35,9.070,Inactive,3.125,0,18.500,20.520,0,2,0,0
121,Park/Neutral,0.500,Off,8.148,6,98,Released,Yes,Inactive,Inactive,728,On,14,24,28.235,OK,348,00:01:58,733,0,Venting,Not Run,OK,Not Run,On,19.716,0.274,14,820.312,750.868,833.333,277.778,14.094,On,50283,2.554,2.404,6,64,-9.375,-11.719,Closed,Not Run,Not Run,OK,On,Yes,35,9.070,Inactive,3.125,0,18.500,20.383,0,2,0,0
122,Park/Neutral,0.500,Off,8.195,6,98,Released,Yes,Inactive,Inactive,728,On,14,24,28.627,OK,340,00:01:59,738.750,0,Venting,Not Run,OK,Not Run,On,19.716,0.274,14,763.889,755.208,794.271,425.347,14.094,On,50283,2.479,2.389,6,64,-9.375,-11.719,Closed,Not Run,Not Run,OK,On,Yes,35,9.180,Inactive,1.562,0,18,20.383,0,2,0,0
123,Park/Neutral,0.500,Off,8.133,6,98,Released,Yes,Inactive,Inactive,728,On,14,24,28.627,OK,344,00:01:59,729.250,0,Venting,Not Run,OK,Not Run,On,19.716,0.274,14,742.188,724.826,707.465,256.076,14.069,On,50283,2.569,2.464,6,64,-9.375,-11.719,Closed,Not Run,Not Run,OK,On,Yes,35,9.190,Inactive,1.562,0,18.500,20.520,0,2,0,0
124,Park/Neutral,0.500,Off,8.266,6,98,Released,Yes,Inactive,Inactive,728,On,14,24,28.627,OK,344,00:02:00,738,0,Venting,Not Run,OK,Not Run,On,19.716,0.274,14,438.368,664.062,824.653,143.229,14.119,On,50283,2.569,2.479,6,63,-9.375,-11.719,Closed,Not Run,Not Run,OK,On,Yes,35,9.180,Inactive,1.562,0,18.500,20.520,0,2,0,0
125,Park/Neutral,0.500,Off,7.938,6,98,Released,Yes,Inactive,Inactive,728,On,13.900,24,28.235,OK,344,00:02:00,703,0,Venting,Not Run,OK,Not Run,On,19.716,0.281,14,802.951,607.639,802.951,130.208,14.094,On,50283,2.569,2.479,6,63,-9.375,-11.719,Closed,Not Run,Not Run,OK,On,Yes,35,9.050,Inactive,1.562,0,20,20.520,0,2,0,0
126,Park/Neutral,0.500,Off,8.312,6,98,Released,Yes,Inactive,Inactive,728,On,14,24,28.627,OK,348,00:02:00,737.250,0,Venting,Not Run,OK,Not Run,On,19.716,0.277,14,763.889,603.299,807.292,164.931,14.094,On,50283,2.524,2.434,6,63,-9.375,-11.719,Closed,Not Run,Not Run,OK,On,Yes,35,9.160,Inactive,1.562,0,18.500,20.520,0,2,0,0
127,Park/Neutral,0.500,Off,8.375,6,98,Released,Yes,Inactive,Inactive,728,On,13.900,24,28.235,OK,348,00:02:01,736.250,0,Venting,Not Run,OK,Not Run,On,19.716,0.275,14,711.806,625,828.993,360.243,13.995,On,50283,2.449,2.359,6,64,-9.375,-11.719,Closed,Not Run,Not Run,OK,On,Yes,35,9.150,Inactive,1.562,0,16,20.520,0,2,0,0
128,Park/Neutral,0.500,Off,7.867,6,98,Released,Yes,Inactive,Inactive,728,On,14,24,28.627,OK,352,00:02:01,691.500,0,Venting,Not Run,OK,Not Run,On,19.716,0.279,14,117.188,607.639,490.451,642.361,14.019,On,50283,2.719,2.584,6,63,-9.375,-11.719,Closed,Not Run,Not Run,OK,On,Yes,35,9.160,Inactive,2.344,0,23.500,20.520,0,2,0,0
129,Park/Neutral,0.500,Off,8.477,6,98,Released,Yes,Inactive,Inactive,728,On,13.900,24,28.235,OK,352,00:02:01,756.750,0,Venting,Not Run,OK,Not Run,On,19.716,0.277,14,364.583,499.132,846.354,169.271,14.044,On,50283,2.614,2.479,6,63,-9.375,-11.719,Closed,Not Run,Not Run,OK,On,Yes,35,9.120,Inactive,2.344,0,17,20.520,0,2,0,0
130,Park/Neutral,0.500,Off,8.195,6,98,Released,Yes,Inactive,Inactive,728,On,13.900,24,28.235,OK,344,00:02:02,734.750,0,Venting,Not Run,OK,Not Run,On,19.716,0.279,14,824.653,429.688,846.354,125.868,14.044,On,50283,2.494,2.374,6,64,-9.375,-11.719,Closed,Not Run,Not Run,OK,On,Yes,35,9.100,Inactive,2.344,0,18,20.383,0,2,0,0
131,Park/Neutral,0.500,Off,8.047,6,98,Released,Yes,Inactive,Inactive,728,On,13.900,25,28.627,OK,336,00:02:02,714.250,0,Venting,Not Run,OK,Not Run,On,19.716,0.277,14,438.368,611.979,438.368,308.160,14.044,On,50283,2.629,2.479,6,63,-9.375,-11.719,Closed,Not Run,Not Run,OK,On,Yes,35,9.130,Inactive,2.344,0,19.500,20.520,0,2,0,0
132,Park/Neutral,0.500,Off,8.234,6,98,Released,Yes,Inactive,Inactive,728,On,13.900,25,28.235,OK,336,00:02:02,729.500,0,Venting,Not Run,OK,Not Run,On,19.716,0.279,14,585.938,651.042,755.208,364.583,14.044,On,50283,2.584,2.434,6,63,-9.375,-11.719,Closed,Not Run,Not Run,OK,On,Yes,35,9.110,Inactive,2.344,0,18.500,20.520,0,2,0,0
133,Park/Neutral,0.500,Off,8.094,6,98,Released,Yes,Inactive,Inactive,728,On,13.900,25,28.627,OK,348,00:02:03,729.250,0,Venting,Not Run,OK,Not Run,On,19.716,0.274,14,824.653,546.875,811.632,143.229,14.019,On,50283,2.524,2.389,6,64,-9.375,-11.719,Closed,Not Run,Not Run,OK,On,Yes,35,9.220,Inactive,2.344,0,17.500,20.520,0,2,0,0
134,Park/Neutral,0.500,Off,8.133,6,98,Released,Yes,Inactive,Inactive,728,On,13.900,25,28.627,OK,352,00:02:03,734.500,0,Venting,Not Run,OK,Not Run,On,19.716,0.274,14,768.229,703.125,568.576,130.208,14.044,On,50283,2.539,2.389,6,64,-9.375,-11.719,Closed,Not Run,Not Run,OK,On,Yes,34,9.190,Inactive,2.344,0,18,20.520,0,2,0,0
135,Park/Neutral,0.500,Off,8.195,6,98,Released,Yes,Inactive,Inactive,728,On,13.900,25,28.627,OK,352,00:02:03,737.250,0,Venting,Not Run,OK,Not Run,On,19.716,0.274,14,720.486,638.021,221.354,95.486,14.044,On,50283,2.524,2.389,6,64,-9.375,-11.719,Closed,Not Run,Not Run,OK,On,Yes,35,9.150,Inactive,2.344,0,18,20.383,0,2,0,0
136,Park/Neutral,0.500,Off,8.188,6,98,Released,Yes,Inactive,Inactive,728,On,13.900,25,28.627,OK,352,00:02:04,739,0,Venting,Not Run,OK,Not Run,On,19.716,0.277,14,815.972,590.278,160.590,69.444,14.019,On,50283,2.524,2.389,6,64,-9.375,-11.719,Closed,Not Run,Not Run,OK,On,Yes,35,9.180,Inactive,2.344,0,17.500,20.383,0,2,0,0
137,Park/Neutral,0.500,Off,8.156,6,98,Released,Yes,Inactive,Inactive,728,On,13.900,25,28.235,OK,348,00:02:04,734.250,0,Venting,Not Run,OK,Not Run,On,19.716,0.274,14,772.569,629.340,807.292,65.104,14.044,On,50283,2.554,2.434,6,64,-9.375,-11.719,Closed,Not Run,Not Run,OK,On,Yes,35,9.130,Inactive,2.344,0.781,18.500,20.520,0,2,0,0
138,Park/Neutral,0.500,Off,8.062,6,98,Released,Yes,Inactive,Inactive,728,On,13.900,25,28.627,OK,344,00:02:04,718,0,Venting,Not Run,OK,Not Run,On,19.716,0.275,14,798.611,690.104,789.931,69.444,14.044,On,50283,2.599,2.464,6,64,-9.375,-11.719,Closed,Not Run,Not Run,OK,On,Yes,35,9.170,Inactive,2.344,0.781,17.500,20.520,0,2,0,0
139,Park/Neutral,0.500,Off,8.141,6,98,Released,Yes,Inactive,Inactive,728,On,13.900,25,28.627,OK,348,00:02:05,730.500,0,Venting,Not Run,OK,Not Run,On,19.716,0.277,14,824.653,703.125,824.653,73.785,14.044,On,50283,2.539,2.464,6,63,-9.375,-11.719,Closed,Not Run,Not Run,OK,On,Yes,35,9.160,Inactive,0.781,0.781,18.500,20.520,0,2,0,0
140,Park/Neutral,0.500,Off,8,6,98,Released,Yes,Inactive,Inactive,728,On,13.900,25,28.627,OK,340,00:02:05,719.250,0,Venting,Not Run,OK,Not Run,On,19.716,0.275,14,716.146,724.826,833.333,99.826,14.044,On,50283,2.599,2.509,6,63,-9.375,-11.719,Closed,Not Run,Not Run,OK,On,Yes,35,9.170,Inactive,0.781,0.781,18.500,20.520,0,2,0,0
141,Park/Neutral,0.500,Off,7.938,6,98,Released,Yes,Inactive,Inactive,728,On,13.900,25,29.020,OK,344,00:02:06,704.250,0,Venting,Not Run,OK,Not Run,On,19.716,0.274,14,763.889,685.764,811.632,125.868,14.019,On,50283,2.629,2.554,6,63,-9.375,-11.719,Closed,Not Run,Not Run,OK,On,Yes,35,9.220,Inactive,0.781,0.781,20.500,20.520,0,2,0,0
142,Park/Neutral,0.500,Off,8.312,6,98,Released,Yes,Inactive,Inactive,728,On,13.800,25,28.627,OK,348,00:02:06,735.750,0,Venting,Not Run,OK,Not Run,On,19.716,0.277,14,690.104,620.660,837.674,238.715,13.995,On,50283,2.494,2.449,6,63,-9.375,-11.719,Closed,Not Run,Not Run,OK,On,Yes,35,9.160,Inactive,0,0.781,18,20.520,0,2,0,0
143,Park/Neutral,0.500,Off,7.781,6,98,Released,Yes,Inactive,Inactive,728,On,13.800,25,28.627,OK,352,00:02:06,692,0,Venting,Not Run,OK,Not Run,On,19.716,0.281,14,633.681,568.576,833.333,642.361,13.919,On,50283,2.599,2.509,6,63,-9.375,-11.719,Closed,Not Run,Not Run,OK,On,Yes,35,9.200,Inactive,1.562,0.781,18,20.520,0,2,0,0
144,Park/Neutral,0.500,Off,8.195,6,98,Released,Yes,Inactive,Inactive,720,On,13.800,25,28.627,OK,348,00:02:07,713.750,0,Venting,Not Run,OK,Not Run,On,19.716,0.279,14,104.167,525.174,750.868,755.208,13.995,On,50283,2.629,2.479,6,62,-9.375,-11.719,Closed,Not Run,Not Run,OK,On,Yes,36,9.110,Inactive,1.562,-0.781,18.500,20.520,0,2,0,0
145,Park/Neutral,0.500,Off,8.273,6,98,Released,Yes,Inactive,Inactive,720,On,13.900,25,28.627,OK,348,00:02:07,733,0,Venting,Not Run,OK,Not Run,On,19.716,0.274,14,299.479,394.965,802.951,646.701,13.945,On,50283,2.479,2.344,6,63,-9.375,-11.719,Closed,Not Run,Not Run,OK,On,Yes,35,9.140,Inactive,1.562,-0.781,18,20.520,0,2,0,0
146,Park/Neutral,0.500,Off,8.023,6,98,Released,Yes,Inactive,Inactive,720,On,13.800,25,28.627,OK,336,00:02:07,702.750,0,Venting,Not Run,OK,Not Run,On,19.716,0.274,14,65.104,334.201,690.104,594.618,13.995,On,50283,2.629,2.509,6,63,-9.375,-11.719,Closed,Not Run,Not Run,OK,On,Yes,35,9.110,Inactive,1.562,-0.781,19,20.520,0,2,0,0
147,Park/Neutral,0.500,Off,8.375,6,98,Released,Yes,Inactive,Inactive,720,On,13.800,26,28.627,OK,348,00:02:08,734.500,0,Venting,Not Run,OK,Not Run,On,19.716,0.274,14,104.167,199.653,99.826,212.674,13.995,On,50283,2.614,2.509,6,63,-9.375,-11.719,Closed,Not Run,Not Run,OK,On,Yes,35,9.150,Inactive,2.344,0.781,18,20.520,0,2,0,0
148,Park/Neutral,0.500,Off,8.438,6,98,Released,Yes,Inactive,Inactive,720,On,13.800,26,28.235,OK,352,00:02:08,754.750,0,Venting,Not Run,OK,Not Run,On,19.716,0.275,14,143.229,151.910,564.236,104.167,13.995,On,50283,2.419,2.314,6,63,-9.375,-11.719,Closed,Not Run,Not Run,OK,On,Yes,35,9.100,Inactive,2.344,0.781,15.500,20.520,0,2,0,0
149,Park/Neutral,0.500,Off,8.062,6,98,Released,Yes,Inactive,Inactive,720,On,13.900,26,28.235,OK,344,00:02:08,723.250,0,Venting,Not Run,OK,Not Run,On,19.716,0.274,14,78.125,134.549,564.236,86.806,13.995,On,50283,2.614,2.449,6,64,-9.375,-11.719,Closed,Not Run,Not Run,OK,On,Yes,35,9.080,Inactive,3.906,0.781,18.500,20.520,0,2,0,0
150,Park/Neutral,0.500,Off,8.211,6,98,Released,Yes,Inactive,Inactive,720,On,13.800,26,28.627,OK,340,00:02:09,730.750,0,Venting,Not Run,OK,Not Run,On,19.716,0.275,14,73.785,117.188,104.167,69.444,13.995,On,50283,2.659,2.449,6,63,-9.375,-11.719,Closed,Not Run,Not Run,OK,On,Yes,35,9.180,Inactive,6.250,0.781,18,20.383,0,2,0,0
151,Park/Neutral,0.500,Off,8.273,6,98,Released,Yes,Inactive,Inactive,720,On,13.900,26,28.235,OK,344,00:02:09,746.750,0,Venting,Not Run,OK,Not Run,On,19.716,0.284,14,846.354,99.826,811.632,65.104,13.995,On,50283,2.599,2.374,6,64,-9.375,-11.719,Closed,Not Run,Not Run,OK,On,Yes,35,9.050,Inactive,6.250,0.781,17,20.520,0,2,0,0
152,Park/Neutral,0.500,Off,8.227,6,98,Released,Yes,Inactive,Inactive,720,On,13.900,26,28.235,OK,348,00:02:09,752,0,Venting,Not Run,OK,Not Run,On,19.716,0.281,14,846.354,104.167,590.278,78.125,13.995,On,50283,2.509,2.299,6,64,-9.375,-11.719,Closed,Not Run,Not Run,OK,On,Yes,34,9.130,Inactive,6.250,0.781,15.500,20.520,0,2,0,0
153,Park/Neutral,0.500,Off,8.086,6,98,Released,Yes,Inactive,Inactive,720,On,13.900,26,28.627,OK,340,00:02:10,726.750,0,Venting,Not Run,OK,Not Run,On,19.716,0.286,14,811.632,173.611,169.271,78.125,13.995,On,50283,2.749,2.524,6,63,-9.375,-11.719,Closed,Not Run,Not Run,OK,On,Yes,35,9.150,Inactive,6.250,1.562,18.500,20.520,0,2,0,0
154,Park/Neutral,0.500,Off,8.344,6,98,Released,Yes,Inactive,Inactive,720,On,13.900,26,28.235,OK,344,00:02:10,752.250,0,Venting,Not Run,OK,Not Run,On,19.716,0.284,14,868.056,664.062,807.292,56.424,14.019,On,50283,2.569,2.389,6,64,-9.375,-11.719,Closed,Not Run,Not Run,OK,On,Yes,35,9.070,Inactive,6.250,1.562,16,20.520,0,2,0,0
155,Park/Neutral,0.500,Off,8.273,6,98,Released,Yes,Inactive,Inactive,720,On,13.900,26,28.235,OK,348,00:02:11,753.500,0,Venting,Not Run,OK,Not Run,On,19.716,0.281,14,846.354,824.653,824.653,91.146,13.995,On,50283,2.404,2.359,6,64,-9.375,-11.719,Closed,Not Run,Not Run,OK,On,Yes,35,9.100,Inactive,1.562,1.562,17,20.383,0,2,0,0
156,Park/Neutral,0.500,Off,7.500,6,98,Released,Yes,Inactive,Inactive,720,On,13.800,26,27.843,OK,344,00:02:11,690.750,0,Venting,Not Run,OK,Not Run,On,19.716,0.274,14,815.972,828.993,794.271,177.951,13.945,On,50283,2.494,2.464,6,64,-9.375,-11.719,Closed,Not Run,Not Run,OK,On,Yes,34,8.850,Inactive,1.562,1.562,18.500,20.246,0,2,0,0
157,Park/Neutral,0.500,Off,7.695,6,98,Released,Yes,Inactive,Inactive,720,On,13.800,26,27.451,OK,344,00:02:11,707,0,Venting,Not Run,OK,Not Run,On,19.716,0.274,14,772.569,802.951,842.014,147.569,13.945,On,50283,2.539,2.494,6,64,-9.375,-11.719,Closed,Not Run,Not Run,OK,On,Yes,35,8.730,Inactive,1.562,1.562,21,20.246,0,2,0,0
158,Park/Neutral,0.500,Off,8.047,6,98,Released,Yes,Inactive,Inactive,720,On,13.800,26,27.059,OK,348,00:02:12,728.250,0,Venting,Not Run,OK,Not Run,On,19.716,0.275,14,724.826,763.889,876.736,260.417,13.919,On,50283,2.434,2.434,6,64,-9.375,-11.719,Closed,Not Run,Not Run,OK,On,Yes,35,8.740,Inactive,0.781,1.562,18.500,20.246,0,2,0,0
159,Park/Neutral,0.500,Off,7.875,6,98,Released,Yes,Inactive,Inactive,720,On,13.800,26,27.451,OK,344,00:02:12,712.750,0,Venting,Not Run,OK,Not Run,On,19.716,0.281,14,742.188,742.188,855.035,807.292,13.945,On,50283,2.494,2.449,6,64,-9.375,-11.719,Closed,Not Run,Not Run,OK,On,Yes,35,8.800,Inactive,0.781,1.562,18.500,20.383,0,2,0,0
160,Park/Neutral,0.500,Off,7.992,6,98,Released,Yes,Inactive,Inactive,720,On,13.800,26,27.843,OK,336,00:02:13,707.500,0,Venting,Not Run,OK,Not Run,On,19.716,0.274,14,43.403,733.507,855.035,794.271,13.945,On,50283,2.614,2.509,6,63,-9.375,-11.719,Closed,Not Run,Not Run,OK,On,Yes,35,8.860,Inactive,2.344,0,20.500,20.383,0,2,0,0
161,Park/Neutral,0.500,Off,8.102,6,98,Released,Yes,Inactive,Inactive,720,On,13.800,26,27.451,OK,344,00:02:13,733,0,Venting,Not Run,OK,Not Run,On,19.716,0.274,14,781.250,473.090,846.354,798.611,13.895,On,50283,2.509,2.404,6,64,-9.375,-11.719,Closed,Not Run,Not Run,OK,On,Yes,35,8.870,Inactive,2.344,0,18,20.246,0,2,0,0
162,Park/Neutral,0.500,Off,7.891,6,98,Released,Yes,Inactive,Inactive,720,On,13.800,26,27.843,OK,348,00:02:13,703.250,0,Venting,Not Run,OK,Not Run,On,19.716,0.277,14,750.868,447.049,776.910,781.250,13.870,On,50283,2.614,2.464,6,63,-9.375,-11.719,Closed,Not Run,Not Run,OK,On,Yes,35,8.830,Inactive,2.344,-0.781,20,20.383,0,2,0,0
