Row,Count Codes(Include History) [ACIS VSV],+BM Voltage [ACT VSV],2nd Air Monitor [Actuator Power Supply],2nd Air Monitor [AF Lambda (Bank1 Sensor1)],2nd Air Monitor CMPL [AF Lambda (Bank2 Sensor1)],2nd Air Monitor ENA [AFS Current (Bank1 Sensor1)],4WD Switch [AFS Current (Bank2 Sensor1)],AC Monitor [AFS Voltage (Bank1 Sensor1)],AC Monitor [AFS Voltage (Bank2 Sensor1)],AC Monitor CMPL [All Cylinders Misfire Count],AC Monitor ENA [Atmosphere Pressure],AC Signal [Av Engine Speed of All Cyl],Air/Fuel Heater Duty (Bank1 Sensor1) [Battery Voltage],Air/Fuel Heater Duty (Bank2 Sensor1) [Calculate Load],A/T Oil Temperature 1 [Cancel Switch],A/T Oil Temperature 2 [Catalyst Misfire CylinderCount1],Accel Fully Close Learn Count1 [Catalyst Misfire CylinderCount2],Accel Fully Close Learn Count2 [Catalyst Misfire CylinderCount3],Accel Sens. No.1 Volt % [Catalyst Misfire CylinderCount4],Accel Sens. No.2 Volt % [Catalyst Misfire CylinderCount5],Accel Sensor Out No.1 [Catalyst Misfire CylinderCount6],Accel Sensor Out No.2 [Catalyst Misfire History],Accelerator Idle Position [Catalyst Monitor],Accelerator Position [Catalyst Monitor]
1,0,14.277,Not Avl,Compl,Compl,Unable,ON,Not Avl,Compl,Compl,Unable,OFF,39.062,38.281,15.625,14.375,19.531,39.551,15.686,31.765,0.781,1.582,ON,0
2,OFF,ON,ON,0.996,0.993,-0.008,-0.027,3.283,3.254,0,97,51199.219,14.042,32.157,OFF,OFF,OFF,OFF,OFF,OFF,OFF,OFF,Avail,Incmpl
3,Incmpl,Enable,Avail,364.200,44.200,364.200,44.200,ON,Avail,Compl,Enable,25,0,0,0,0,0,0,6,A,0,0,Avail,Incmpl
4,Incmpl,Enable,OFF,OFF,46,1421,51199.219,51199.219,51199.219,51199.219,51199.219,51199.219,1GRFE ,0,Avail,Incmpl,Incmpl,Enable,0,OFF,OFF,OFF,OFF,ON
5,ON,Avail,Compl,Enable,Compl,CL,CL,Compl,Unable,Not Avl,Compl,Incmpl,Enable,OFF,0,21,384,ON,13.750,15,0.160,3207,13,21
6,-3,OFF,0,0,11.600,OFF,0,0,-3,Avail,Compl,Enable,0,GRN2#  ,2011,ON,0,Not Act,Not Act,0,0,0.015,0,21247.676
7,21247.676,Avail,Incmpl,Avail,Incmpl,Incmpl,Enable,OBD II (California ARB),OFF,OFF,0,0,OFF,0,OFF,1st,OFF,OFF,OFF,OFF,OFF,OFF,-6.250,-3.906
8,ON,OFF,1350,0,OFF,OFF,OFF,ON,Gasoline,1.055,OFF,OFF,0.684,ON,0.234,18.431,0,6,0.918,0.918,2.539,0.918,0.918,2.031
9,50.980,0,18.431,2,0,0,OFF,ECT 5th,NA,OFF,97.878,97.878,20.392,0,Not Avl,0,0,0,0,ON,ON,0,0,0
10,0,14.277,Not Avl,Compl,Compl,Unable,ON,Not Avl,Compl,Compl,Unable,OFF,39.062,38.281,16.875,14.375,19.531,39.551,15.686,31.765,0.781,1.582,ON,0
11,OFF,ON,ON,0.996,0.993,-0.008,-0.027,3.283,3.254,0,97,51199.219,14.042,32.157,OFF,OFF,OFF,OFF,OFF,OFF,OFF,OFF,Avail,Incmpl
12,Incmpl,Enable,Avail,364.200,44.200,364.200,44.200,ON,Avail,Compl,Enable,25,0,0,0,0,0,0,6,A,0,0,Avail,Incmpl
13,Incmpl,Enable,OFF,OFF,46,1421,51199.219,51199.219,51199.219,51199.219,51199.219,51199.219,1GRFE ,0,Avail,Incmpl,Incmpl,Enable,0,OFF,OFF,OFF,OFF,ON
14,ON,Avail,Compl,Enable,Compl,CL,CL,Compl,Unable,Not Avl,Compl,Incmpl,Enable,OFF,0,21,384,ON,13.750,15,0.160,3207,13,21
15,-3,OFF,0,0,11.600,OFF,0,0,-3,Avail,Compl,Enable,0,GRN2#  ,2011,ON,0,Not Act,Not Act,0,0,0.015,0,21247.676
16,21247.676,Avail,Incmpl,Avail,Incmpl,Incmpl,Enable,OBD II (California ARB),OFF,OFF,0,0,OFF,0,OFF,1st,OFF,OFF,OFF,OFF,OFF,OFF,-6.250,-3.906
17,ON,OFF,1350,0,OFF,OFF,OFF,ON,Gasoline,1.055,OFF,OFF,0.684,ON,0.234,18.431,0,6,0.918,0.918,2.539,0.918,0.918,2.031
18,50.980,0,18.431,2,0,0,OFF,ECT 5th,NA,OFF,97.878,97.878,20.392,0,Not Avl,0,0,0,0,ON,ON,0,0,0
19,0,14.277,Not Avl,Compl,Compl,Unable,ON,Not Avl,Compl,Compl,Unable,OFF,39.062,38.281,16.875,15,19.531,39.551,15.686,31.765,0.781,1.582,ON,0
20,OFF,ON,ON,0.996,0.993,-0.008,-0.027,3.283,3.254,0,97,51199.219,14.042,32.157,OFF,OFF,OFF,OFF,OFF,OFF,OFF,OFF,Avail,Incmpl
21,Incmpl,Enable,Avail,364.200,44.200,364.200,44.200,ON,Avail,Compl,Enable,25,0,0,0,0,0,0,6,A,0,0,Avail,Incmpl
22,Incmpl,Enable,OFF,OFF,46,1421,51199.219,51199.219,51199.219,51199.219,51199.219,51199.219,1GRFE ,0,Avail,Incmpl,Incmpl,Enable,0,OFF,OFF,OFF,OFF,ON
23,ON,Avail,Compl,Enable,Compl,CL,CL,Compl,Unable,Not Avl,Compl,Incmpl,Enable,OFF,0,21,384,ON,13.750,15,0.160,3207,13,21
24,-3,OFF,0,0,11.600,OFF,0,0,-3,Avail,Compl,Enable,0,GRN2#  ,2011,ON,0,Not Act,Not Act,0,0,0.015,0,21247.676
25,21247.676,Avail,Incmpl,Avail,Incmpl,Incmpl,Enable,OBD II (California ARB),OFF,OFF,0,0,OFF,0,OFF,1st,OFF,OFF,OFF,OFF,OFF,OFF,-6.250,-3.906
26,ON,OFF,1350,0,OFF,OFF,OFF,ON,Gasoline,1.055,OFF,OFF,0.684,ON,0.234,18.431,0,6,0.918,0.918,2.539,0.918,0.918,2.031
27,50.980,0,18.431,2,0,0,OFF,ECT 5th,NA,OFF,97.878,97.878,20.392,0,Not Avl,0,0,0,0,ON,ON,0,0,0
28,0,14.277,Not Avl,Compl,Compl,Unable,ON,Not Avl,Compl,Compl,Unable,OFF,39.062,38.281,16.875,15,19.531,39.551,15.686,31.765,0.781,1.582,ON,0
29,OFF,ON,ON,0.996,0.993,-0.008,-0.027,3.283,3.254,0,97,51199.219,14.042,32.157,OFF,OFF,OFF,OFF,OFF,OFF,OFF,OFF,Avail,Incmpl
30,Incmpl,Enable,Avail,364.200,44.200,364.200,44.200,ON,Avail,Compl,Enable,25,0,0,0,0,0,0,6,A,0,0,Avail,Incmpl
31,Incmpl,Enable,OFF,OFF,46,1421,51199.219,51199.219,51199.219,51199.219,51199.219,51199.219,1GRFE ,0,Avail,Incmpl,Incmpl,Enable,0,OFF,OFF,OFF,OFF,ON
32,ON,Avail,Compl,Enable,Compl,CL,CL,Compl,Unable,Not Avl,Compl,Incmpl,Enable,OFF,0,21,384,ON,13.750,15,0.160,3207,13,21
33,-3,OFF,0,0,11.600,OFF,0,0,-3,Avail,Compl,Enable,0,GRN2#  ,2011,ON,0,Not Act,Not Act,0,0,0.015,0,21247.676
34,21247.676,Avail,Incmpl,Avail,Incmpl,Incmpl,Enable,OBD II (California ARB),OFF,OFF,0,0,OFF,0,OFF,1st,OFF,OFF,OFF,OFF,OFF,OFF,-6.250,-3.906
35,ON,OFF,1350,0,OFF,OFF,OFF,ON,Gasoline,1.055,OFF,OFF,0.684,ON,0.234,18.431,0,6,0.918,0.918,2.539,0.918,0.918,2.031
36,50.980,0,18.431,2,0,0,OFF,ECT 5th,NA,OFF,97.878,97.878,20.392,0,Not Avl,0,0,0,0,ON,ON,0,0,0
37,0,14.277,Not Avl,Compl,Compl,Unable,ON,Not Avl,Compl,Compl,Unable,OFF,39.062,38.281,16.875,15,19.531,39.551,15.686,31.765,0.781,1.582,ON,0
38,OFF,ON,ON,0.996,0.993,-0.008,-0.027,3.283,3.254,0,97,51199.219,14.042,32.157,OFF,OFF,OFF,OFF,OFF,OFF,OFF,OFF,Avail,Incmpl
39,Incmpl,Enable,Avail,364.200,44.200,364.200,44.200,ON,Avail,Compl,Enable,25,0,0,0,0,0,0,6,A,0,0,Avail,Incmpl
40,Incmpl,Enable,OFF,OFF,46,1421,51199.219,51199.219,51199.219,51199.219,51199.219,51199.219,1GRFE ,0,Avail,Incmpl,Incmpl,Enable,0,OFF,OFF,OFF,OFF,ON
41,ON,Avail,Compl,Enable,Compl,CL,CL,Compl,Unable,Not Avl,Compl,Incmpl,Enable,OFF,0,21,384,ON,13.750,15,0.160,3207,13,21
42,-3,OFF,0,0,11.600,OFF,0,0,-3,Avail,Compl,Enable,0,GRN2#  ,2011,ON,0,Not Act,Not Act,0,0,0.015,0,21247.676
43,21247.676,Avail,Incmpl,Avail,Incmpl,Incmpl,Enable,OBD II (California ARB),OFF,OFF,0,0,OFF,0,OFF,1st,OFF,OFF,OFF,OFF,OFF,OFF,-6.250,-3.906
44,ON,OFF,1350,0,OFF,OFF,OFF,ON,Gasoline,1.055,OFF,OFF,0.684,ON,0.234,18.431,0,6,0.918,0.918,2.539,0.918,0.918,2.031
45,50.980,0,18.431,2,0,0,OFF,ECT 5th,NA,OFF,97.878,97.878,20.392,0,Not Avl,0,0,0,0,ON,ON,0,0,0
46,0,14.277,Not Avl,Compl,Compl,Unable,ON,Not Avl,Compl,Compl,Unable,OFF,39.062,38.281,16.875,15,19.531,39.551,15.686,31.765,0.781,1.582,ON,0
47,OFF,ON,ON,0.996,0.993,-0.008,-0.027,3.283,3.254,0,97,51199.219,14.042,32.157,OFF,OFF,OFF,OFF,OFF,OFF,OFF,OFF,Avail,Incmpl
48,Incmpl,Enable,Avail,364.200,44.200,364.200,44.200,ON,Avail,Compl,Enable,25,0,0,0,0,0,0,6,A,0,0,Avail,Incmpl
49,Incmpl,Enable,OFF,OFF,46,1421,51199.219,51199.219,51199.219,51199.219,51199.219,51199.219,1GRFE ,0,Avail,Incmpl,Incmpl,Enable,0,OFF,OFF,OFF,OFF,ON
50,ON,Avail,Compl,Enable,Compl,CL,CL,Compl,Unable,Not Avl,Compl,Incmpl,Enable,OFF,0,21,384,ON,13.750,15,0.160,3207,13,21
51,-3,OFF,0,0,11.600,OFF,0,0,-3,Avail,Compl,Enable,0,GRN2#  ,2011,ON,0,Not Act,Not Act,0,0,0.015,0,21247.676
52,21247.676,Avail,Incmpl,Avail,Incmpl,Incmpl,Enable,OBD II (California ARB),OFF,OFF,0,0,OFF,0,OFF,1st,OFF,OFF,OFF,OFF,OFF,OFF,-6.250,-3.906
53,ON,OFF,1350,0,OFF,OFF,OFF,ON,Gasoline,1.055,OFF,OFF,0.684,ON,0.234,18.431,0,6,0.918,0.918,2.539,0.918,0.918,2.031
54,50.980,0,18.431,2,0,0,OFF,ECT 5th,NA,OFF,97.878,97.878,20.392,0,Not Avl,0,0,0,0,ON,ON,0,0,0
55,0,14.277,Not Avl,Compl,Compl,Unable,ON,Not Avl,Compl,Compl,Unable,OFF,39.062,38.281,16.875,15,19.531,39.551,15.686,31.765,0.781,1.582,ON,0
56,OFF,ON,ON,0.996,0.993,-0.008,-0.027,3.283,3.254,0,97,51199.219,14.042,32.157,OFF,OFF,OFF,OFF,OFF,OFF,OFF,OFF,Avail,Incmpl
57,Incmpl,Enable,Avail,364.200,44.200,364.200,44.200,ON,Avail,Compl,Enable,25,0,0,0,0,0,0,6,A,0,0,Avail,Incmpl
58,Incmpl,Enable,OFF,OFF,46,1421,51199.219,51199.219,51199.219,51199.219,51199.219,51199.219,1GRFE ,0,Avail,Incmpl,Incmpl,Enable,0,OFF,OFF,OFF,OFF,ON
59,ON,Avail,Compl,Enable,Compl,CL,CL,Compl,Unable,Not Avl,Compl,Incmpl,Enable,OFF,0,21,384,ON,13.750,15,0.160,3207,13,21
60,-3,OFF,0,0,11.600,OFF,0,0,-3,Avail,Compl,Enable,0,GRN2#  ,2011,ON,0,Not Act,Not Act,0,0,0.015,0,21247.676
61,21247.676,Avail,Incmpl,Avail,Incmpl,Incmpl,Enable,OBD II (California ARB),OFF,OFF,0,0,OFF,0,OFF,1st,OFF,OFF,OFF,OFF,OFF,OFF,-6.250,-3.906
62,ON,OFF,1350,0,OFF,OFF,OFF,ON,Gasoline,1.055,OFF,OFF,0.684,ON,0.234,18.431,0,6,0.918,0.918,2.539,0.918,0.918,2.031
63,50.980,0,18.431,2,0,0,OFF,ECT 5th,NA,OFF,97.878,97.878,20.392,0,Not Avl,0,0,0,0,ON,ON,0,0,0
64,0,14.277,Not Avl,Compl,Compl,Unable,ON,Not Avl,Compl,Compl,Unable,OFF,39.062,38.281,16.875,15,19.531,39.551,15.686,31.765,0.781,1.582,ON,0
65,OFF,ON,ON,0.996,0.993,-0.008,-0.027,3.283,3.254,0,97,51199.219,14.042,32.157,OFF,OFF,OFF,OFF,OFF,OFF,OFF,OFF,Avail,Incmpl
66,Incmpl,Enable,Avail,364.200,44.200,364.200,44.200,ON,Avail,Compl,Enable,25,0,0,0,0,0,0,6,A,0,0,Avail,Incmpl
67,Incmpl,Enable,OFF,OFF,46,1421,51199.219,51199.219,51199.219,51199.219,51199.219,51199.219,1GRFE ,0,Avail,Incmpl,Incmpl,Enable,0,OFF,OFF,OFF,OFF,ON
68,ON,Avail,Compl,Enable,Compl,CL,CL,Compl,Unable,Not Avl,Compl,Incmpl,Enable,OFF,0,21,384,ON,13.750,15,0.160,3207,13,21
69,-3,OFF,0,0,11.600,OFF,0,0,-3,Avail,Compl,Enable,0,GRN2#  ,2011,ON,0,Not Act,Not Act,0,0,0.015,0,21247.676
70,21247.676,Avail,Incmpl,Avail,Incmpl,Incmpl,Enable,OBD II (California ARB),OFF,OFF,0,0,OFF,0,OFF,1st,OFF,OFF,OFF,OFF,OFF,OFF,-6.250,-3.906
71,ON,OFF,1350,0,OFF,OFF,OFF,ON,Gasoline,1.055,OFF,OFF,0.684,ON,0.234,18.431,0,6,0.918,0.918,2.539,0.918,0.918,2.031
72,50.980,0,18.431,2,0,0,OFF,ECT 5th,NA,OFF,97.878,97.878,20.392,0,Not Avl,0,0,0,0,ON,ON,0,0,0
73,0,14.277,Not Avl,Compl,Compl,Unable,ON,Not Avl,Compl,Compl,Unable,OFF,39.062,38.281,16.875,15,19.531,39.551,15.686,31.765,0.781,1.582,ON,0
74,OFF,ON,ON,0.996,0.993,-0.008,-0.027,3.283,3.254,0,97,51199.219,14.042,32.157,OFF,OFF,OFF,OFF,OFF,OFF,OFF,OFF,Avail,Incmpl
75,Incmpl,Enable,Avail,364.200,44.200,364.200,44.200,ON,Avail,Compl,Enable,25,0,0,0,0,0,0,6,A,0,0,Avail,Incmpl
76,Incmpl,Enable,OFF,OFF,46,1421,51199.219,51199.219,51199.219,51199.219,51199.219,51199.219,1GRFE ,0,Avail,Incmpl,Incmpl,Enable,0,OFF,OFF,OFF,OFF,ON
77,ON,Avail,Compl,Enable,Compl,CL,CL,Compl,Unable,Not Avl,Compl,Incmpl,Enable,OFF,0,21,384,ON,13.750,15,0.160,3207,13,21
78,-3,OFF,0,0,11.600,OFF,0,0,-3,Avail,Compl,Enable,0,GRN2#  ,2011,ON,0,Not Act,Not Act,0,0,0.015,0,21247.676
79,21247.676,Avail,Incmpl,Avail,Incmpl,Incmpl,Enable,OBD II (California ARB),OFF,OFF,0,0,OFF,0,OFF,1st,OFF,OFF,OFF,OFF,OFF,OFF,-6.250,-3.906
80,ON,OFF,1350,0,OFF,OFF,OFF,ON,Gasoline,1.055,OFF,OFF,0.684,ON,0.234,18.431,0,6,0.918,0.918,2.539,0.918,0.918,2.031
81,50.980,0,18.431,2,0,0,OFF,ECT 5th,NA,OFF,97.878,97.878,20.392,0,Not Avl,0,0,0,0,ON,ON,0,0,0
82,0,14.277,Not Avl,Compl,Compl,Unable,ON,Not Avl,Compl,Compl,Unable,OFF,39.062,38.281,16.875,15,19.531,39.551,15.686,31.765,0.781,1.582,ON,0
83,OFF,ON,ON,0.996,0.993,-0.008,-0.027,3.283,3.254,0,97,51199.219,14.042,32.157,OFF,OFF,OFF,OFF,OFF,OFF,OFF,OFF,Avail,Incmpl
84,Incmpl,Enable,Avail,364.200,44.200,364.200,44.200,ON,Avail,Compl,Enable,25,0,0,0,0,0,0,6,A,0,0,Avail,Incmpl
85,Incmpl,Enable,OFF,OFF,46,1421,51199.219,51199.219,51199.219,51199.219,51199.219,51199.219,1GRFE ,0,Avail,Incmpl,Incmpl,Enable,0,OFF,OFF,OFF,OFF,ON
86,ON,Avail,Compl,Enable,Compl,CL,CL,Compl,Unable,Not Avl,Compl,Incmpl,Enable,OFF,0,21,384,ON,13.750,15,0.160,3207,13,21
87,-3,OFF,0,0,11.600,OFF,0,0,-3,Avail,Compl,Enable,0,GRN2#  ,2011,ON,0,Not Act,Not Act,0,0,0.015,0,21247.676
88,21247.676,Avail,Incmpl,Avail,Incmpl,Incmpl,Enable,OBD II (California ARB),OFF,OFF,0,0,OFF,0,OFF,1st,OFF,OFF,OFF,OFF,OFF,OFF,-6.250,-3.906
89,ON,OFF,1350,0,OFF,OFF,OFF,ON,Gasoline,1.055,OFF,OFF,0.684,ON,0.234,18.431,0,6,0.918,0.918,2.539,0.918,0.918,2.031
90,50.980,0,18.431,2,0,0,OFF,ECT 5th,NA,OFF,97.878,97.878,20.392,0,Not Avl,0,0,0,0,ON,ON,0,0,0
91,0,14.277,Not Avl,Compl,Compl,Unable,ON,Not Avl,Compl,Compl,Unable,OFF,39.062,38.281,16.875,15,19.531,39.551,15.686,31.765,0.781,1.582,ON,0
92,OFF,ON,ON,0.996,0.993,-0.008,-0.027,3.283,3.254,0,97,51199.219,14.042,32.157,OFF,OFF,OFF,OFF,OFF,OFF,OFF,OFF,Avail,Incmpl
93,Incmpl,Enable,Avail,364.200,44.200,364.200,44.200,ON,Avail,Compl,Enable,25,0,0,0,0,0,0,6,A,0,0,Avail,Incmpl
94,Incmpl,Enable,OFF,OFF,46,1421,51199.219,51199.219,51199.219,51199.219,51199.219,51199.219,1GRFE ,0,Avail,Incmpl,Incmpl,Enable,0,OFF,OFF,OFF,OFF,ON
95,ON,Avail,Compl,Enable,Compl,CL,CL,Compl,Unable,Not Avl,Compl,Incmpl,Enable,OFF,0,21,384,ON,13.750,15,0.160,3207,13,21
96,-3,OFF,0,0,11.600,OFF,0,0,-3,Avail,Compl,Enable,0,GRN2#  ,2011,ON,0,Not Act,Not Act,0,0,0.015,0,21247.676
97,21247.676,Avail,Incmpl,Avail,Incmpl,Incmpl,Enable,OBD II (California ARB),OFF,OFF,0,0,OFF,0,OFF,1st,OFF,OFF,OFF,OFF,OFF,OFF,-6.250,-3.906
98,ON,OFF,1350,0,OFF,OFF,OFF,ON,Gasoline,1.055,OFF,OFF,0.684,ON,0.234,18.431,0,6,0.918,0.918,2.539,0.918,0.918,2.031
99,50.980,0,18.431,2,0,0,OFF,ECT 5th,NA,OFF,97.878,97.878,20.392,0,Not Avl,0,0,0,0,ON,ON,0,0,0
100,0,14.277,Not Avl,Compl,Compl,Unable,ON,Not Avl,Compl,Compl,Unable,OFF,39.062,38.281,16.875,15,19.531,39.551,15.686,31.765,0.781,1.582,ON,0
101,OFF,ON,ON,0.996,0.993,-0.008,-0.027,3.283,3.254,0,97,51199.219,14.042,32.157,OFF,OFF,OFF,OFF,OFF,OFF,OFF,OFF,Avail,Incmpl
102,Incmpl,Enable,Avail,364.200,44.200,364.200,44.200,ON,Avail,Compl,Enable,25,0,0,0,0,0,0,6,A,0,0,Avail,Incmpl
103,Incmpl,Enable,OFF,OFF,46,1421,51199.219,51199.219,51199.219,51199.219,51199.219,51199.219,1GRFE ,0,Avail,Incmpl,Incmpl,Enable,0,OFF,OFF,OFF,OFF,ON
104,ON,Avail,Compl,Enable,Compl,CL,CL,Compl,Unable,Not Avl,Compl,Incmpl,Enable,OFF,0,21,384,ON,13.750,15,0.160,3207,13,21
105,-3,OFF,0,0,11.600,OFF,0,0,-3,Avail,Compl,Enable,0,GRN2#  ,2011,ON,0,Not Act,Not Act,0,0,0.015,0,21247.676
106,21247.676,Avail,Incmpl,Avail,Incmpl,Incmpl,Enable,OBD II (California ARB),OFF,OFF,0,0,OFF,0,OFF,1st,OFF,OFF,OFF,OFF,OFF,OFF,-6.250,-3.906
107,ON,OFF,1350,0,OFF,OFF,OFF,ON,Gasoline,1.055,OFF,OFF,0.684,ON,0.234,18.431,0,6,0.918,0.918,2.539,0.918,0.918,2.031
108,50.980,0,18.431,2,0,0,OFF,ECT 5th,NA,OFF,97.878,97.878,20.392,0,Not Avl,0,0,0,0,ON,ON,0,0,0
109,0,14.277,Not Avl,Compl,Compl,Unable,ON,Not Avl,Compl,Compl,Unable,OFF,39.062,38.281,16.875,15,19.531,39.551,15.686,31.765,0.781,1.582,ON,0
110,OFF,ON,ON,0.996,0.993,-0.008,-0.027,3.283,3.254,0,97,51199.219,14.042,32.157,OFF,OFF,OFF,OFF,OFF,OFF,OFF,OFF,Avail,Incmpl
111,Incmpl,Enable,Avail,364.200,44.200,364.200,44.200,ON,Avail,Compl,Enable,25,0,0,0,0,0,0,6,A,0,0,Avail,Incmpl
112,Incmpl,Enable,OFF,OFF,46,1421,51199.219,51199.219,51199.219,51199.219,51199.219,51199.219,1GRFE ,0,Avail,Incmpl,Incmpl,Enable,0,OFF,OFF,OFF,OFF,ON
113,ON,Avail,Compl,Enable,Compl,CL,CL,Compl,Unable,Not Avl,Compl,Incmpl,Enable,OFF,0,21,384,ON,13.750,15,0.160,3207,13,21
114,-3,OFF,0,0,11.600,OFF,0,0,-3,Avail,Compl,Enable,0,GRN2#  ,2011,ON,0,Not Act,Not Act,0,0,0.015,0,21247.676
115,21247.676,Avail,Incmpl,Avail,Incmpl,Incmpl,Enable,OBD II (California ARB),OFF,OFF,0,0,OFF,0,OFF,1st,OFF,OFF,OFF,OFF,OFF,OFF,-6.250,-3.906
116,ON,OFF,1350,0,OFF,OFF,OFF,ON,Gasoline,1.055,OFF,OFF,0.684,ON,0.234,18.431,0,6,0.918,0.918,2.539,0.918,0.918,2.031
117,50.980,0,18.431,2,0,0,OFF,ECT 5th,NA,OFF,97.878,97.878,20.392,0,Not Avl,0,0,0,0,ON,ON,0,0,0
118,0,14.277,Not Avl,Compl,Compl,Unable,ON,Not Avl,Compl,Compl,Unable,OFF,39.062,38.281,16.875,15,19.531,39.551,15.686,31.765,0.781,1.582,ON,0
119,OFF,ON,ON,0.996,0.993,-0.008,-0.027,3.283,3.254,0,97,51199.219,14.042,32.157,OFF,OFF,OFF,OFF,OFF,OFF,OFF,OFF,Avail,Incmpl
120,Incmpl,Enable,Avail,364.200,44.200,364.200,44.200,ON,Avail,Compl,Enable,25,0,0,0,0,0,0,6,A,0,0,Avail,Incmpl
121,Incmpl,Enable,OFF,OFF,46,1421,51199.219,51199.219,51199.219,51199.219,51199.219,51199.219,1GRFE ,0,Avail,Incmpl,Incmpl,Enable,0,OFF,OFF,OFF,OFF,ON
122,ON,Avail,Compl,Enable,Compl,CL,CL,Compl,Unable,Not Avl,Compl,Incmpl,Enable,OFF,0,21,384,ON,13.750,15,0.160,3207,13,21
123,-3,OFF,0,0,11.600,OFF,0,0,-3,Avail,Compl,Enable,0,GRN2#  ,2011,ON,0,Not Act,Not Act,0,0,0.015,0,21247.676
124,21247.676,Avail,Incmpl,Avail,Incmpl,Incmpl,Enable,OBD II (California ARB),OFF,OFF,0,0,OFF,0,OFF,1st,OFF,OFF,OFF,OFF,OFF,OFF,-6.250,-3.906
125,ON,OFF,1350,0,OFF,OFF,OFF,ON,Gasoline,1.055,OFF,OFF,0.684,ON,0.234,18.431,0,6,0.918,0.918,2.539,0.918,0.918,2.031
126,50.980,0,18.431,2,0,0,OFF,ECT 5th,NA,OFF,97.878,97.878,20.392,0,Not Avl,0,0,0,0,ON,ON,0,0,0
127,0,14.277,Not Avl,Compl,Compl,Unable,ON,Not Avl,Compl,Compl,Unable,OFF,39.062,38.281,16.875,15,19.531,39.551,15.686,31.765,0.781,1.582,ON,0
128,OFF,ON,ON,0.996,0.993,-0.008,-0.027,3.283,3.254,0,97,51199.219,14.042,32.157,OFF,OFF,OFF,OFF,OFF,OFF,OFF,OFF,Avail,Incmpl
129,Incmpl,Enable,Avail,364.200,44.200,364.200,44.200,ON,Avail,Compl,Enable,25,0,0,0,0,0,0,6,A,0,0,Avail,Incmpl
130,Incmpl,Enable,OFF,OFF,46,1421,51199.219,51199.219,51199.219,51199.219,51199.219,51199.219,1GRFE ,0,Avail,Incmpl,Incmpl,Enable,0,OFF,OFF,OFF,OFF,ON
131,ON,Avail,Compl,Enable,Compl,CL,CL,Compl,Unable,Not Avl,Compl,Incmpl,Enable,OFF,0,21,384,ON,13.750,15,0.160,3207,13,21
132,-3,OFF,0,0,11.600,OFF,0,0,-3,Avail,Compl,Enable,0,GRN2#  ,2011,ON,0,Not Act,Not Act,0,0,0.015,0,21247.676
133,21247.676,Avail,Incmpl,Avail,Incmpl,Incmpl,Enable,OBD II (California ARB),OFF,OFF,0,0,OFF,0,OFF,1st,OFF,OFF,OFF,OFF,OFF,OFF,-6.250,-3.906
134,ON,OFF,1350,0,OFF,OFF,OFF,ON,Gasoline,1.055,OFF,OFF,0.684,ON,0.234,18.431,0,6,0.918,0.918,2.539,0.918,0.918,2.031
135,50.980,0,18.431,2,0,0,OFF,ECT 5th,NA,OFF,97.878,97.878,20.392,0,Not Avl,0,0,0,0,ON,ON,0,0,0
136,0,14.277,Not Avl,Compl,Compl,Unable,ON,Not Avl,Compl,Compl,Unable,OFF,39.062,38.281,16.875,15,19.531,39.551,15.686,31.765,0.781,1.582,ON,0
137,OFF,ON,ON,0.996,0.988,-0.008,-0.027,3.283,3.254,0,97,51199.219,14.042,32.157,OFF,OFF,OFF,OFF,OFF,OFF,OFF,OFF,Avail,Incmpl
138,Incmpl,Enable,Avail,364.200,44.200,364.200,44.200,ON,Avail,Compl,Enable,25,0,0,0,0,0,0,6,A,0,0,Avail,Incmpl
139,Incmpl,Enable,OFF,OFF,46,1421,51199.219,51199.219,51199.219,51199.219,51199.219,51199.219,1GRFE ,0,Avail,Incmpl,Incmpl,Enable,0,OFF,OFF,OFF,OFF,ON
140,ON,Avail,Compl,Enable,Compl,CL,CL,Compl,Unable,Not Avl,Compl,Incmpl,Enable,OFF,0,21,384,ON,13.750,15,0.160,3207,13,21
141,-3,OFF,0,0,11.600,OFF,0,0,-3,Avail,Compl,Enable,0,GRN2#  ,2011,ON,0,Not Act,Not Act,0,0,0.015,0,21247.676
142,21247.676,Avail,Incmpl,Avail,Incmpl,Incmpl,Enable,OBD II (California ARB),OFF,OFF,0,0,OFF,0,OFF,1st,OFF,OFF,OFF,OFF,OFF,OFF,-6.250,-3.906
143,ON,OFF,1350,0,OFF,OFF,OFF,ON,Gasoline,1.055,OFF,OFF,0.684,ON,0.234,18.431,0,6,0.918,0.918,2.539,0.918,0.918,2.031
144,50.980,0,18.431,2,0,0,OFF,ECT 5th,NA,OFF,97.878,97.878,20.392,0,Not Avl,0,0,0,0,ON,ON,0,0,0
145,0,14.277,Not Avl,Compl,Compl,Unable,ON,Not Avl,Compl,Compl,Unable,OFF,39.062,38.281,16.875,15,19.531,39.551,15.686,31.765,0.781,1.582,ON,0
146,OFF,ON,ON,0.996,0.988,-0.027,-0.027,3.283,3.254,0,97,51199.219,14.042,32.157,OFF,OFF,OFF,OFF,OFF,OFF,OFF,OFF,Avail,Incmpl
147,Incmpl,Enable,Avail,364.200,44.200,364.200,44.200,ON,Avail,Compl,Enable,25,0,0,0,0,0,0,6,A,0,0,Avail,Incmpl
148,Incmpl,Enable,OFF,OFF,46,1421,51199.219,51199.219,51199.219,51199.219,51199.219,51199.219,1GRFE ,0,Avail,Incmpl,Incmpl,Enable,0,OFF,OFF,OFF,OFF,ON
149,ON,Avail,Compl,Enable,Compl,CL,CL,Compl,Unable,Not Avl,Compl,Incmpl,Enable,OFF,0,21,384,ON,13.750,15,0.160,3207,13,21
150,-3,OFF,0,0,11.600,OFF,0,0,-3,Avail,Compl,Enable,0,GRN2#  ,2011,ON,0,Not Act,Not Act,0,0,0.015,0,21247.676
151,21247.676,Avail,Incmpl,Avail,Incmpl,Incmpl,Enable,OBD II (California ARB),OFF,OFF,0,0,OFF,0,OFF,1st,OFF,OFF,OFF,OFF,OFF,OFF,-6.250,-3.906
152,ON,OFF,1350,0,OFF,OFF,OFF,ON,Gasoline,1.055,OFF,OFF,0.684,ON,0.234,18.431,0,6,0.918,0.918,2.539,0.918,0.918,2.031
153,50.980,0,18.431,2,0,0,OFF,ECT 5th,NA,OFF,97.878,97.878,20.392,0,Not Avl,0,0,0,0,ON,ON,0,0,0
154,0,14.277,Not Avl,Compl,Compl,Unable,ON,Not Avl,Compl,Compl,Unable,OFF,39.062,38.281,16.875,15,19.531,39.551,15.686,31.765,0.781,1.582,ON,0
155,OFF,ON,ON,0.996,0.988,-0.027,-0.062,3.283,3.254,0,97,51199.219,14.042,32.157,OFF,OFF,OFF,OFF,OFF,OFF,OFF,OFF,Avail,Incmpl
156,Incmpl,Enable,Avail,364.200,44.200,364.200,44.200,ON,Avail,Compl,Enable,25,0,0,0,0,0,0,6,A,0,0,Avail,Incmpl
157,Incmpl,Enable,OFF,OFF,46,1421,51199.219,51199.219,51199.219,51199.219,51199.219,51199.219,1GRFE ,0,Avail,Incmpl,Incmpl,Enable,0,OFF,OFF,OFF,OFF,ON
158,ON,Avail,Compl,Enable,Compl,CL,CL,Compl,Unable,Not Avl,Compl,Incmpl,Enable,OFF,0,21,384,ON,13.750,15,0.160,3207,13,21
159,-3,OFF,0,0,11.600,OFF,0,0,-3,Avail,Compl,Enable,0,GRN2#  ,2011,ON,0,Not Act,Not Act,0,0,0.015,0,21247.676
160,21247.676,Avail,Incmpl,Avail,Incmpl,Incmpl,Enable,OBD II (California ARB),OFF,OFF,0,0,OFF,0,OFF,1st,OFF,OFF,OFF,OFF,OFF,OFF,-6.250,-3.906
161,ON,OFF,1350,0,OFF,OFF,OFF,ON,Gasoline,1.055,OFF,OFF,0.684,ON,0.234,18.431,0,6,0.918,0.918,2.539,0.918,0.918,2.031
162,50.980,0,18.431,2,0,0,OFF,ECT 5th,NA,OFF,97.878,97.878,20.392,0,Not Avl,0,0,0,0,ON,ON,0,0,0
163,0,14.277,Not Avl,Compl,Compl,Unable,ON,Not Avl,Compl,Compl,Unable,OFF,39.062,38.281,16.875,15,19.531,39.551,15.686,31.765,0.781,1.582,ON,0
164,OFF,ON,ON,0.996,0.988,-0.027,-0.062,3.269,3.254,0,97,51199.219,14.042,32.157,OFF,OFF,OFF,OFF,OFF,OFF,OFF,OFF,Avail,Incmpl
165,Incmpl,Enable,Avail,364.200,44.200,364.200,44.200,ON,Avail,Compl,Enable,25,0,0,0,0,0,0,6,A,0,0,Avail,Incmpl
166,Incmpl,Enable,OFF,OFF,46,1421,51199.219,51199.219,51199.219,51199.219,51199.219,51199.219,1GRFE ,0,Avail,Incmpl,Incmpl,Enable,0,OFF,OFF,OFF,OFF,ON
167,ON,Avail,Compl,Enable,Compl,CL,CL,Compl,Unable,Not Avl,Compl,Incmpl,Enable,OFF,0,21,384,ON,13.750,15,0.160,3207,13,21
168,-3,OFF,0,0,11.600,OFF,0,0,-3,Avail,Compl,Enable,0,GRN2#  ,2011,ON,0,Not Act,Not Act,0,0,0.015,0,21247.676
169,21247.676,Avail,Incmpl,Avail,Incmpl,Incmpl,Enable,OBD II (California ARB),OFF,OFF,0,0,OFF,0,OFF,1st,OFF,OFF,OFF,OFF,OFF,OFF,-6.250,-3.906
170,ON,OFF,1350,0,OFF,OFF,OFF,ON,Gasoline,1.055,OFF,OFF,0.684,ON,0.234,18.431,0,6,0.918,0.918,2.539,0.918,0.918,2.031
171,50.980,0,18.431,2,0,0,OFF,ECT 5th,NA,OFF,97.878,97.878,20.392,0,Not Avl,0,0,0,0,ON,ON,0,0,0
172,0,14.277,Not Avl,Compl,Compl,Unable,ON,Not Avl,Compl,Compl,Unable,OFF,39.062,38.281,16.875,15,19.531,39.551,15.686,31.765,0.781,1.582,ON,0
173,OFF,ON,ON,0.996,0.988,-0.027,-0.062,3.269,3.308,0,97,51199.219,14.042,32.157,OFF,OFF,OFF,OFF,OFF,OFF,OFF,OFF,Avail,Incmpl
174,Incmpl,Enable,Avail,364.200,44.200,364.200,44.200,ON,Avail,Compl,Enable,25,0,0,0,0,0,0,6,A,0,0,Avail,Incmpl
175,Incmpl,Enable,OFF,OFF,46,1421,51199.219,51199.219,51199.219,51199.219,51199.219,51199.219,1GRFE ,0,Avail,Incmpl,Incmpl,Enable,0,OFF,OFF,OFF,OFF,ON
176,ON,Avail,Compl,Enable,Compl,CL,CL,Compl,Unable,Not Avl,Compl,Incmpl,Enable,OFF,0,21,384,ON,13.750,15,0.160,3207,13,21
177,-3,OFF,0,0,11.600,OFF,0,0,-3,Avail,Compl,Enable,0,GRN2#  ,2011,ON,0,Not Act,Not Act,0,0,0.015,0,21247.676
178,21247.676,Avail,Incmpl,Avail,Incmpl,Incmpl,Enable,OBD II (California ARB),OFF,OFF,0,0,OFF,0,OFF,1st,OFF,OFF,OFF,OFF,OFF,OFF,-6.250,-3.906
179,ON,OFF,1350,0,OFF,OFF,OFF,ON,Gasoline,1.055,OFF,OFF,0.684,ON,0.234,18.431,0,6,0.918,0.918,2.539,0.918,0.918,2.031
180,50.980,0,18.431,2,0,0,OFF,ECT 5th,NA,OFF,97.878,97.878,20.392,0,Not Avl,0,0,0,0,ON,ON,0,0,0
181,0,14.277,Not Avl,Compl,Compl,Unable,ON,Not Avl,Compl,Compl,Unable,OFF,39.062,38.281,16.875,15,19.531,39.551,15.686,31.765,0.781,1.582,ON,0
182,OFF,ON,ON,0.996,0.988,-0.027,-0.062,3.269,3.308,0,97,51199.219,14.042,32.157,OFF,OFF,OFF,OFF,OFF,OFF,OFF,OFF,Avail,Incmpl
183,Incmpl,Enable,Avail,364.200,44.200,364.200,44.200,ON,Avail,Compl,Enable,25,0,0,0,0,0,0,6,A,0,0,Avail,Incmpl
184,Incmpl,Enable,OFF,OFF,46,1421,51199.219,51199.219,51199.219,51199.219,51199.219,51199.219,1GRFE ,0,Avail,Incmpl,Incmpl,Enable,0,OFF,OFF,OFF,OFF,ON
185,ON,Avail,Compl,Enable,Compl,CL,CL,Compl,Unable,Not Avl,Compl,Incmpl,Enable,OFF,0,21,384,ON,13.750,15,0.160,3207,13,21
186,-3,OFF,0,0,11.600,OFF,0,0,-3,Avail,Compl,Enable,0,GRN2#  ,2011,ON,0,Not Act,Not Act,0,0,0.015,0,21247.676
187,21247.676,Avail,Incmpl,Avail,Incmpl,Incmpl,Enable,OBD II (California ARB),OFF,OFF,0,0,OFF,0,OFF,1st,OFF,OFF,OFF,OFF,OFF,OFF,-6.250,-3.906
188,ON,OFF,1350,0,OFF,OFF,OFF,ON,Gasoline,1.055,OFF,OFF,0.684,ON,0.234,18.431,0,6,0.918,0.918,2.539,0.918,0.918,2.031
189,50.980,0,18.431,2,0,0,OFF,ECT 5th,NA,OFF,97.878,97.878,20.392,0,Not Avl,0,0,0,0,ON,ON,0,0,0
190,0,14.277,Not Avl,Compl,Compl,Unable,ON,Not Avl,Compl,Compl,Unable,OFF,39.062,38.281,16.875,15,19.531,39.551,15.686,31.765,0.781,1.582,ON,0
191,OFF,ON,ON,0.996,0.988,-0.027,-0.062,3.269,3.308,0,97,51199.219,14.042,32.157,OFF,OFF,OFF,OFF,OFF,OFF,OFF,OFF,Avail,Incmpl
192,Incmpl,Enable,Avail,364.200,44.200,364.200,44.200,ON,Avail,Compl,Enable,25,0,0,0,0,0,0,6,A,0,0,Avail,Incmpl
193,Incmpl,Enable,OFF,OFF,46,1421,51199.219,51199.219,51199.219,51199.219,51199.219,51199.219,1GRFE ,0,Avail,Incmpl,Incmpl,Enable,0,OFF,OFF,OFF,OFF,ON
194,ON,Avail,Compl,Enable,Compl,CL,CL,Compl,Unable,Not Avl,Compl,Incmpl,Enable,OFF,0,21,384,ON,13.750,15,0.160,3207,13,21
195,-3,OFF,0,0,11.600,OFF,0,0,-3,Avail,Compl,Enable,0,GRN2#  ,2011,ON,0,Not Act,Not Act,0,0,0.015,0,21247.676
196,21247.676,Avail,Incmpl,Avail,Incmpl,Incmpl,Enable,OBD II (California ARB),OFF,OFF,0,0,OFF,0,OFF,1st,OFF,OFF,OFF,OFF,OFF,OFF,-6.250,-3.906
197,ON,OFF,1350,0,OFF,OFF,OFF,ON,Gasoline,1.055,OFF,OFF,0.684,ON,0.234,18.431,0,6,0.918,0.918,2.539,0.918,0.918,2.031
198,50.980,0,18.431,2,0,0,OFF,ECT 5th,NA,OFF,97.878,97.878,20.392,0,Not Avl,0,0,0,0,ON,ON,0,0,0
199,0,14.277,Not Avl,Compl,Compl,Unable,ON,Not Avl,Compl,Compl,Unable,OFF,39.062,38.281,16.875,15,19.531,39.551,15.686,31.765,0.781,1.582,ON,0
200,OFF,ON,ON,0.996,0.988,-0.027,-0.062,3.269,3.308,0,97,51199.219,14.042,32.157,OFF,OFF,OFF,OFF,OFF,OFF,OFF,OFF,Avail,Incmpl
201,Incmpl,Enable,Avail,364.200,44.200,364.200,44.200,ON,Avail,Compl,Enable,25,0,0,0,0,0,0,6,A,0,0,Avail,Incmpl
202,Incmpl,Enable,OFF,OFF,46,1421,51199.219,51199.219,51199.219,51199.219,51199.219,51199.219,1GRFE ,0,Avail,Incmpl,Incmpl,Enable,0,OFF,OFF,OFF,OFF,ON
203,ON,Avail,Compl,Enable,Compl,CL,CL,Compl,Unable,Not Avl,Compl,Incmpl,Enable,OFF,0,21,384,ON,13.750,15,0.160,3207,13,21
204,-3,OFF,0,0,11.600,OFF,0,0,-3,Avail,Compl,Enable,0,GRN2#  ,2011,ON,0,Not Act,Not Act,0,0,0.015,0,21247.676
205,21247.676,Avail,Incmpl,Avail,Incmpl,Incmpl,Enable,OBD II (California ARB),OFF,OFF,0,0,OFF,0,OFF,1st,OFF,OFF,OFF,OFF,OFF,OFF,-6.250,-3.906
206,ON,OFF,1350,0,OFF,OFF,OFF,ON,Gasoline,1.055,OFF,OFF,0.684,ON,0.234,18.431,0,6,0.918,0.918,2.539,0.918,0.918,2.031
207,50.980,0,18.431,2,0,0,OFF,ECT 5th,NA,OFF,97.878,97.878,20.392,0,Not Avl,0,0,0,0,ON,ON,0,0,0
208,0,14.277,Not Avl,Compl,Compl,Unable,ON,Not Avl,Compl,Compl,Unable,OFF,39.062,38.281,16.875,15,19.531,39.551,15.686,31.765,0.781,1.582,ON,0
209,OFF,ON,ON,0.996,0.988,-0.027,-0.062,3.269,3.308,0,97,51199.219,14.042,32.157,OFF,OFF,OFF,OFF,OFF,OFF,OFF,OFF,Avail,Incmpl
210,Incmpl,Enable,Avail,364.200,44.200,364.200,44.200,ON,Avail,Compl,Enable,25,0,0,0,0,0,0,6,A,0,0,Avail,Incmpl
211,Incmpl,Enable,OFF,OFF,46,1421,51199.219,51199.219,51199.219,51199.219,51199.219,51199.219,1GRFE ,0,Avail,Incmpl,Incmpl,Enable,0,OFF,OFF,OFF,OFF,ON
212,ON,Avail,Compl,Enable,Compl,CL,CL,Compl,Unable,Not Avl,Compl,Incmpl,Enable,OFF,0,21,384,ON,13.750,15,0.160,3207,13,21
213,-3,OFF,0,0,11.600,OFF,0,0,-3,Avail,Compl,Enable,0,GRN2#  ,2011,ON,0,Not Act,Not Act,0,0,0.015,0,21247.676
214,21247.676,Avail,Incmpl,Avail,Incmpl,Incmpl,Enable,OBD II (California ARB),OFF,OFF,0,0,OFF,0,OFF,1st,OFF,OFF,OFF,OFF,OFF,OFF,-6.250,-3.906
215,ON,OFF,1350,0,OFF,OFF,OFF,ON,Gasoline,1.055,OFF,OFF,0.684,ON,0.234,18.431,0,6,0.918,0.918,2.539,0.918,0.918,2.031
216,50.980,0,18.431,2,0,0,OFF,ECT 5th,NA,OFF,97.878,97.878,20.392,0,Not Avl,0,0,0,0,ON,ON,0,0,0
217,0,14.277,Not Avl,Compl,Compl,Unable,ON,Not Avl,Compl,Compl,Unable,OFF,39.062,38.281,16.875,15,19.531,39.551,15.686,31.765,0.781,1.582,ON,0
218,OFF,ON,ON,0.996,0.988,-0.027,-0.062,3.269,3.308,0,97,51199.219,14.042,31.373,OFF,OFF,OFF,OFF,OFF,OFF,OFF,OFF,Avail,Incmpl
219,Incmpl,Enable,Avail,364.200,44.200,364.200,44.200,ON,Avail,Compl,Enable,25,0,0,0,0,0,0,6,A,0,0,Avail,Incmpl
220,Incmpl,Enable,OFF,OFF,46,1421,51199.219,51199.219,51199.219,51199.219,51199.219,51199.219,1GRFE ,0,Avail,Incmpl,Incmpl,Enable,0,OFF,OFF,OFF,OFF,ON
221,ON,Avail,Compl,Enable,Compl,CL,CL,Compl,Unable,Not Avl,Compl,Incmpl,Enable,OFF,0,21,384,ON,13.750,15,0.160,3207,13,21
222,-3,OFF,0,0,11.600,OFF,0,0,-3,Avail,Compl,Enable,0,GRN2#  ,2011,ON,0,Not Act,Not Act,0,0,0.015,0,21247.676
223,21247.676,Avail,Incmpl,Avail,Incmpl,Incmpl,Enable,OBD II (California ARB),OFF,OFF,0,0,OFF,0,OFF,1st,OFF,OFF,OFF,OFF,OFF,OFF,-6.250,-3.906
224,ON,OFF,1350,0,OFF,OFF,OFF,ON,Gasoline,1.055,OFF,OFF,0.684,ON,0.234,18.431,0,6,0.918,0.918,2.539,0.918,0.918,2.031
225,50.980,0,18.431,2,0,0,OFF,ECT 5th,NA,OFF,97.878,97.878,20.392,0,Not Avl,0,0,0,0,ON,ON,0,0,0
226,0,14.277,Not Avl,Compl,Compl,Unable,ON,Not Avl,Compl,Compl,Unable,OFF,39.062,38.281,16.875,15,19.531,39.551,15.686,31.765,0.781,1.582,ON,0
227,OFF,ON,ON,0.996,0.988,-0.027,-0.062,3.269,3.308,0,97,51199.219,14.042,31.373,OFF,OFF,OFF,OFF,OFF,OFF,OFF,OFF,Avail,Incmpl
228,Incmpl,Enable,Avail,364.200,44.200,364.200,44.200,ON,Avail,Compl,Enable,25,0,0,0,0,0,0,6,A,0,0,Avail,Incmpl
229,Incmpl,Enable,OFF,OFF,46,1421,51199.219,51199.219,51199.219,51199.219,51199.219,51199.219,1GRFE ,0,Avail,Incmpl,Incmpl,Enable,0,OFF,OFF,OFF,OFF,ON
230,ON,Avail,Compl,Enable,Compl,CL,CL,Compl,Unable,Not Avl,Compl,Incmpl,Enable,OFF,0,21,384,ON,13.750,15,0.160,3207,13,21
231,-3,OFF,0,0,11.600,OFF,0,0,-3,Avail,Compl,Enable,0,GRN2#  ,2011,ON,0,Not Act,Not Act,0,0,0.015,0,21247.676
232,21247.676,Avail,Incmpl,Avail,Incmpl,Incmpl,Enable,OBD II (California ARB),OFF,OFF,0,0,OFF,0,OFF,1st,OFF,OFF,OFF,OFF,OFF,OFF,-6.250,-3.906
233,ON,OFF,1350,0,OFF,OFF,OFF,ON,Gasoline,1.055,OFF,OFF,0.684,ON,0.234,18.431,0,6,0.918,0.918,2.539,0.918,0.918,2.031
234,50.980,0,18.431,2,0,0,OFF,ECT 5th,NA,OFF,97.878,97.878,20.392,0,Not Avl,0,0,0,0,ON,ON,0,0,0
235,0,14.277,Not Avl,Compl,Compl,Unable,ON,Not Avl,Compl,Compl,Unable,OFF,39.062,38.281,16.875,15,19.531,39.551,15.686,31.765,0.781,1.582,ON,0
236,OFF,ON,ON,0.996,0.988,-0.027,-0.062,3.269,3.308,0,97,51199.219,14.042,31.373,OFF,OFF,OFF,OFF,OFF,OFF,OFF,OFF,Avail,Incmpl
237,Incmpl,Enable,Avail,364.200,44.200,364.200,44.200,ON,Avail,Compl,Enable,25,0,0,0,0,0,0,6,A,0,0,Avail,Incmpl
238,Incmpl,Enable,OFF,OFF,46,1421,51199.219,51199.219,51199.219,51199.219,51199.219,51199.219,1GRFE ,0,Avail,Incmpl,Incmpl,Enable,0,OFF,OFF,OFF,OFF,ON
239,ON,Avail,Compl,Enable,Compl,CL,CL,Compl,Unable,Not Avl,Compl,Incmpl,Enable,OFF,0,21,384,ON,13.750,15,0.160,3207,13,21
240,-3,OFF,0,0,11.600,OFF,0,0,-3,Avail,Compl,Enable,0,GRN2#  ,2011,ON,0,Not Act,Not Act,0,0,0.015,0,21247.676
241,21247.676,Avail,Incmpl,Avail,Incmpl,Incmpl,Enable,OBD II (California ARB),OFF,OFF,0,0,OFF,0,OFF,1st,OFF,OFF,OFF,OFF,OFF,OFF,-6.250,-3.906
242,ON,OFF,1350,0,OFF,OFF,OFF,ON,Gasoline,1.055,OFF,OFF,0.684,ON,0.234,18.431,0,6,0.918,0.918,2.539,0.918,0.918,2.031
243,50.980,0,18.431,2,0,0,OFF,ECT 5th,NA,OFF,97.878,97.878,20.392,0,Not Avl,0,0,0,0,ON,ON,0,0,0
244,0,14.277,Not Avl,Compl,Compl,Unable,ON,Not Avl,Compl,Compl,Unable,OFF,39.062,38.281,16.875,15,19.531,39.551,15.686,31.765,0.781,1.582,ON,0
245,OFF,ON,ON,0.996,0.988,-0.027,-0.062,3.269,3.308,0,97,51199.219,14.042,31.373,OFF,OFF,OFF,OFF,OFF,OFF,OFF,OFF,Avail,Incmpl
246,Incmpl,Enable,Avail,364.200,44.200,364.200,44.200,ON,Avail,Compl,Enable,25,0,0,0,0,0,0,6,A,0,0,Avail,Incmpl
247,Incmpl,Enable,OFF,OFF,46,1421,51199.219,51199.219,51199.219,51199.219,51199.219,51199.219,1GRFE ,0,Avail,Incmpl,Incmpl,Enable,0,OFF,OFF,OFF,OFF,ON
248,ON,Avail,Compl,Enable,Compl,CL,CL,Compl,Unable,Not Avl,Compl,Incmpl,Enable,OFF,0,21,384,ON,13.750,15,0.160,3207,13,21
249,-3,OFF,0,0,11.600,OFF,0,0,-3,Avail,Compl,Enable,0,GRN2#  ,2011,ON,0,Not Act,Not Act,0,0,0.015,0,21247.676
250,21247.676,Avail,Incmpl,Avail,Incmpl,Incmpl,Enable,OBD II (California ARB),OFF,OFF,0,0,OFF,0,OFF,1st,OFF,OFF,OFF,OFF,OFF,OFF,-6.250,-3.906
251,ON,OFF,1350,0,OFF,OFF,OFF,ON,Gasoline,1.055,OFF,OFF,0.684,ON,0.234,18.431,0,6,0.918,0.918,2.539,0.918,0.918,2.031
252,50.980,0,18.431,2,0,0,OFF,ECT 5th,NA,OFF,97.878,97.878,20.392,0,Not Avl,0,0,0,0,ON,ON,0,0,0
253,0,14.277,Not Avl,Compl,Compl,Unable,ON,Not Avl,Compl,Compl,Unable,OFF,39.062,38.281,16.875,15,19.531,39.551,15.686,31.765,0.781,1.582,ON,0
254,OFF,ON,ON,0.996,0.988,-0.027,-0.062,3.269,3.308,0,97,51199.219,14.042,31.373,OFF,OFF,OFF,OFF,OFF,OFF,OFF,OFF,Avail,Incmpl
255,Incmpl,Enable,Avail,364.200,44.200,364.200,44.200,ON,Avail,Compl,Enable,25,0,0,0,0,0,0,6,A,0,0,Avail,Incmpl
256,Incmpl,Enable,OFF,OFF,46,1421,51199.219,51199.219,51199.219,51199.219,51199.219,51199.219,1GRFE ,0,Avail,Incmpl,Incmpl,Enable,0,OFF,OFF,OFF,OFF,ON
257,ON,Avail,Compl,Enable,Compl,CL,CL,Compl,Unable,Not Avl,Compl,Incmpl,Enable,OFF,0,21,384,ON,13.750,15,0.160,3207,13,21
258,-3,OFF,0,0,11.600,OFF,0,0,-3,Avail,Compl,Enable,0,GRN2#  ,2011,ON,0,Not Act,Not Act,0,0,0.015,0,21247.676
259,21247.676,Avail,Incmpl,Avail,Incmpl,Incmpl,Enable,OBD II (California ARB),OFF,OFF,0,0,OFF,0,OFF,1st,OFF,OFF,OFF,OFF,OFF,OFF,-6.250,-3.906
260,ON,OFF,1350,0,OFF,OFF,OFF,ON,Gasoline,1.055,OFF,OFF,0.684,ON,0.234,18.431,0,6,0.918,0.918,2.539,0.918,0.918,2.031
261,50.980,0,18.431,2,0,0,OFF,ECT 5th,NA,OFF,97.878,97.878,20.392,0,Not Avl,0,0,0,0,ON,ON,0,0,0
262,0,14.277,Not Avl,Compl,Compl,Unable,ON,Not Avl,Compl,Compl,Unable,OFF,39.062,38.281,16.875,15,19.531,39.551,15.686,31.765,0.781,1.582,ON,0
263,OFF,ON,ON,0.996,0.988,-0.027,-0.062,3.269,3.308,0,97,51199.219,14.042,31.373,OFF,OFF,OFF,OFF,OFF,OFF,OFF,OFF,Avail,Incmpl
264,Incmpl,Enable,Avail,364.200,44.200,364.200,44.200,ON,Avail,Compl,Enable,25,0,0,0,0,0,0,6,A,0,0,Avail,Incmpl
265,Incmpl,Enable,OFF,OFF,46,1421,51199.219,51199.219,51199.219,51199.219,51199.219,51199.219,1GRFE ,0,Avail,Incmpl,Incmpl,Enable,0,OFF,OFF,OFF,OFF,ON
266,ON,Avail,Compl,Enable,Compl,CL,CL,Compl,Unable,Not Avl,Compl,Incmpl,Enable,OFF,0,21,384,ON,13.750,15,0.160,3207,13,21
267,-3,OFF,0,0,11.600,OFF,0,0,-3,Avail,Compl,Enable,0,GRN2#  ,2011,ON,0,Not Act,Not Act,0,0,0.015,0,21247.676
268,21247.676,Avail,Incmpl,Avail,Incmpl,Incmpl,Enable,OBD II (California ARB),OFF,OFF,0,0,OFF,0,OFF,1st,OFF,OFF,OFF,OFF,OFF,OFF,-6.250,-3.906
269,ON,OFF,1350,0,OFF,OFF,OFF,ON,Gasoline,1.055,OFF,OFF,0.684,ON,0.234,18.431,0,6,0.918,0.918,2.539,0.918,0.918,2.031
270,50.980,0,18.431,2,0,0,OFF,ECT 5th,NA,OFF,97.878,97.878,20.392,0,Not Avl,0,0,0,0,ON,ON,0,0,0
271,0,14.277,Not Avl,Compl,Compl,Unable,ON,Not Avl,Compl,Compl,Unable,OFF,39.062,38.281,16.875,15,19.531,39.551,15.686,31.765,0.781,1.582,ON,0
272,OFF,ON,ON,0.996,0.988,-0.027,-0.062,3.269,3.308,0,97,51199.219,14.042,31.373,OFF,OFF,OFF,OFF,OFF,OFF,OFF,OFF,Avail,Incmpl
273,Incmpl,Enable,Avail,364.200,44.200,364.200,44.200,ON,Avail,Compl,Enable,25,0,0,0,0,0,0,6,A,0,0,Avail,Incmpl
274,Incmpl,Enable,OFF,OFF,46,1421,51199.219,51199.219,51199.219,51199.219,51199.219,51199.219,1GRFE ,0,Avail,Incmpl,Incmpl,Enable,0,OFF,OFF,OFF,OFF,ON
275,ON,Avail,Compl,Enable,Compl,CL,CL,Compl,Unable,Not Avl,Compl,Incmpl,Enable,OFF,0,21,384,ON,13.750,15,0.160,3207,13,21
276,-3,OFF,0,0,11.600,OFF,0,0,-3,Avail,Compl,Enable,0,GRN2#  ,2011,ON,0,Not Act,Not Act,0,0,0.015,0,21247.676
277,21247.676,Avail,Incmpl,Avail,Incmpl,Incmpl,Enable,OBD II (California ARB),OFF,OFF,0,0,OFF,0,OFF,1st,OFF,OFF,OFF,OFF,OFF,OFF,-6.250,-3.906
278,ON,OFF,1350,0,OFF,OFF,OFF,ON,Gasoline,1.055,OFF,OFF,0.684,ON,0.234,18.431,0,6,0.918,0.918,2.539,0.918,0.918,2.031
279,50.980,0,18.431,2,0,0,OFF,ECT 5th,NA,OFF,97.878,97.878,20.392,0,Not Avl,0,0,0,0,ON,ON,0,0,0
280,0,14.277,Not Avl,Compl,Compl,Unable,ON,Not Avl,Compl,Compl,Unable,OFF,39.062,38.281,16.875,15,19.531,39.551,15.686,31.765,0.781,1.582,ON,0
281,OFF,ON,ON,0.996,0.988,-0.027,-0.062,3.269,3.308,0,97,51199.219,14.042,31.373,OFF,OFF,OFF,OFF,OFF,OFF,OFF,OFF,Avail,Incmpl
282,Incmpl,Enable,Avail,364.200,44.200,364.200,44.200,ON,Avail,Compl,Enable,25,0,0,0,0,0,0,6,A,0,0,Avail,Incmpl
283,Incmpl,Enable,OFF,OFF,46,1421,51199.219,51199.219,51199.219,51199.219,51199.219,51199.219,1GRFE ,0,Avail,Incmpl,Incmpl,Enable,0,OFF,OFF,OFF,OFF,ON
284,ON,Avail,Compl,Enable,Compl,CL,CL,Compl,Unable,Not Avl,Compl,Incmpl,Enable,OFF,0,21,384,ON,13.750,15,0.160,3207,13,21
285,-3,OFF,0,0,11.600,OFF,0,0,-3,Avail,Compl,Enable,0,GRN2#  ,2011,ON,0,Not Act,Not Act,0,0,0.015,0,21247.676
286,21247.676,Avail,Incmpl,Avail,Incmpl,Incmpl,Enable,OBD II (California ARB),OFF,OFF,0,0,OFF,0,OFF,1st,OFF,OFF,OFF,OFF,OFF,OFF,-6.250,-3.906
287,ON,OFF,1350,0,OFF,OFF,OFF,ON,Gasoline,1.055,OFF,OFF,0.684,ON,0.234,18.431,0,6,0.918,0.918,2.539,0.918,0.918,2.031
288,50.980,0,18.431,2,0,0,OFF,ECT 5th,NA,OFF,97.878,97.878,20.392,0,Not Avl,0,0,0,0,ON,ON,0,0,0
289,0,14.277,Not Avl,Compl,Compl,Unable,ON,Not Avl,Compl,Compl,Unable,OFF,39.062,38.281,16.875,15,19.531,39.551,15.686,31.765,0.781,1.582,ON,0
290,OFF,ON,ON,0.996,0.988,-0.027,-0.062,3.269,3.308,0,97,51199.219,14.042,31.373,OFF,OFF,OFF,OFF,OFF,OFF,OFF,OFF,Avail,Incmpl
291,Incmpl,Enable,Avail,364.200,44.200,364.200,44.200,ON,Avail,Compl,Enable,25,0,0,0,0,0,0,6,A,0,0,Avail,Incmpl
292,Incmpl,Enable,OFF,OFF,46,1421,51199.219,51199.219,51199.219,51199.219,51199.219,51199.219,1GRFE ,0,Avail,Incmpl,Incmpl,Enable,0,OFF,OFF,OFF,OFF,ON
293,ON,Avail,Compl,Enable,Compl,CL,CL,Compl,Unable,Not Avl,Compl,Incmpl,Enable,OFF,0,21,384,ON,13.750,15,0.160,3207,13,21
294,-3,OFF,0,0,11.600,OFF,0,0,-3,Avail,Compl,Enable,0,GRN2#  ,2011,ON,0,Not Act,Not Act,0,0,0.015,0,21247.676
295,21247.676,Avail,Incmpl,Avail,Incmpl,Incmpl,Enable,OBD II (California ARB),OFF,OFF,0,0,OFF,0,OFF,1st,OFF,OFF,OFF,OFF,OFF,OFF,-6.250,-3.906
296,ON,OFF,1350,0,OFF,OFF,OFF,ON,Gasoline,1.055,OFF,OFF,0.684,ON,0.234,18.431,0,6,0.918,0.918,2.539,0.918,0.918,2.031
297,50.980,0,18.431,2,0,0,OFF,ECT 5th,NA,OFF,97.878,97.878,20.392,0,Not Avl,0,0,0,0,ON,ON,0,0,0
298,0,14.277,Not Avl,Compl,Compl,Unable,ON,Not Avl,Compl,Compl,Unable,OFF,39.062,38.281,16.875,15,19.531,39.551,15.686,31.765,0.781,1.582,ON,0
299,OFF,ON,ON,0.996,0.988,-0.027,-0.062,3.269,3.308,0,97,51199.219,14.042,31.373,OFF,OFF,OFF,OFF,OFF,OFF,OFF,OFF,Avail,Incmpl
300,Incmpl,Enable,Avail,364.200,44.200,364.200,44.200,ON,Avail,Compl,Enable,25,0,0,0,0,0,0,6,A,0,0,Avail,Incmpl
301,Incmpl,Enable,OFF,OFF,46,1421,51199.219,51199.219,51199.219,51199.219,51199.219,51199.219,1GRFE ,0,Avail,Incmpl,Incmpl,Enable,0,OFF,OFF,OFF,OFF,ON
302,ON,Avail,Compl,Enable,Compl,CL,CL,Compl,Unable,Not Avl,Compl,Incmpl,Enable,OFF,0,21,384,ON,13.750,15,0.160,3207,13,21
303,-3,OFF,0,0,11.600,OFF,0,0,-3,Avail,Compl,Enable,0,GRN2#  ,2011,ON,0,Not Act,Not Act,0,0,0.015,0,21247.676
304,21247.676,Avail,Incmpl,Avail,Incmpl,Incmpl,Enable,OBD II (California ARB),OFF,OFF,0,0,OFF,0,OFF,1st,OFF,OFF,OFF,OFF,OFF,OFF,-6.250,-3.906
305,ON,OFF,1350,0,OFF,OFF,OFF,ON,Gasoline,1.055,OFF,OFF,0.684,ON,0.234,18.431,0,6,0.918,0.918,2.539,0.918,0.918,2.031
306,50.980,0,18.431,2,0,0,OFF,ECT 5th,NA,OFF,97.878,97.878,20.392,0,Not Avl,0,0,0,0,ON,ON,0,0,0
307,0,14.277,Not Avl,Compl,Compl,Unable,ON,Not Avl,Compl,Compl,Unable,OFF,39.062,38.281,16.875,15,19.531,39.551,15.686,31.765,0.781,1.582,ON,0
308,OFF,ON,ON,0.996,0.988,-0.027,-0.062,3.269,3.308,0,97,51199.219,14.042,31.373,OFF,OFF,OFF,OFF,OFF,OFF,OFF,OFF,Avail,Incmpl
309,Incmpl,Enable,Avail,364.200,44.200,364.200,44.200,ON,Avail,Compl,Enable,25,0,0,0,0,0,0,6,A,0,0,Avail,Incmpl
310,Incmpl,Enable,OFF,OFF,46,1421,51199.219,51199.219,51199.219,51199.219,51199.219,51199.219,1GRFE ,0,Avail,Incmpl,Incmpl,Enable,0,OFF,OFF,OFF,OFF,ON
311,ON,Avail,Compl,Enable,Compl,CL,CL,Compl,Unable,Not Avl,Compl,Incmpl,Enable,OFF,0,21,384,ON,13.750,15,0.160,3207,13,21
312,-3,OFF,0,0,11.600,OFF,0,0,-3,Avail,Compl,Enable,0,GRN2#  ,2011,ON,0,Not Act,Not Act,0,0,0.015,0,21247.676
313,21247.676,Avail,Incmpl,Avail,Incmpl,Incmpl,Enable,OBD II (California ARB),OFF,OFF,0,0,OFF,0,OFF,1st,OFF,OFF,OFF,OFF,OFF,OFF,-6.250,-3.906
314,ON,OFF,1350,0,OFF,OFF,OFF,ON,Gasoline,1.055,OFF,OFF,0.684,ON,0.234,18.431,0,6,0.918,0.918,2.539,0.918,0.918,2.031
315,50.980,0,18.431,2,0,0,OFF,ECT 5th,NA,OFF,97.878,97.878,20.392,0,Not Avl,0,0,0,0,ON,ON,0,0,0
316,0,14.277,Not Avl,Compl,Compl,Unable,ON,Not Avl,Compl,Compl,Unable,OFF,39.062,38.281,16.875,15,19.531,39.551,15.686,31.765,0.781,1.582,ON,0
317,OFF,ON,ON,0.996,0.988,-0.027,-0.062,3.269,3.308,0,97,51199.219,14.042,31.373,OFF,OFF,OFF,OFF,OFF,OFF,OFF,OFF,Avail,Incmpl
318,Incmpl,Enable,Avail,364.200,44.200,364.200,44.200,ON,Avail,Compl,Enable,25,0,0,0,0,0,0,6,A,0,0,Avail,Incmpl
319,Incmpl,Enable,OFF,OFF,46,1421,51199.219,51199.219,51199.219,51199.219,51199.219,51199.219,1GRFE ,0,Avail,Incmpl,Incmpl,Enable,0,OFF,OFF,OFF,OFF,ON
320,ON,Avail,Compl,Enable,Compl,CL,CL,Compl,Unable,Not Avl,Compl,Incmpl,Enable,OFF,0,21,384,ON,13.750,15,0.160,3207,13,21
321,-3,OFF,0,0,11.600,OFF,0,0,-3,Avail,Compl,Enable,0,GRN2#  ,2011,ON,0,Not Act,Not Act,0,0,0.015,0,21247.676
322,21247.676,Avail,Incmpl,Avail,Incmpl,Incmpl,Enable,OBD II (California ARB),OFF,OFF,0,0,OFF,0,OFF,1st,OFF,OFF,OFF,OFF,OFF,OFF,-6.250,-3.906
323,ON,OFF,1350,0,OFF,OFF,OFF,ON,Gasoline,1.055,OFF,OFF,0.684,ON,0.234,18.431,0,6,0.918,0.918,2.539,0.918,0.918,2.031
324,50.980,0,18.431,2,0,0,OFF,ECT 5th,NA,OFF,97.878,97.878,20.392,0,Not Avl,0,0,0,0,ON,ON,0,0,0
325,0,14.277,Not Avl,Compl,Compl,Unable,ON,Not Avl,Compl,Compl,Unable,OFF,39.062,38.281,16.875,15,19.531,39.551,15.686,31.765,0.781,1.582,ON,0
326,OFF,ON,ON,0.996,0.988,-0.027,-0.062,3.269,3.308,0,97,51199.219,14.042,31.373,OFF,OFF,OFF,OFF,OFF,OFF,OFF,OFF,Avail,Incmpl
327,Incmpl,Enable,Avail,364.200,44.200,364.200,44.200,ON,Avail,Compl,Enable,25,0,0,0,0,0,0,6,A,0,0,Avail,Incmpl
328,Incmpl,Enable,OFF,OFF,46,1421,51199.219,51199.219,51199.219,51199.219,51199.219,51199.219,1GRFE ,0,Avail,Incmpl,Incmpl,Enable,0,OFF,OFF,OFF,OFF,ON
329,ON,Avail,Compl,Enable,Compl,CL,CL,Compl,Unable,Not Avl,Compl,Incmpl,Enable,OFF,0,21,384,ON,13.750,15,0.160,3207,13,21
330,-3,OFF,0,0,11.600,OFF,0,0,-3,Avail,Compl,Enable,0,GRN2#  ,2011,ON,0,Not Act,Not Act,0,0,0.015,0,21247.676
331,21247.676,Avail,Incmpl,Avail,Incmpl,Incmpl,Enable,OBD II (California ARB),OFF,OFF,0,0,OFF,0,OFF,1st,OFF,OFF,OFF,OFF,OFF,OFF,-6.250,-3.906
332,ON,OFF,1350,0,OFF,OFF,OFF,ON,Gasoline,1.055,OFF,OFF,0.684,ON,0.234,18.431,0,6,0.918,0.918,2.539,0.918,0.918,2.031
333,50.980,0,18.431,2,0,0,OFF,ECT 5th,NA,OFF,97.878,97.878,20.392,0,Not Avl,0,0,0,0,ON,ON,0,0,0
334,0,14.277,Not Avl,Compl,Compl,Unable,ON,Not Avl,Compl,Compl,Unable,OFF,39.062,38.281,16.875,15,19.531,39.551,15.686,31.765,0.781,1.582,ON,0
335,OFF,ON,ON,0.996,0.988,-0.027,-0.062,3.269,3.308,0,97,51199.219,14.042,31.373,OFF,OFF,OFF,OFF,OFF,OFF,OFF,OFF,Avail,Incmpl
336,Incmpl,Enable,Avail,364.200,44.200,364.200,44.200,ON,Avail,Compl,Enable,25,0,0,0,0,0,0,6,A,0,0,Avail,Incmpl
337,Incmpl,Enable,OFF,OFF,46,1421,51199.219,51199.219,51199.219,51199.219,51199.219,51199.219,1GRFE ,0,Avail,Incmpl,Incmpl,Enable,0,OFF,OFF,OFF,OFF,ON
338,ON,Avail,Compl,Enable,Compl,CL,CL,Compl,Unable,Not Avl,Compl,Incmpl,Enable,OFF,0,21,384,ON,13.750,15,0.160,3207,13,21
339,-3,OFF,0,0,11.600,OFF,0,0,-3,Avail,Compl,Enable,0,GRN2#  ,2011,ON,0,Not Act,Not Act,0,0,0.015,0,21247.676
340,21247.676,Avail,Incmpl,Avail,Incmpl,Incmpl,Enable,OBD II (California ARB),OFF,OFF,0,0,OFF,0,OFF,1st,OFF,OFF,OFF,OFF,OFF,OFF,-6.250,-3.906
341,ON,OFF,1350,0,OFF,OFF,OFF,ON,Gasoline,1.055,OFF,OFF,0.684,ON,0.234,18.431,0,6,0.918,0.918,2.539,0.918,0.918,2.031
342,50.980,0,18.431,2,0,0,OFF,ECT 5th,NA,OFF,97.878,97.878,20.392,0,Not Avl,0,0,0,0,ON,ON,0,0,0
343,0,14.277,Not Avl,Compl,Compl,Unable,ON,Not Avl,Compl,Compl,Unable,OFF,39.062,38.281,16.875,15,19.531,39.551,15.686,31.765,0.781,1.582,ON,0
344,OFF,ON,ON,0.996,0.988,-0.027,-0.062,3.269,3.308,0,97,51199.219,14.042,31.373,OFF,OFF,OFF,OFF,OFF,OFF,OFF,OFF,Avail,Incmpl
345,Incmpl,Enable,Avail,472.400,44.200,364.200,44.200,ON,Avail,Compl,Enable,25,0,0,0,0,0,0,6,A,0,0,Avail,Incmpl
346,Incmpl,Enable,OFF,OFF,46,1421,51199.219,51199.219,51199.219,51199.219,51199.219,51199.219,1GRFE ,0,Avail,Incmpl,Incmpl,Enable,0,OFF,OFF,OFF,OFF,ON
347,ON,Avail,Compl,Enable,Compl,CL,CL,Compl,Unable,Not Avl,Compl,Incmpl,Enable,OFF,0,21,384,ON,13.750,15,0.160,3207,13,21
348,-3,OFF,0,0,11.600,OFF,0,0,-3,Avail,Compl,Enable,0,GRN2#  ,2011,ON,0,Not Act,Not Act,0,0,0.015,0,21247.676
349,21247.676,Avail,Incmpl,Avail,Incmpl,Incmpl,Enable,OBD II (California ARB),OFF,OFF,0,0,OFF,0,OFF,1st,OFF,OFF,OFF,OFF,OFF,OFF,-6.250,-3.906
350,ON,OFF,1350,0,OFF,OFF,OFF,ON,Gasoline,1.055,OFF,OFF,0.684,ON,0.234,18.431,0,6,0.918,0.918,2.539,0.918,0.918,2.031
351,50.980,0,18.431,2,0,0,OFF,ECT 5th,NA,OFF,97.878,97.878,20.392,0,Not Avl,0,0,0,0,ON,ON,0,0,0
352,0,14.277,Not Avl,Compl,Compl,Unable,ON,Not Avl,Compl,Compl,Unable,OFF,39.062,38.281,16.875,15,19.531,39.551,15.686,31.765,0.781,1.582,ON,0
353,OFF,ON,ON,0.996,0.988,-0.027,-0.062,3.269,3.308,0,97,51199.219,14.042,31.373,OFF,OFF,OFF,OFF,OFF,OFF,OFF,OFF,Avail,Incmpl
354,Incmpl,Enable,Avail,472.400,89.200,364.200,44.200,ON,Avail,Compl,Enable,25,0,0,0,0,0,0,6,A,0,0,Avail,Incmpl
355,Incmpl,Enable,OFF,OFF,46,1421,51199.219,51199.219,51199.219,51199.219,51199.219,51199.219,1GRFE ,0,Avail,Incmpl,Incmpl,Enable,0,OFF,OFF,OFF,OFF,ON
356,ON,Avail,Compl,Enable,Compl,CL,CL,Compl,Unable,Not Avl,Compl,Incmpl,Enable,OFF,0,21,384,ON,13.750,15,0.160,3207,13,21
357,-3,OFF,0,0,11.600,OFF,0,0,-3,Avail,Compl,Enable,0,GRN2#  ,2011,ON,0,Not Act,Not Act,0,0,0.015,0,21247.676
358,21247.676,Avail,Incmpl,Avail,Incmpl,Incmpl,Enable,OBD II (California ARB),OFF,OFF,0,0,OFF,0,OFF,1st,OFF,OFF,OFF,OFF,OFF,OFF,-6.250,-3.906
359,ON,OFF,1350,0,OFF,OFF,OFF,ON,Gasoline,1.055,OFF,OFF,0.684,ON,0.234,18.431,0,6,0.918,0.918,2.539,0.918,0.918,2.031
360,50.980,0,18.431,2,0,0,OFF,ECT 5th,NA,OFF,97.878,97.878,20.392,0,Not Avl,0,0,0,0,ON,ON,0,0,0
361,0,14.277,Not Avl,Compl,Compl,Unable,ON,Not Avl,Compl,Compl,Unable,OFF,39.062,38.281,16.875,15,19.531,39.551,15.686,31.765,0.781,1.582,ON,0
362,OFF,ON,ON,0.996,0.988,-0.027,-0.062,3.269,3.308,0,97,51199.219,14.042,31.373,OFF,OFF,OFF,OFF,OFF,OFF,OFF,OFF,Avail,Incmpl
363,Incmpl,Enable,Avail,472.400,89.200,472.400,44.200,ON,Avail,Compl,Enable,25,0,0,0,0,0,0,6,A,0,0,Avail,Incmpl
364,Incmpl,Enable,OFF,OFF,46,1421,51199.219,51199.219,51199.219,51199.219,51199.219,51199.219,1GRFE ,0,Avail,Incmpl,Incmpl,Enable,0,OFF,OFF,OFF,OFF,ON
365,ON,Avail,Compl,Enable,Compl,CL,CL,Compl,Unable,Not Avl,Compl,Incmpl,Enable,OFF,0,21,384,ON,13.750,15,0.160,3207,13,21
366,-3,OFF,0,0,11.600,OFF,0,0,-3,Avail,Compl,Enable,0,GRN2#  ,2011,ON,0,Not Act,Not Act,0,0,0.015,0,21247.676
367,21247.676,Avail,Incmpl,Avail,Incmpl,Incmpl,Enable,OBD II (California ARB),OFF,OFF,0,0,OFF,0,OFF,1st,OFF,OFF,OFF,OFF,OFF,OFF,-6.250,-3.906
368,ON,OFF,1350,0,OFF,OFF,OFF,ON,Gasoline,1.055,OFF,OFF,0.684,ON,0.234,18.431,0,6,0.918,0.918,2.539,0.918,0.918,2.031
369,50.980,0,18.431,2,0,0,OFF,ECT 5th,NA,OFF,97.878,97.878,20.392,0,Not Avl,0,0,0,0,ON,ON,0,0,0
370,0,14.277,Not Avl,Compl,Compl,Unable,ON,Not Avl,Compl,Compl,Unable,OFF,39.062,38.281,16.875,15,19.531,39.551,15.686,31.765,0.781,1.582,ON,0
371,OFF,ON,ON,0.996,0.988,-0.027,-0.062,3.269,3.308,0,97,51199.219,14.042,31.373,OFF,OFF,OFF,OFF,OFF,OFF,OFF,OFF,Avail,Incmpl
372,Incmpl,Enable,Avail,472.400,89.200,472.400,89.200,ON,Avail,Compl,Enable,25,0,0,0,0,0,0,6,A,0,0,Avail,Incmpl
373,Incmpl,Enable,OFF,OFF,46,1421,51199.219,51199.219,51199.219,51199.219,51199.219,51199.219,1GRFE ,0,Avail,Incmpl,Incmpl,Enable,0,OFF,OFF,OFF,OFF,ON
374,ON,Avail,Compl,Enable,Compl,CL,CL,Compl,Unable,Not Avl,Compl,Incmpl,Enable,OFF,0,21,384,ON,13.750,15,0.160,3207,13,21
375,-3,OFF,0,0,11.600,OFF,0,0,-3,Avail,Compl,Enable,0,GRN2#  ,2011,ON,0,Not Act,Not Act,0,0,0.015,0,21247.676
376,21247.676,Avail,Incmpl,Avail,Incmpl,Incmpl,Enable,OBD II (California ARB),OFF,OFF,0,0,OFF,0,OFF,1st,OFF,OFF,OFF,OFF,OFF,OFF,-6.250,-3.906
377,ON,OFF,1350,0,OFF,OFF,OFF,ON,Gasoline,1.055,OFF,OFF,0.684,ON,0.234,18.431,0,6,0.918,0.918,2.539,0.918,0.918,2.031
378,50.980,0,18.431,2,0,0,OFF,ECT 5th,NA,OFF,97.878,97.878,20.392,0,Not Avl,0,0,0,0,ON,ON,0,0,0
379,0,14.277,Not Avl,Compl,Compl,Unable,ON,Not Avl,Compl,Compl,Unable,OFF,39.062,38.281,16.875,15,19.531,39.551,15.686,31.765,0.781,1.582,ON,0
380,OFF,ON,ON,0.996,0.988,-0.027,-0.062,3.269,3.308,0,97,51199.219,14.042,31.373,OFF,OFF,OFF,OFF,OFF,OFF,OFF,OFF,Avail,Incmpl
381,Incmpl,Enable,Avail,472.400,89.200,472.400,89.200,ON,Avail,Compl,Enable,25,0,0,0,0,0,0,6,A,0,0,Avail,Incmpl
382,Incmpl,Enable,OFF,OFF,46,1421,51199.219,51199.219,51199.219,51199.219,51199.219,51199.219,1GRFE ,0,Avail,Incmpl,Incmpl,Enable,0,OFF,OFF,OFF,OFF,ON
383,ON,Avail,Compl,Enable,Compl,CL,CL,Compl,Unable,Not Avl,Compl,Incmpl,Enable,OFF,0,21,384,ON,13.750,15,0.160,3207,13,21
384,-3,OFF,0,0,11.600,OFF,0,0,-3,Avail,Compl,Enable,0,GRN2#  ,2011,ON,0,Not Act,Not Act,0,0,0.015,0,21247.676
385,21247.676,Avail,Incmpl,Avail,Incmpl,Incmpl,Enable,OBD II (California ARB),OFF,OFF,0,0,OFF,0,OFF,1st,OFF,OFF,OFF,OFF,OFF,OFF,-6.250,-3.906
386,ON,OFF,1350,0,OFF,OFF,OFF,ON,Gasoline,1.055,OFF,OFF,0.684,ON,0.234,18.431,0,6,0.918,0.918,2.539,0.918,0.918,2.031
387,50.980,0,18.431,2,0,0,OFF,ECT 5th,NA,OFF,97.878,97.878,20.392,0,Not Avl,0,0,0,0,ON,ON,0,0,0
388,0,14.277,Not Avl,Compl,Compl,Unable,ON,Not Avl,Compl,Compl,Unable,OFF,39.062,38.281,16.875,15,19.531,39.551,15.686,31.765,0.781,1.582,ON,0
389,OFF,ON,ON,0.996,0.988,-0.027,-0.062,3.269,3.308,0,97,51199.219,14.042,31.373,OFF,OFF,OFF,OFF,OFF,OFF,OFF,OFF,Avail,Incmpl
390,Incmpl,Enable,Avail,472.400,89.200,472.400,89.200,ON,Avail,Compl,Enable,25,0,0,0,0,0,0,6,A,0,0,Avail,Incmpl
391,Incmpl,Enable,OFF,OFF,46,1421,51199.219,51199.219,51199.219,51199.219,51199.219,51199.219,1GRFE ,0,Avail,Incmpl,Incmpl,Enable,0,OFF,OFF,OFF,OFF,ON
392,ON,Avail,Compl,Enable,Compl,CL,CL,Compl,Unable,Not Avl,Compl,Incmpl,Enable,OFF,0,21,384,ON,13.750,15,0.160,3207,13,21
393,-3,OFF,0,0,11.600,OFF,0,0,-3,Avail,Compl,Enable,0,GRN2#  ,2011,ON,0,Not Act,Not Act,0,0,0.015,0,21247.676
394,21247.676,Avail,Incmpl,Avail,Incmpl,Incmpl,Enable,OBD II (California ARB),OFF,OFF,0,0,OFF,0,OFF,1st,OFF,OFF,OFF,OFF,OFF,OFF,-6.250,-3.906
395,ON,OFF,1350,0,OFF,OFF,OFF,ON,Gasoline,1.055,OFF,OFF,0.684,ON,0.234,18.431,0,6,0.918,0.918,2.539,0.918,0.918,2.031
396,50.980,0,18.431,2,0,0,OFF,ECT 5th,NA,OFF,97.878,97.878,20.392,0,Not Avl,0,0,0,0,ON,ON,0,0,0
397,0,14.277,Not Avl,Compl,Compl,Unable,ON,Not Avl,Compl,Compl,Unable,OFF,39.062,38.281,16.875,15,19.531,39.551,15.686,31.765,0.781,1.582,ON,0
398,OFF,ON,ON,0.996,0.988,-0.027,-0.062,3.269,3.308,0,97,51199.219,14.042,31.373,OFF,OFF,OFF,OFF,OFF,OFF,OFF,OFF,Avail,Incmpl
399,Incmpl,Enable,Avail,472.400,89.200,472.400,89.200,ON,Avail,Compl,Enable,25,0,0,0,0,0,0,6,A,0,0,Avail,Incmpl
400,Incmpl,Enable,OFF,OFF,46,1421,51199.219,51199.219,51199.219,51199.219,51199.219,51199.219,1GRFE ,0,Avail,Incmpl,Incmpl,Enable,0,OFF,OFF,OFF,OFF,ON
401,ON,Avail,Compl,Enable,Compl,CL,CL,Compl,Unable,Not Avl,Compl,Incmpl,Enable,OFF,0,21,384,ON,13.750,15,0.160,3207,13,21
402,-3,OFF,0,0,11.600,OFF,0,0,-3,Avail,Compl,Enable,0,GRN2#  ,2011,ON,0,Not Act,Not Act,0,0,0.015,0,21247.676
403,21247.676,Avail,Incmpl,Avail,Incmpl,Incmpl,Enable,OBD II (California ARB),OFF,OFF,0,0,OFF,0,OFF,1st,OFF,OFF,OFF,OFF,OFF,OFF,-6.250,-3.906
404,ON,OFF,1350,0,OFF,OFF,OFF,ON,Gasoline,1.055,OFF,OFF,0.684,ON,0.234,18.431,0,6,0.918,0.918,2.539,0.918,0.918,2.031
405,50.980,0,18.431,2,0,0,OFF,ECT 5th,NA,OFF,97.878,97.878,20.392,0,Not Avl,0,0,0,0,ON,ON,0,0,0
406,0,14.277,Not Avl,Compl,Compl,Unable,ON,Not Avl,Compl,Compl,Unable,OFF,39.062,38.281,16.875,15,19.531,39.551,15.686,31.765,0.781,1.582,ON,0
407,OFF,ON,ON,0.996,0.988,-0.027,-0.062,3.269,3.308,0,97,51199.219,14.042,31.373,OFF,OFF,OFF,OFF,OFF,OFF,OFF,OFF,Avail,Incmpl
408,Incmpl,Enable,Avail,472.400,89.200,472.400,89.200,ON,Avail,Compl,Enable,25,0,0,0,0,0,0,6,A,0,0,Avail,Incmpl
409,Incmpl,Enable,OFF,OFF,46,1421,51199.219,51199.219,51199.219,51199.219,51199.219,51199.219,1GRFE ,0,Avail,Incmpl,Incmpl,Enable,0,OFF,OFF,OFF,OFF,ON
410,ON,Avail,Compl,Enable,Compl,CL,CL,Compl,Unable,Not Avl,Compl,Incmpl,Enable,OFF,0,21,384,ON,13.750,15,0.160,3207,13,21
411,-3,OFF,0,0,11.600,OFF,0,0,-3,Avail,Compl,Enable,0,GRN2#  ,2011,ON,0,Not Act,Not Act,0,0,0.015,0,21247.676
412,21247.676,Avail,Incmpl,Avail,Incmpl,Incmpl,Enable,OBD II (California ARB),OFF,OFF,0,0,OFF,0,OFF,1st,OFF,OFF,OFF,OFF,OFF,OFF,-6.250,-3.906
413,ON,OFF,1350,0,OFF,OFF,OFF,ON,Gasoline,1.055,OFF,OFF,0.684,ON,0.234,18.431,0,6,0.918,0.918,2.539,0.918,0.918,2.031
414,50.980,0,18.431,2,0,0,OFF,ECT 5th,NA,OFF,97.878,97.878,20.392,0,Not Avl,0,0,0,0,ON,ON,0,0,0
415,0,14.277,Not Avl,Compl,Compl,Unable,ON,Not Avl,Compl,Compl,Unable,OFF,39.062,38.281,16.875,15,19.531,39.551,15.686,31.765,0.781,1.582,ON,0
416,OFF,ON,ON,0.996,0.988,-0.027,-0.062,3.269,3.308,0,97,51199.219,14.042,31.373,OFF,OFF,OFF,OFF,OFF,OFF,OFF,OFF,Avail,Incmpl
417,Incmpl,Enable,Avail,472.400,89.200,472.400,89.200,ON,Avail,Compl,Enable,32,0,0,0,0,0,0,6,A,0,0,Avail,Incmpl
418,Incmpl,Enable,OFF,OFF,46,1421,51199.219,51199.219,51199.219,51199.219,51199.219,51199.219,1GRFE ,0,Avail,Incmpl,Incmpl,Enable,0,OFF,OFF,OFF,OFF,ON
419,ON,Avail,Compl,Enable,Compl,CL,CL,Compl,Unable,Not Avl,Compl,Incmpl,Enable,OFF,0,21,384,ON,13.750,15,0.160,3207,13,21
420,-3,OFF,0,0,11.600,OFF,0,0,-3,Avail,Compl,Enable,0,GRN2#  ,2011,ON,0,Not Act,Not Act,0,0,0.015,0,21247.676
421,21247.676,Avail,Incmpl,Avail,Incmpl,Incmpl,Enable,OBD II (California ARB),OFF,OFF,0,0,OFF,0,OFF,1st,OFF,OFF,OFF,OFF,OFF,OFF,-6.250,-3.906
422,ON,OFF,1350,0,OFF,OFF,OFF,ON,Gasoline,1.055,OFF,OFF,0.684,ON,0.234,18.431,0,6,0.918,0.918,2.539,0.918,0.918,2.031
423,50.980,0,18.431,2,0,0,OFF,ECT 5th,NA,OFF,97.878,97.878,20.392,0,Not Avl,0,0,0,0,ON,ON,0,0,0
424,0,14.277,Not Avl,Compl,Compl,Unable,ON,Not Avl,Compl,Compl,Unable,OFF,39.062,38.281,16.875,15,19.531,39.551,15.686,31.765,0.781,1.582,ON,0
425,OFF,ON,ON,0.996,0.988,-0.027,-0.062,3.269,3.308,0,97,51199.219,14.042,31.373,OFF,OFF,OFF,OFF,OFF,OFF,OFF,OFF,Avail,Incmpl
426,Incmpl,Enable,Avail,472.400,89.200,472.400,89.200,ON,Avail,Compl,Enable,32,0,0,0,0,0,0,6,A,0,0,Avail,Incmpl
427,Incmpl,Enable,OFF,OFF,46,1421,51199.219,51199.219,51199.219,51199.219,51199.219,51199.219,1GRFE ,0,Avail,Incmpl,Incmpl,Enable,0,OFF,OFF,OFF,OFF,ON
428,ON,Avail,Compl,Enable,Compl,CL,CL,Compl,Unable,Not Avl,Compl,Incmpl,Enable,OFF,0,21,384,ON,13.750,15,0.160,3207,13,21
429,-3,OFF,0,0,11.600,OFF,0,0,-3,Avail,Compl,Enable,0,GRN2#  ,2011,ON,0,Not Act,Not Act,0,0,0.015,0,21247.676
430,21247.676,Avail,Incmpl,Avail,Incmpl,Incmpl,Enable,OBD II (California ARB),OFF,OFF,0,0,OFF,0,OFF,1st,OFF,OFF,OFF,OFF,OFF,OFF,-6.250,-3.906
431,ON,OFF,1350,0,OFF,OFF,OFF,ON,Gasoline,1.055,OFF,OFF,0.684,ON,0.234,18.431,0,6,0.918,0.918,2.539,0.918,0.918,2.031
432,50.980,0,18.431,2,0,0,OFF,ECT 5th,NA,OFF,97.878,97.878,20.392,0,Not Avl,0,0,0,0,ON,ON,0,0,0
433,0,14.277,Not Avl,Compl,Compl,Unable,ON,Not Avl,Compl,Compl,Unable,OFF,39.062,38.281,16.875,15,19.531,39.551,15.686,31.765,0.781,1.582,ON,0
434,OFF,ON,ON,0.996,0.988,-0.027,-0.062,3.269,3.308,0,97,51199.219,14.042,31.373,OFF,OFF,OFF,OFF,OFF,OFF,OFF,OFF,Avail,Incmpl
435,Incmpl,Enable,Avail,472.400,89.200,472.400,89.200,ON,Avail,Compl,Enable,32,0,0,0,0,0,0,6,A,0,0,Avail,Incmpl
436,Incmpl,Enable,OFF,OFF,46,1421,51199.219,51199.219,51199.219,51199.219,51199.219,51199.219,1GRFE ,0,Avail,Incmpl,Incmpl,Enable,0,OFF,OFF,OFF,OFF,ON
437,ON,Avail,Compl,Enable,Compl,CL,CL,Compl,Unable,Not Avl,Compl,Incmpl,Enable,OFF,0,21,384,ON,13.750,15,0.160,3207,13,21
438,-3,OFF,0,0,11.600,OFF,0,0,-3,Avail,Compl,Enable,0,GRN2#  ,2011,ON,0,Not Act,Not Act,0,0,0.015,0,21247.676
439,21247.676,Avail,Incmpl,Avail,Incmpl,Incmpl,Enable,OBD II (California ARB),OFF,OFF,0,0,OFF,0,OFF,1st,OFF,OFF,OFF,OFF,OFF,OFF,-6.250,-3.906
440,ON,OFF,1350,0,OFF,OFF,OFF,ON,Gasoline,1.055,OFF,OFF,0.684,ON,0.234,18.431,0,6,0.918,0.918,2.539,0.918,0.918,2.031
441,50.980,0,18.431,2,0,0,OFF,ECT 5th,NA,OFF,97.878,97.878,20.392,0,Not Avl,0,0,0,0,ON,ON,0,0,0
442,0,14.277,Not Avl,Compl,Compl,Unable,ON,Not Avl,Compl,Compl,Unable,OFF,39.062,38.281,16.875,15,19.531,39.551,15.686,31.765,0.781,1.582,ON,0
443,OFF,ON,ON,0.996,0.988,-0.027,-0.062,3.269,3.308,0,97,51199.219,14.042,31.373,OFF,OFF,OFF,OFF,OFF,OFF,OFF,OFF,Avail,Incmpl
444,Incmpl,Enable,Avail,472.400,89.200,472.400,89.200,ON,Avail,Compl,Enable,32,0,0,0,0,0,0,6,A,0,0,Avail,Incmpl
445,Incmpl,Enable,OFF,OFF,46,1421,51199.219,51199.219,51199.219,51199.219,51199.219,51199.219,1GRFE ,0,Avail,Incmpl,Incmpl,Enable,0,OFF,OFF,OFF,OFF,ON
446,ON,Avail,Compl,Enable,Compl,CL,CL,Compl,Unable,Not Avl,Compl,Incmpl,Enable,OFF,0,21,384,ON,13.750,15,0.160,3207,13,21
447,-3,OFF,0,0,11.600,OFF,0,0,-3,Avail,Compl,Enable,0,GRN2#  ,2011,ON,0,Not Act,Not Act,0,0,0.015,0,21247.676
448,21247.676,Avail,Incmpl,Avail,Incmpl,Incmpl,Enable,OBD II (California ARB),OFF,OFF,0,0,OFF,0,OFF,1st,OFF,OFF,OFF,OFF,OFF,OFF,-6.250,-3.906
449,ON,OFF,1350,0,OFF,OFF,OFF,ON,Gasoline,1.055,OFF,OFF,0.684,ON,0.234,18.431,0,6,0.918,0.918,2.539,0.918,0.918,2.031
450,50.980,0,18.431,2,0,0,OFF,ECT 5th,NA,OFF,97.878,97.878,20.392,0,Not Avl,0,0,0,0,ON,ON,0,0,0
451,0,14.277,Not Avl,Compl,Compl,Unable,ON,Not Avl,Compl,Compl,Unable,OFF,39.062,38.281,16.875,15,19.531,39.551,15.686,31.765,0.781,1.582,ON,0
452,OFF,ON,ON,0.996,0.988,-0.027,-0.062,3.269,3.308,0,97,51199.219,14.042,31.373,OFF,OFF,OFF,OFF,OFF,OFF,OFF,OFF,Avail,Incmpl
453,Incmpl,Enable,Avail,472.400,89.200,472.400,89.200,ON,Avail,Compl,Enable,32,0,0,0,0,0,0,6,A,0,0,Avail,Incmpl
454,Incmpl,Enable,OFF,OFF,46,1421,51199.219,51199.219,51199.219,51199.219,51199.219,51199.219,1GRFE ,0,Avail,Incmpl,Incmpl,Enable,0,OFF,OFF,OFF,OFF,ON
455,ON,Avail,Compl,Enable,Compl,CL,CL,Compl,Unable,Not Avl,Compl,Incmpl,Enable,OFF,0,21,384,ON,13.750,15,0.160,3207,13,21
456,-3,OFF,0,0,11.600,OFF,0,0,-3,Avail,Compl,Enable,0,GRN2#  ,2011,ON,0,Not Act,Not Act,0,0,0.015,0,21247.676
457,21247.676,Avail,Incmpl,Avail,Incmpl,Incmpl,Enable,OBD II (California ARB),OFF,OFF,0,0,OFF,0,OFF,1st,OFF,OFF,OFF,OFF,OFF,OFF,-6.250,-3.906
458,ON,OFF,1350,0,OFF,OFF,OFF,ON,Gasoline,1.055,OFF,OFF,0.684,ON,0.234,18.431,0,6,0.918,0.918,2.539,0.918,0.918,2.031
459,50.980,0,18.431,2,0,0,OFF,ECT 5th,NA,OFF,97.878,97.878,20.392,0,Not Avl,0,0,0,0,ON,ON,0,0,0
460,0,14.277,Not Avl,Compl,Compl,Unable,ON,Not Avl,Compl,Compl,Unable,OFF,39.062,38.281,16.875,15,19.531,39.551,15.686,31.765,0.781,1.582,ON,0
461,OFF,ON,ON,0.996,0.988,-0.027,-0.062,3.269,3.308,0,97,51199.219,14.042,31.373,OFF,OFF,OFF,OFF,OFF,OFF,OFF,OFF,Avail,Incmpl
462,Incmpl,Enable,Avail,472.400,89.200,472.400,89.200,ON,Avail,Compl,Enable,32,0,0,0,0,0,0,6,A,0,0,Avail,Incmpl
463,Incmpl,Enable,OFF,OFF,46,1421,51199.219,51199.219,51199.219,51199.219,51199.219,51199.219,1GRFE ,0,Avail,Incmpl,Incmpl,Enable,0,OFF,OFF,OFF,OFF,ON
464,ON,Avail,Compl,Enable,Compl,CL,CL,Compl,Unable,Not Avl,Compl,Incmpl,Enable,OFF,0,21,384,ON,13.750,15,0.160,3207,13,21
465,-3,OFF,0,0,11.600,OFF,0,0,-3,Avail,Compl,Enable,0,GRN2#  ,2011,ON,0,Not Act,Not Act,0,0,0.015,0,21247.676
466,21247.676,Avail,Incmpl,Avail,Incmpl,Incmpl,Enable,OBD II (California ARB),OFF,OFF,0,0,OFF,0,OFF,1st,OFF,OFF,OFF,OFF,OFF,OFF,-6.250,-3.906
467,ON,OFF,1350,0,OFF,OFF,OFF,ON,Gasoline,1.055,OFF,OFF,0.684,ON,0.234,18.431,0,6,0.918,0.918,2.539,0.918,0.918,2.031
468,50.980,0,18.431,2,0,0,OFF,ECT 5th,NA,OFF,97.878,97.878,20.392,0,Not Avl,0,0,0,0,ON,ON,0,0,0
469,0,14.277,Not Avl,Compl,Compl,Unable,ON,Not Avl,Compl,Compl,Unable,OFF,39.062,38.281,16.875,15,19.531,39.551,15.686,31.765,0.781,1.582,ON,0
470,OFF,ON,ON,0.996,0.988,-0.027,-0.062,3.269,3.308,0,97,51199.219,14.042,31.373,OFF,OFF,OFF,OFF,OFF,OFF,OFF,OFF,Avail,Incmpl
471,Incmpl,Enable,Avail,472.400,89.200,472.400,89.200,ON,Avail,Compl,Enable,32,0,0,0,0,0,0,6,A,0,0,Avail,Incmpl
472,Incmpl,Enable,OFF,OFF,46,1421,51199.219,51199.219,51199.219,51199.219,51199.219,51199.219,1GRFE ,0,Avail,Incmpl,Incmpl,Enable,0,OFF,OFF,OFF,OFF,ON
473,ON,Avail,Compl,Enable,Compl,CL,CL,Compl,Unable,Not Avl,Compl,Incmpl,Enable,OFF,0,21,384,ON,13.750,15,0.160,3207,13,21
474,-3,OFF,0,0,11.600,OFF,0,0,-3,Avail,Compl,Enable,0,GRN2#  ,2011,ON,0,Not Act,Not Act,0,0,0.015,0,21247.676
475,21247.676,Avail,Incmpl,Avail,Incmpl,Incmpl,Enable,OBD II (California ARB),OFF,OFF,0,0,OFF,0,OFF,1st,OFF,OFF,OFF,OFF,OFF,OFF,-6.250,-3.906
476,ON,OFF,1350,0,OFF,OFF,OFF,ON,Gasoline,1.055,OFF,OFF,0.684,ON,0.234,18.431,0,6,0.918,0.918,2.539,0.918,0.918,2.031
477,50.980,0,18.431,2,0,0,OFF,ECT 5th,NA,OFF,97.878,97.878,20.392,0,Not Avl,0,0,0,0,ON,ON,0,0,0
478,0,14.277,Not Avl,Compl,Compl,Unable,ON,Not Avl,Compl,Compl,Unable,OFF,39.062,38.281,16.875,15,19.531,39.551,15.686,31.765,0.781,1.582,ON,0
479,OFF,ON,ON,0.996,0.988,-0.027,-0.062,3.269,3.308,0,97,51199.219,14.042,31.373,OFF,OFF,OFF,OFF,OFF,OFF,OFF,OFF,Avail,Incmpl
480,Incmpl,Enable,Avail,472.400,89.200,472.400,89.200,ON,Avail,Compl,Enable,32,0,0,0,0,0,0,6,A,0,0,Avail,Incmpl
481,Incmpl,Enable,OFF,OFF,46,1421,51199.219,51199.219,51199.219,51199.219,51199.219,51199.219,1GRFE ,0,Avail,Incmpl,Incmpl,Enable,0,OFF,OFF,OFF,OFF,ON
482,ON,Avail,Compl,Enable,Compl,CL,CL,Compl,Unable,Not Avl,Compl,Incmpl,Enable,OFF,0,21,384,ON,13.750,15,0.160,3207,13,21
483,-3,OFF,0,0,11.600,OFF,0,0,-3,Avail,Compl,Enable,0,GRN2#  ,2011,ON,0,Not Act,Not Act,0,0,0.015,0,21247.676
484,21247.676,Avail,Incmpl,Avail,Incmpl,Incmpl,Enable,OBD II (California ARB),OFF,OFF,0,0,OFF,0,OFF,1st,OFF,OFF,OFF,OFF,OFF,OFF,-6.250,-3.906
485,ON,OFF,1350,0,OFF,OFF,OFF,ON,Gasoline,1.055,OFF,OFF,0.684,ON,0.234,18.431,0,6,0.918,0.918,2.539,0.918,0.918,2.031
486,50.980,0,18.431,2,0,0,OFF,ECT 5th,NA,OFF,97.878,97.878,20.392,0,Not Avl,0,0,0,0,ON,ON,0,0,0
487,0,14.277,Not Avl,Compl,Compl,Unable,ON,Not Avl,Compl,Compl,Unable,OFF,39.062,38.281,16.875,15,19.531,39.551,15.686,31.765,0.781,1.582,ON,0
488,OFF,ON,ON,0.996,0.988,-0.027,-0.062,3.269,3.308,0,97,51199.219,14.042,31.373,OFF,OFF,OFF,OFF,OFF,OFF,OFF,OFF,Avail,Incmpl
489,Incmpl,Enable,Avail,472.400,89.200,472.400,89.200,ON,Avail,Compl,Enable,32,0,0,0,0,0,0,6,A,0,0,Avail,Incmpl
490,Incmpl,Enable,OFF,OFF,46,1421,51199.219,51199.219,51199.219,51199.219,51199.219,51199.219,1GRFE ,0,Avail,Incmpl,Incmpl,Enable,0,OFF,OFF,OFF,OFF,ON
491,ON,Avail,Compl,Enable,Compl,CL,CL,Compl,Unable,Not Avl,Compl,Incmpl,Enable,OFF,0,21,384,ON,13.750,15,0.160,3207,13,21
492,-3,OFF,0,0,11.600,OFF,0,0,-3,Avail,Compl,Enable,0,GRN2#  ,2011,ON,0,Not Act,Not Act,0,0,0.015,0,21247.676
493,21247.676,Avail,Incmpl,Avail,Incmpl,Incmpl,Enable,OBD II (California ARB),OFF,OFF,0,0,OFF,0,OFF,1st,OFF,OFF,OFF,OFF,OFF,OFF,-6.250,-3.906
494,ON,OFF,1350,0,OFF,OFF,OFF,ON,Gasoline,1.055,OFF,OFF,0.684,ON,0.234,18.431,0,6,0.918,0.918,2.539,0.918,0.918,2.031
495,50.980,0,18.431,2,0,0,OFF,ECT 5th,NA,OFF,97.878,97.878,20.392,0,Not Avl,0,0,0,0,ON,ON,0,0,0
496,0,14.277,Not Avl,Compl,Compl,Unable,ON,Not Avl,Compl,Compl,Unable,OFF,39.062,38.281,16.875,15,19.531,39.551,15.686,31.765,0.781,1.582,ON,0
497,OFF,ON,ON,0.996,0.988,-0.027,-0.062,3.269,3.308,0,97,51199.219,14.042,31.373,OFF,OFF,OFF,OFF,OFF,OFF,OFF,OFF,Avail,Incmpl
498,Incmpl,Enable,Avail,472.400,89.200,472.400,89.200,ON,Avail,Compl,Enable,32,0,0,0,0,0,0,6,A,0,0,Avail,Incmpl
499,Incmpl,Enable,OFF,OFF,46,1421,51199.219,51199.219,51199.219,51199.219,51199.219,51199.219,1GRFE ,0,Avail,Incmpl,Incmpl,Enable,0,OFF,OFF,OFF,OFF,ON
500,ON,Avail,Compl,Enable,Compl,CL,CL,Compl,Unable,Not Avl,Compl,Incmpl,Enable,OFF,0,21,384,ON,13.750,15,0.160,3207,13,21
501,-3,OFF,0,0,11.600,OFF,0,0,-3,Avail,Compl,Enable,0,GRN2#  ,2011,ON,0,Not Act,Not Act,0,0,0.015,0,21247.676
502,21247.676,Avail,Incmpl,Avail,Incmpl,Incmpl,Enable,OBD II (California ARB),OFF,OFF,0,0,OFF,0,OFF,1st,OFF,OFF,OFF,OFF,OFF,OFF,-6.250,-3.906
503,ON,OFF,1350,0,OFF,OFF,OFF,ON,Gasoline,1.055,OFF,OFF,0.684,ON,0.234,18.431,0,6,0.918,0.918,2.539,0.918,0.918,2.031
504,50.980,0,18.431,2,0,0,OFF,ECT 5th,NA,OFF,97.878,97.878,20.392,0,Not Avl,0,0,0,0,ON,ON,0,0,0
505,0,14.277,Not Avl,Compl,Compl,Unable,ON,Not Avl,Compl,Compl,Unable,OFF,39.062,38.281,16.875,15,19.531,39.551,15.686,31.765,0.781,1.582,ON,0
506,OFF,ON,ON,0.996,0.988,-0.027,-0.062,3.269,3.308,0,97,51199.219,14.042,31.373,OFF,OFF,OFF,OFF,OFF,OFF,OFF,OFF,Avail,Incmpl
507,Incmpl,Enable,Avail,472.400,89.200,472.400,89.200,ON,Avail,Compl,Enable,32,0,0,0,0,0,0,6,A,0,0,Avail,Incmpl
508,Incmpl,Enable,OFF,OFF,46,1421,51199.219,51199.219,51199.219,51199.219,51199.219,51199.219,1GRFE ,0,Avail,Incmpl,Incmpl,Enable,0,OFF,OFF,OFF,OFF,ON
509,ON,Avail,Compl,Enable,Compl,CL,CL,Compl,Unable,Not Avl,Compl,Incmpl,Enable,OFF,0,21,384,ON,13.750,15,0.160,3207,13,21
510,-3,OFF,0,0,11.600,OFF,0,0,-3,Avail,Compl,Enable,0,GRN2#  ,2011,ON,0,Not Act,Not Act,0,0,0.015,0,21247.676
511,21247.676,Avail,Incmpl,Avail,Incmpl,Incmpl,Enable,OBD II (California ARB),OFF,OFF,0,0,OFF,0,OFF,1st,OFF,OFF,OFF,OFF,OFF,OFF,-6.250,-3.906
512,ON,OFF,1350,0,OFF,OFF,OFF,ON,Gasoline,1.055,OFF,OFF,0.684,ON,0.234,18.431,0,6,0.918,0.918,2.539,0.918,0.918,2.031
513,50.980,0,18.431,2,0,0,OFF,ECT 5th,NA,OFF,97.878,97.878,20.392,0,Not Avl,0,0,0,0,ON,ON,0,0,0
514,0,14.277,Not Avl,Compl,Compl,Unable,ON,Not Avl,Compl,Compl,Unable,OFF,39.062,38.281,16.875,15,19.531,39.551,15.686,31.765,0.781,1.582,ON,0
515,OFF,ON,ON,0.996,0.988,-0.027,-0.062,3.269,3.308,0,97,51199.219,14.042,31.373,OFF,OFF,OFF,OFF,OFF,OFF,OFF,OFF,Avail,Incmpl
516,Incmpl,Enable,Avail,472.400,89.200,472.400,89.200,ON,Avail,Compl,Enable,32,0,0,0,0,0,0,6,A,0,0,Avail,Incmpl
517,Incmpl,Enable,OFF,OFF,46,1421,51199.219,51199.219,51199.219,51199.219,51199.219,51199.219,1GRFE ,0,Avail,Incmpl,Incmpl,Enable,0,OFF,OFF,OFF,OFF,ON
518,ON,Avail,Compl,Enable,Compl,CL,CL,Compl,Unable,Not Avl,Compl,Incmpl,Enable,OFF,0,21,384,ON,13.750,15,0.160,3207,13,21
519,-3,OFF,0,0,11.600,OFF,0,0,-3,Avail,Compl,Enable,0,GRN2#  ,2011,ON,0,Not Act,Not Act,0,0,0.015,0,21247.676
520,21247.676,Avail,Incmpl,Avail,Incmpl,Incmpl,Enable,OBD II (California ARB),OFF,OFF,0,0,OFF,0,OFF,1st,OFF,OFF,OFF,OFF,OFF,OFF,-6.250,-3.906
521,ON,OFF,1350,0,OFF,OFF,OFF,ON,Gasoline,1.055,OFF,OFF,0.684,ON,0.234,18.431,0,6,0.918,0.918,2.539,0.918,0.918,2.031
522,50.980,0,18.431,2,0,0,OFF,ECT 5th,NA,OFF,97.878,97.878,20.392,0,Not Avl,0,0,0,0,ON,ON,0,0,0
523,0,14.277,Not Avl,Compl,Compl,Unable,ON,Not Avl,Compl,Compl,Unable,OFF,39.062,38.281,16.875,15,19.531,39.551,15.686,31.765,0.781,1.582,ON,0
524,OFF,ON,ON,0.996,0.988,-0.027,-0.062,3.269,3.308,0,97,51199.219,14.042,31.373,OFF,OFF,OFF,OFF,OFF,OFF,OFF,OFF,Avail,Incmpl
525,Incmpl,Enable,Avail,472.400,89.200,472.400,89.200,ON,Avail,Compl,Enable,32,0,0,0,0,0,0,6,A,0,0,Avail,Incmpl
526,Incmpl,Enable,OFF,OFF,46,1421,51199.219,51199.219,51199.219,51199.219,51199.219,51199.219,1GRFE ,0,Avail,Incmpl,Incmpl,Enable,0,OFF,OFF,OFF,OFF,ON
527,ON,Avail,Compl,Enable,Compl,CL,CL,Compl,Unable,Not Avl,Compl,Incmpl,Enable,OFF,0,21,384,ON,13.750,15,0.160,3207,13,21
528,-3,OFF,0,0,11.600,OFF,0,0,-3,Avail,Compl,Enable,0,GRN2#  ,2011,ON,0,Not Act,Not Act,0,0,0.015,0,21247.676
529,21247.676,Avail,Incmpl,Avail,Incmpl,Incmpl,Enable,OBD II (California ARB),OFF,OFF,0,0,OFF,0,OFF,1st,OFF,OFF,OFF,OFF,OFF,OFF,-6.250,-3.906
530,ON,OFF,1350,0,OFF,OFF,OFF,ON,Gasoline,1.055,OFF,OFF,0.684,ON,0.234,18.431,0,6,0.918,0.918,2.539,0.918,0.918,2.031
531,50.980,0,18.431,2,0,0,OFF,ECT 5th,NA,OFF,97.878,97.878,20.392,0,Not Avl,0,0,0,0,ON,ON,0,0,0
532,0,14.277,Not Avl,Compl,Compl,Unable,ON,Not Avl,Compl,Compl,Unable,OFF,39.062,38.281,16.875,15,19.531,39.551,15.686,31.765,0.781,1.582,ON,0
533,OFF,ON,ON,0.996,0.988,-0.027,-0.062,3.269,3.308,0,97,51199.219,14.042,31.373,OFF,OFF,OFF,OFF,OFF,OFF,OFF,OFF,Avail,Incmpl
534,Incmpl,Enable,Avail,472.400,89.200,472.400,89.200,ON,Avail,Compl,Enable,32,0,0,0,0,0,0,6,A,0,0,Avail,Incmpl
535,Incmpl,Enable,OFF,OFF,46,1421,51199.219,51199.219,51199.219,51199.219,51199.219,51199.219,1GRFE ,0,Avail,Incmpl,Incmpl,Enable,0,OFF,OFF,OFF,OFF,ON
536,ON,Avail,Compl,Enable,Compl,CL,CL,Compl,Unable,Not Avl,Compl,Incmpl,Enable,OFF,0,21,384,ON,13.750,15,0.160,3207,13,21
537,-3,OFF,0,0,11.600,OFF,0,0,-3,Avail,Compl,Enable,0,GRN2#  ,2011,ON,0,Not Act,Not Act,0,0,0.015,0,21247.676
538,21247.676,Avail,Incmpl,Avail,Incmpl,Incmpl,Enable,OBD II (California ARB),OFF,OFF,0,0,OFF,0,OFF,1st,OFF,OFF,OFF,OFF,OFF,OFF,-6.250,-3.906
539,ON,OFF,1350,0,OFF,OFF,OFF,ON,Gasoline,1.055,OFF,OFF,0.684,ON,0.234,18.431,0,6,0.918,0.918,2.539,0.918,0.918,2.031
540,50.980,0,18.431,2,0,0,OFF,ECT 5th,NA,OFF,97.878,97.878,20.392,0,Not Avl,0,0,0,0,ON,ON,0,0,0
541,0,14.277,Not Avl,Compl,Compl,Unable,ON,Not Avl,Compl,Compl,Unable,OFF,39.062,38.281,16.875,15,19.531,39.551,15.686,31.765,0.781,1.582,ON,0
542,OFF,ON,ON,0.996,0.988,-0.027,-0.062,3.269,3.308,0,97,51199.219,14.042,31.373,OFF,OFF,OFF,OFF,OFF,OFF,OFF,OFF,Avail,Incmpl
543,Incmpl,Enable,Avail,472.400,89.200,472.400,89.200,ON,Avail,Compl,Enable,32,0,0,0,0,0,0,6,A,0,0,Avail,Incmpl
544,Incmpl,Enable,OFF,OFF,46,1421,51199.219,51199.219,51199.219,51199.219,51199.219,51199.219,1GRFE ,0,Avail,Incmpl,Incmpl,Enable,0,OFF,OFF,OFF,OFF,ON
545,ON,Avail,Compl,Enable,Compl,CL,CL,Compl,Unable,Not Avl,Compl,Incmpl,Enable,OFF,0,21,384,ON,13.750,15,0.160,3207,13,21
546,-3,OFF,0,0,11.600,OFF,0,0,-3,Avail,Compl,Enable,0,GRN2#  ,2011,ON,0,Not Act,Not Act,0,0,0.015,0,21247.676
547,21247.676,Avail,Incmpl,Avail,Incmpl,Incmpl,Enable,OBD II (California ARB),OFF,OFF,0,0,OFF,0,OFF,1st,OFF,OFF,OFF,OFF,OFF,OFF,-6.250,-3.906
548,ON,OFF,1350,0,OFF,OFF,OFF,ON,Gasoline,1.055,OFF,OFF,0.684,ON,0.234,18.431,0,6,0.918,0.918,2.539,0.918,0.918,2.031
549,50.980,0,18.431,2,0,0,OFF,ECT 5th,NA,OFF,97.878,97.878,20.392,0,Not Avl,0,0,0,0,ON,ON,0,0,0
