Num,1. A/C Compressor Active (A/C Pressure)
1,On
2,916.44
3,0.41
4,8.00
5,OK
6,0.95
7,975
8,-1.50
9,14.36
10,970
11,Off
12,0
13,0.25
14,0.09
15,0.28
16,0.03
17,On
18,Off
19,Off
20,Off
21,Off
22,87.75
23,7.84
24,0
25,2.19
26,41.18
27,396.82
28,400
29,On
30,46.35
31,24
32,-910
33,37.50
34,3.30
35,-1.00
36,7.84
37,3.00
38,C/L
39,0.10
40,1.08
41,1.00
42,45.40
43,0
44,0
45,0
46,0
47,1
48,0
49,1
50,0
51,7.69
52,79.68
53,Off
54,1.00
55,0.78
56,3.12
57,3.37
58,0.94
59,7.45
60,0.86
61,7.45
62,4.14
63,7.45
64,0
65,78
66,On
67,916.44
68,0.41
69,8.00
70,OK
71,0.95
72,975
73,-1.50
74,14.36
75,970
76,Off
77,0
78,0.25
79,0.09
80,0.28
81,0.03
82,On
83,Off
84,Off
85,Off
86,Off
87,87.75
88,7.84
89,0
90,2.19
91,41.18
92,396.82
93,400
94,On
95,46.35
96,24
97,-910
98,37.50
99,3.30
100,-1.00
101,7.84
102,3.00
103,C/L
104,0.10
105,1.08
106,1.00
107,45.40
108,0
109,0
110,0
111,0
112,1
113,0
114,1
115,0
116,7.69
117,79.68
118,Off
119,1.00
120,0.78
121,3.12
122,3.37
123,0.94
124,7.45
125,0.86
126,7.45
127,4.14
128,7.45
129,0
130,78
131,On
132,943.41
133,0.41
134,8.00
135,OK
136,0.95
137,975
138,-1.50
139,14.36
140,970
141,Off
142,0
143,0.25
144,0.09
145,0.28
146,0.03
147,On
148,Off
149,Off
150,Off
151,Off
152,87.75
153,7.84
154,0
155,2.19
156,41.18
157,396.82
158,400
159,On
160,46.35
161,24
162,-910
163,37.50
164,3.30
165,-1.00
166,7.84
167,3.00
168,C/L
169,0.10
170,1.08
171,1.00
172,45.40
173,0
174,0
175,0
176,0
177,1
178,0
179,1
180,0
181,7.69
182,79.68
183,Off
184,1.00
185,0.78
186,3.12
187,3.37
188,0.94
189,7.45
190,0.86
191,7.45
192,4.14
193,7.45
194,0
195,78
196,On
197,943.41
198,0.41
199,8.00
200,OK
201,0.95
202,975
203,-1.50
204,14.36
205,970
206,Off
207,0
208,0.25
209,0.09
210,0.28
211,0.03
212,On
213,Off
214,Off
215,Off
216,Off
217,87.75
218,7.84
219,0
220,2.19
221,41.18
222,396.82
223,400
224,On
225,46.35
226,24
227,-910
228,37.50
229,3.30
230,-1.00
231,7.84
232,3.00
233,C/L
234,0.10
235,1.08
236,1.00
237,45.40
238,0
239,0
240,0
241,0
242,1
243,0
244,1
245,0
246,7.69
247,79.68
248,Off
249,1.00
250,0.78
251,3.12
252,3.37
253,0.94
254,7.45
255,0.86
256,7.45
257,4.14
258,7.45
259,0
260,78
261,On
262,943.41
263,0.41
264,8.02
265,OK
266,0.95
267,975
268,-1.50
269,14.36
270,970
271,Off
272,0
273,0.25
274,0.09
275,0.28
276,0.03
277,On
278,Off
279,Off
280,Off
281,Off
282,87.75
283,7.84
284,0
285,2.19
286,41.18
287,396.82
288,400
289,On
290,46.35
291,24
292,-910
293,37.50
294,3.30
295,-1.00
296,7.84
297,3.00
298,C/L
299,0.10
300,1.08
301,1.00
302,45.40
303,0
304,0
305,0
306,0
307,1
308,0
309,1
310,0
311,7.69
312,79.68
313,Off
314,1.00
315,0.78
316,3.12
317,3.37
318,0.94
319,7.45
320,0.86
321,7.45
322,4.14
323,7.45
324,0
325,78
326,On
327,943.41
328,0.41
329,8.02
330,OK
331,0.95
332,975
333,-1.50
334,14.36
335,970
336,Off
337,0
338,0.25
339,0.09
340,0.28
341,0.03
342,On
343,Off
344,Off
345,Off
346,Off
347,87.75
348,7.84
349,0
350,2.19
351,41.18
352,396.82
353,400
354,On
355,46.35
356,24
357,-910
358,37.50
359,3.30
360,-1.00
361,7.84
362,3.00
363,C/L
364,0.10
365,1.08
366,1.00
367,45.40
368,0
369,0
370,0
371,0
372,1
373,0
374,1
375,0
376,7.69
377,79.68
378,Off
379,1.00
380,0.78
381,3.12
382,3.37
383,0.94
384,7.45
385,0.86
386,7.45
387,4.14
388,7.45
389,0
390,78
391,On
392,943.41
393,0.41
394,8.02
395,OK
396,0.95
397,975
398,-1.50
399,14.36
400,970
401,Off
402,0
403,0.25
404,0.09
405,0.28
406,0.03
407,On
408,Off
409,Off
410,Off
411,Off
412,87.75
413,7.84
414,0
415,2.19
416,41.18
417,396.82
418,400
419,On
420,46.35
421,24
422,-910
423,37.50
424,3.30
425,-1.00
426,7.84
427,3.00
428,C/L
429,0.10
430,1.08
431,1.00
432,45.40
433,0
434,0
435,0
436,0
437,1
438,0
439,1
440,0
441,7.69
442,79.68
443,Off
444,1.00
445,0.78
446,3.12
447,3.37
448,0.94
449,7.45
450,0.86
451,7.45
452,4.14
453,7.45
454,0
455,78
456,On
457,943.41
458,0.41
459,8.02
460,OK
461,0.95
462,975
463,-1.50
464,14.36
465,970
466,Off
467,0
468,0.25
469,0.09
470,0.28
471,0.03
472,On
473,Off
474,Off
475,Off
476,Off
477,87.75
478,7.84
479,0
480,2.19
481,41.18
482,396.82
483,400
484,On
485,46.35
486,24
487,-910
488,37.50
489,3.30
490,-1.00
491,7.84
492,3.00
493,C/L
494,0.10
495,1.08
496,1.00
497,45.40
498,0
499,0
500,0
501,0
502,1
503,0
504,1
505,0
506,7.69
507,79.68
508,Off
509,1.00
510,0.78
511,3.12
512,3.37
513,0.94
514,7.45
515,0.86
516,7.45
517,4.14
518,7.45
519,0
520,78
521,On
522,943.41
523,0.41
524,8.02
525,OK
526,0.95
527,975
528,-1.50
529,14.36
530,970
531,Off
532,0
533,0.25
534,0.09
535,0.28
536,0.03
537,On
538,Off
539,Off
540,Off
541,Off
542,87.75
543,7.84
544,0
545,2.19
546,41.18
547,396.82
548,400
549,On
550,46.35
551,24
552,-910
553,37.50
554,3.30
555,-1.00
556,7.84
557,3.00
558,C/L
559,0.10
560,1.08
561,1.00
562,45.40
563,0
564,0
565,0
566,0
567,1
568,0
569,1
570,0
571,7.69
572,79.68
573,Off
574,1.00
575,0.78
576,3.12
577,3.37
578,0.94
579,7.45
580,0.86
581,7.45
582,4.14
583,7.45
584,0
585,78
586,On
587,943.41
588,0.41
589,8.02
590,OK
591,0.95
592,975
593,-1.50
594,14.36
595,970
596,Off
597,0
598,0.25
599,0.09
600,0.28
601,0.03
602,On
603,Off
604,Off
605,Off
606,Off
607,87.75
608,7.84
609,0
610,2.19
611,41.18
612,396.82
613,400
614,On
615,46.35
616,24
617,-910
618,37.50
619,3.30
620,-1.00
621,7.84
622,3.00
623,C/L
624,0.10
625,1.08
626,1.00
627,45.40
628,0
629,0
630,0
631,0
632,1
633,0
634,1
635,0
636,7.69
637,79.68
638,Off
639,1.00
640,0.78
641,3.12
642,3.37
643,0.94
644,7.45
645,0.86
646,7.45
647,4.14
648,7.45
649,0
650,78
651,On
652,943.41
653,0.41
654,8.02
655,OK
656,0.95
657,975
658,-1.50
659,14.36
660,970
661,Off
662,0
663,0.25
664,0.09
665,0.28
666,0.03
667,On
668,Off
669,Off
670,Off
671,Off
672,87.75
673,7.84
674,0
675,2.19
676,41.18
677,396.82
678,400
679,On
680,46.35
681,24
682,-910
683,37.50
684,3.30
685,-1.00
686,7.84
687,3.00
688,C/L
689,0.10
690,1.08
691,1.00
692,45.40
693,0
694,0
695,0
696,0
697,1
698,0
699,1
700,0
701,7.69
702,79.68
703,Off
704,1.00
705,0.78
706,3.12
707,3.37
708,0.94
709,7.45
710,0.86
711,7.45
712,4.14
713,7.45
714,0
715,78
716,On
717,943.41
718,0.41
719,8.02
720,OK
721,0.95
722,975
723,-1.50
724,14.36
725,970
726,Off
727,0
728,0.25
729,0.09
730,0.28
731,0.03
732,On
733,Off
734,Off
735,Off
736,Off
737,87.75
738,7.84
739,0
740,2.19
741,41.18
742,396.82
743,400
744,On
745,46.35
746,24
747,-910
748,37.50
749,3.30
750,-1.00
751,7.84
752,3.00
753,C/L
754,0.10
755,1.08
756,1.00
757,45.40
758,0
759,0
760,0
761,0
762,1
763,0
764,1
765,0
766,7.69
767,79.68
768,Off
769,1.00
770,0.78
771,3.12
772,3.37
773,0.94
774,7.45
775,0.86
776,7.45
777,4.14
778,7.45
779,0
780,78
781,On
782,943.41
783,0.41
784,8.02
785,OK
786,0.95
787,975
788,-1.50
789,14.36
790,970
791,Off
792,0
793,0.25
794,0.09
795,0.28
796,0.03
797,On
798,Off
799,Off
800,Off
801,Off
802,87.75
803,7.84
804,0
805,2.19
806,41.18
807,396.82
808,400
809,On
810,46.35
811,24
812,-910
813,37.50
814,3.30
815,-1.00
816,7.84
817,3.00
818,C/L
819,0.10
820,1.08
821,1.00
822,45.40
823,0
824,0
825,0
826,0
827,1
828,0
829,1
830,0
831,7.69
832,79.68
833,Off
834,1.00
835,0.78
836,3.12
837,3.37
838,0.94
839,7.45
840,0.86
841,7.45
842,4.14
843,7.45
844,0
845,78
846,On
847,943.41
848,0.41
849,8.02
850,OK
851,0.95
852,975
853,-1.50
854,14.36
855,970
856,Off
857,0
858,1.01
859,0.09
860,0.28
861,0.03
862,On
863,Off
864,Off
865,Off
866,Off
867,87.75
868,7.84
869,0
870,2.19
871,41.18
872,396.82
873,400
874,On
875,46.35
876,24
877,-910
878,37.50
879,3.30
880,-1.00
881,7.84
882,3.00
883,C/L
884,0.10
885,1.08
886,1.00
887,45.40
888,0
889,0
890,0
891,0
892,1
893,0
894,1
895,0
896,7.69
897,79.68
898,Off
899,1.00
900,0.78
901,3.12
902,3.37
903,0.94
904,7.45
905,0.86
906,7.45
907,4.14
908,7.45
909,0
910,78
911,On
912,943.41
913,0.41
914,8.02
915,OK
916,0.95
917,975
918,-1.50
919,14.36
920,970
921,Off
922,0
923,1.01
924,0.36
925,0.28
926,0.03
927,On
928,Off
929,Off
930,Off
931,Off
932,87.75
933,7.84
934,0
935,2.19
936,41.18
937,396.82
938,400
939,On
940,46.35
941,24
942,-910
943,37.50
944,3.30
945,-1.00
946,7.84
947,3.00
948,C/L
949,0.10
950,1.08
951,1.00
952,45.40
953,0
954,0
955,0
956,0
957,1
958,0
959,1
960,0
961,7.69
962,79.68
963,Off
964,1.00
965,0.78
966,3.12
967,3.37
968,0.94
969,7.45
970,0.86
971,7.45
972,4.14
973,7.45
974,0
975,78
976,On
977,943.41
978,0.41
979,8.02
980,OK
981,0.95
982,975
983,-1.50
984,14.36
985,970
986,Off
987,0
988,1.01
989,0.36
990,10.50
991,0.03
992,On
993,Off
994,Off
995,Off
996,Off
997,87.75
998,7.84
999,0
1000,2.19
1001,41.18
1002,396.82
1003,400
1004,On
1005,46.35
1006,24
1007,-910
1008,37.50
1009,3.30
1010,-1.00
1011,7.84
1012,3.00
1013,C/L
1014,0.10
1015,1.08
1016,1.00
1017,45.40
1018,0
1019,0
1020,0
1021,0
1022,1
1023,0
1024,1
1025,0
1026,7.69
1027,79.68
1028,Off
1029,1.00
1030,0.78
1031,3.12
1032,3.37
1033,0.94
1034,7.45
1035,0.86
1036,7.45
1037,4.14
1038,7.45
1039,0
1040,78
1041,On
1042,943.41
1043,0.41
1044,8.02
1045,OK
1046,0.95
1047,975
1048,-1.50
1049,14.36
1050,970
1051,Off
1052,0
1053,1.01
1054,0.36
1055,10.50
1056,0.36
1057,On
1058,Off
1059,Off
1060,Off
1061,Off
1062,87.75
1063,7.84
1064,0
1065,2.19
1066,41.18
1067,396.82
1068,400
1069,On
1070,46.35
1071,24
1072,-910
1073,37.50
1074,3.30
1075,-1.00
1076,7.84
1077,3.00
1078,C/L
1079,0.10
1080,1.08
1081,1.00
1082,45.40
1083,0
1084,0
1085,0
1086,0
1087,1
1088,0
1089,1
1090,0
1091,7.69
1092,79.68
1093,Off
1094,1.00
1095,0.78
1096,3.12
1097,3.37
1098,0.94
1099,7.45
1100,0.86
1101,7.45
1102,4.14
1103,7.45
1104,0
1105,78
1106,On
1107,943.41
1108,0.41
1109,8.02
1110,OK
1111,0.95
1112,975
1113,-1.50
1114,14.36
1115,970
1116,Off
1117,0
1118,1.01
1119,0.36
1120,10.50
1121,0.36
1122,Off
1123,Off
1124,Off
1125,Off
1126,Off
1127,87.75
1128,7.84
1129,0
1130,2.19
1131,41.18
1132,396.82
1133,400
1134,On
1135,46.35
1136,24
1137,-910
1138,37.50
1139,3.30
1140,-1.00
1141,7.84
1142,3.00
1143,C/L
1144,0.10
1145,1.08
1146,1.00
1147,45.40
1148,0
1149,0
1150,0
1151,0
1152,1
1153,0
1154,1
1155,0
1156,7.69
1157,79.68
1158,Off
1159,1.00
1160,0.78
1161,3.12
1162,3.37
1163,0.94
1164,7.45
1165,0.86
1166,7.45
1167,4.14
1168,7.45
1169,0
1170,78
1171,On
1172,943.41
1173,0.41
1174,8.02
1175,OK
1176,0.95
1177,975
1178,-1.50
1179,14.36
1180,970
1181,Off
1182,0
1183,1.01
1184,0.36
1185,10.50
1186,0.36
1187,Off
1188,Off
1189,Off
1190,Off
1191,Off
1192,87.75
1193,7.84
1194,0
1195,2.19
1196,41.18
1197,396.82
1198,400
1199,On
1200,46.35
1201,24
1202,-910
1203,37.50
1204,3.30
1205,-1.00
1206,7.84
1207,3.00
1208,C/L
1209,0.10
1210,1.08
1211,1.00
1212,45.40
1213,0
1214,0
1215,0
1216,0
1217,1
1218,0
1219,1
1220,0
1221,7.69
1222,79.68
1223,Off
1224,1.00
1225,0.78
1226,3.12
1227,3.37
1228,0.94
1229,7.45
1230,0.86
1231,7.45
1232,4.14
1233,7.45
1234,0
1235,78
1236,On
1237,943.41
1238,0.41
1239,8.02
1240,OK
1241,0.95
1242,975
1243,-1.50
1244,14.36
1245,970
1246,Off
1247,0
1248,1.01
1249,0.36
1250,10.50
1251,0.36
1252,Off
1253,Off
1254,Off
1255,Off
1256,Off
1257,87.75
1258,7.84
1259,0
1260,2.19
1261,41.18
1262,396.82
1263,400
1264,On
1265,46.35
1266,24
1267,-910
1268,37.50
1269,3.30
1270,-1.00
1271,7.84
1272,3.00
1273,C/L
1274,0.10
1275,1.08
1276,1.00
1277,45.40
1278,0
1279,0
1280,0
1281,0
1282,1
1283,0
1284,1
1285,0
1286,7.69
1287,79.68
1288,Off
1289,1.00
1290,0.78
1291,3.12
1292,3.37
1293,0.94
1294,7.45
1295,0.86
1296,7.45
1297,4.14
1298,7.45
1299,0
1300,78
1301,On
1302,943.41
1303,0.41
1304,8.02
1305,OK
1306,0.95
1307,975
1308,-1.50
1309,14.36
1310,970
1311,Off
1312,0
1313,1.01
1314,0.36
1315,10.50
1316,0.36
1317,Off
1318,Off
1319,Off
1320,Off
1321,Off
1322,87.75
1323,7.84
1324,0
1325,2.19
1326,41.18
1327,396.82
1328,400
1329,On
1330,46.35
1331,24
1332,-910
1333,37.50
1334,3.30
1335,-1.00
1336,7.84
1337,3.00
1338,C/L
1339,0.10
1340,1.08
1341,1.00
1342,45.40
1343,0
1344,0
1345,0
1346,0
1347,1
1348,0
1349,1
1350,0
1351,7.69
1352,79.68
1353,Off
1354,1.00
1355,0.78
1356,3.12
1357,3.37
1358,0.94
1359,7.45
1360,0.86
1361,7.45
1362,4.14
1363,7.45
1364,0
1365,78
1366,On
1367,943.41
1368,0.41
1369,8.02
1370,OK
1371,0.95
1372,975
1373,-1.50
1374,14.36
1375,970
1376,Off
1377,0
1378,1.01
1379,0.36
1380,10.50
1381,0.36
1382,Off
1383,Off
1384,Off
1385,Off
1386,Off
1387,87.75
1388,7.84
1389,0
1390,2.19
1391,41.18
1392,396.82
1393,400
1394,On
1395,46.35
1396,24
1397,-910
1398,37.50
1399,3.30
1400,-1.00
1401,7.84
1402,3.00
1403,C/L
1404,0.10
1405,1.08
1406,1.00
1407,45.40
1408,0
1409,0
1410,0
1411,0
1412,1
1413,0
1414,1
1415,0
1416,7.69
1417,79.68
1418,Off
1419,1.00
1420,0.78
1421,3.12
1422,3.37
1423,0.94
1424,7.45
1425,0.86
1426,7.45
1427,4.14
1428,7.45
1429,0
1430,78
1431,On
1432,943.41
1433,0.41
1434,8.02
1435,OK
1436,0.95
1437,975
1438,-1.50
1439,14.36
1440,970
1441,Off
1442,0
1443,1.01
1444,0.36
1445,10.50
1446,0.36
1447,Off
1448,Off
1449,Off
1450,Off
1451,Off
1452,66.00
1453,7.84
1454,0
1455,2.19
1456,41.18
1457,396.82
1458,400
1459,On
1460,46.35
1461,24
1462,-910
1463,37.50
1464,3.30
1465,-1.00
1466,7.84
1467,3.00
1468,C/L
1469,0.10
1470,1.08
1471,1.00
1472,45.40
1473,0
1474,0
1475,0
1476,0
1477,1
1478,0
1479,1
1480,0
1481,7.69
1482,79.68
1483,Off
1484,1.00
1485,0.78
1486,3.12
1487,3.37
1488,0.94
1489,7.45
1490,0.86
1491,7.45
1492,4.14
1493,7.45
1494,0
1495,78
1496,On
1497,943.41
1498,0.41
1499,8.02
1500,OK
1501,0.95
1502,975
1503,-1.50
1504,14.36
1505,970
1506,Off
1507,0
1508,1.01
1509,0.36
1510,10.50
1511,0.36
1512,Off
1513,Off
1514,Off
1515,Off
1516,Off
1517,66.00
1518,22.75
1519,0
1520,2.19
1521,41.18
1522,396.82
1523,400
1524,On
1525,46.35
1526,24
1527,-910
1528,37.50
1529,3.30
1530,-1.00
1531,7.84
1532,3.00
1533,C/L
1534,0.10
1535,1.08
1536,1.00
1537,45.40
1538,0
1539,0
1540,0
1541,0
1542,1
1543,0
1544,1
1545,0
1546,7.69
1547,79.68
1548,Off
1549,1.00
1550,0.78
1551,3.12
1552,3.37
1553,0.94
1554,7.45
1555,0.86
1556,7.45
1557,4.14
1558,7.45
1559,0
1560,78
1561,On
1562,943.41
1563,0.41
1564,8.02
1565,OK
1566,0.95
1567,975
1568,-1.50
1569,14.36
1570,970
1571,Off
1572,0
1573,1.01
1574,0.36
1575,10.50
1576,0.36
1577,Off
1578,Off
1579,Off
1580,Off
1581,Off
1582,66.00
1583,22.75
1584,0.90
1585,2.19
1586,41.18
1587,396.82
1588,400
1589,On
1590,46.35
1591,24
1592,-910
1593,37.50
1594,3.30
1595,-1.00
1596,7.84
1597,3.00
1598,C/L
1599,0.10
1600,1.08
1601,1.00
1602,45.40
1603,0
1604,0
1605,0
1606,0
1607,1
1608,0
1609,1
1610,0
1611,7.69
1612,79.68
1613,Off
1614,1.00
1615,0.78
1616,3.12
1617,3.37
1618,0.94
1619,7.45
1620,0.86
1621,7.45
1622,4.14
1623,7.45
1624,0
1625,78
1626,On
1627,943.41
1628,0.41
1629,8.02
1630,OK
1631,0.95
1632,975
1633,-1.50
1634,14.36
1635,970
1636,Off
1637,0
1638,1.01
1639,0.36
1640,10.50
1641,0.36
1642,Off
1643,Off
1644,Off
1645,Off
1646,Off
1647,66.00
1648,22.75
1649,0.90
1650,1.44
1651,41.18
1652,396.82
1653,400
1654,On
1655,46.35
1656,24
1657,-910
1658,37.50
1659,3.30
1660,-1.00
1661,7.84
1662,3.00
1663,C/L
1664,0.10
1665,1.08
1666,1.00
1667,45.40
1668,0
1669,0
1670,0
1671,0
1672,1
1673,0
1674,1
1675,0
1676,7.69
1677,79.68
1678,Off
1679,1.00
1680,0.78
1681,3.12
1682,3.37
1683,0.94
1684,7.45
1685,0.86
1686,7.45
1687,4.14
1688,7.45
1689,0
1690,78
1691,On
1692,943.41
1693,0.41
1694,8.02
1695,OK
1696,0.95
1697,975
1698,-1.50
1699,14.36
1700,970
1701,Off
1702,0
1703,1.01
1704,0.36
1705,10.50
1706,0.36
1707,Off
1708,Off
1709,Off
1710,Off
1711,Off
1712,66.00
1713,22.75
1714,0.90
1715,1.44
1716,41.57
1717,396.82
1718,400
1719,On
1720,46.35
1721,24
1722,-910
1723,37.50
1724,3.30
1725,-1.00
1726,7.84
1727,3.00
1728,C/L
1729,0.10
1730,1.08
1731,1.00
1732,45.40
1733,0
1734,0
1735,0
1736,0
1737,1
1738,0
1739,1
1740,0
1741,7.69
1742,79.68
1743,Off
1744,1.00
1745,0.78
1746,3.12
1747,3.37
1748,0.94
1749,7.45
1750,0.86
1751,7.45
1752,4.14
1753,7.45
1754,0
1755,78
1756,On
1757,943.41
1758,0.41
1759,8.02
1760,OK
1761,0.95
1762,975
1763,-1.50
1764,14.36
1765,970
1766,Off
1767,0
1768,1.01
1769,0.36
1770,10.50
1771,0.36
1772,Off
1773,Off
1774,Off
1775,Off
1776,Off
1777,66.00
1778,22.75
1779,0.90
1780,1.44
1781,41.57
1782,403.78
1783,400
1784,On
1785,46.35
1786,24
1787,-910
1788,37.50
1789,3.30
1790,-1.00
1791,7.84
1792,3.00
1793,C/L
1794,0.10
1795,1.08
1796,1.00
1797,45.40
1798,0
1799,0
1800,0
1801,0
1802,1
1803,0
1804,1
1805,0
1806,7.69
1807,79.68
1808,Off
1809,1.00
1810,0.78
1811,3.12
1812,3.37
1813,0.94
1814,7.45
1815,0.86
1816,7.45
1817,4.14
1818,7.45
1819,0
1820,78
1821,On
1822,943.41
1823,0.41
1824,8.02
1825,OK
1826,0.95
1827,975
1828,-1.50
1829,14.36
1830,970
1831,Off
1832,0
1833,1.01
1834,0.36
1835,10.50
1836,0.36
1837,Off
1838,Off
1839,Off
1840,Off
1841,Off
1842,66.00
1843,22.75
1844,0.90
1845,1.44
1846,41.57
1847,403.78
1848,400
1849,On
1850,46.35
1851,24
1852,-910
1853,37.50
1854,3.30
1855,-1.00
1856,7.84
1857,3.00
1858,C/L
1859,0.10
1860,1.08
1861,1.00
1862,45.40
1863,0
1864,0
1865,0
1866,0
1867,1
1868,0
1869,1
1870,0
1871,7.69
1872,79.68
1873,Off
1874,1.00
1875,0.78
1876,3.12
1877,3.37
1878,0.94
1879,7.45
1880,0.86
1881,7.45
1882,4.14
1883,7.45
1884,0
1885,78
1886,On
1887,943.41
1888,0.41
1889,8.02
1890,OK
1891,0.95
1892,975
1893,-1.50
1894,14.36
1895,970
1896,Off
1897,0
1898,1.01
1899,0.36
1900,10.50
1901,0.36
1902,Off
1903,Off
1904,Off
1905,Off
1906,Off
1907,66.00
1908,22.75
1909,0.90
1910,1.44
1911,41.57
1912,403.78
1913,400
1914,On
1915,46.35
1916,24
1917,-910
1918,37.50
1919,3.30
1920,-1.00
1921,7.84
1922,3.00
1923,C/L
1924,0.10
1925,1.08
1926,1.00
1927,45.40
1928,0
1929,0
1930,0
1931,0
1932,1
1933,0
1934,1
1935,0
1936,7.69
1937,79.68
1938,Off
1939,1.00
1940,0.78
1941,3.12
1942,3.37
1943,0.94
1944,7.45
1945,0.86
1946,7.45
1947,4.14
1948,7.45
1949,0
1950,78
1951,On
1952,943.41
1953,0.41
1954,8.02
1955,OK
1956,0.95
1957,975
1958,-1.50
1959,14.36
1960,970
1961,Off
1962,0
1963,1.01
1964,0.36
1965,10.50
1966,0.36
1967,Off
1968,Off
1969,Off
1970,Off
1971,Off
1972,66.00
1973,22.75
1974,0.90
1975,1.44
1976,41.57
1977,403.78
1978,400
1979,On
1980,45.34
1981,24
1982,-910
1983,37.50
1984,3.30
1985,-1.00
1986,7.84
1987,3.00
1988,C/L
1989,0.10
1990,1.08
1991,1.00
1992,45.40
1993,0
1994,0
1995,0
1996,0
1997,1
1998,0
1999,1
2000,0
2001,7.69
2002,79.68
2003,Off
2004,1.00
2005,0.78
2006,3.12
2007,3.37
2008,0.94
2009,7.45
2010,0.86
2011,7.45
2012,4.14
2013,7.45
2014,0
2015,78
2016,On
2017,943.41
2018,0.41
2019,8.02
2020,OK
2021,0.95
2022,975
2023,-1.50
2024,14.36
2025,970
2026,Off
2027,0
2028,1.01
2029,0.36
2030,10.50
2031,0.36
2032,Off
2033,Off
2034,Off
2035,Off
2036,Off
2037,66.00
2038,22.75
2039,0.90
2040,1.44
2041,41.57
2042,403.78
2043,400
2044,On
2045,45.34
2046,54
2047,-910
2048,37.50
2049,3.30
2050,-1.00
2051,7.84
2052,3.00
2053,C/L
2054,0.10
2055,1.08
2056,1.00
2057,45.40
2058,0
2059,0
2060,0
2061,0
2062,1
2063,0
2064,1
2065,0
2066,7.69
2067,79.68
2068,Off
2069,1.00
2070,0.78
2071,3.12
2072,3.37
2073,0.94
2074,7.45
2075,0.86
2076,7.45
2077,4.14
2078,7.45
2079,0
2080,78
2081,On
2082,943.41
2083,0.41
2084,8.02
2085,OK
2086,0.95
2087,975
2088,-1.50
2089,14.36
2090,970
2091,Off
2092,0
2093,1.01
2094,0.36
2095,10.50
2096,0.36
2097,Off
2098,Off
2099,Off
2100,Off
2101,Off
2102,66.00
2103,22.75
2104,0.90
2105,1.44
2106,41.57
2107,403.78
2108,400
2109,On
2110,45.34
2111,54
2112,-10
2113,37.50
2114,3.30
2115,-1.00
2116,7.84
2117,3.00
2118,C/L
2119,0.10
2120,1.08
2121,1.00
2122,45.40
2123,0
2124,0
2125,0
2126,0
2127,1
2128,0
2129,1
2130,0
2131,7.69
2132,79.68
2133,Off
2134,1.00
2135,0.78
2136,3.12
2137,3.37
2138,0.94
2139,7.45
2140,0.86
2141,7.45
2142,4.14
2143,7.45
2144,0
2145,78
2146,On
2147,943.41
2148,0.41
2149,8.02
2150,OK
2151,0.95
2152,975
2153,-1.50
2154,14.36
2155,970
2156,Off
2157,0
2158,1.01
2159,0.36
2160,10.50
2161,0.36
2162,Off
2163,Off
2164,Off
2165,Off
2166,Off
2167,66.00
2168,22.75
2169,0.90
2170,1.44
2171,41.57
2172,403.78
2173,400
2174,On
2175,45.34
2176,54
2177,-10
2178,10.50
2179,3.30
2180,-1.00
2181,7.84
2182,3.00
2183,C/L
2184,0.10
2185,1.08
2186,1.00
2187,45.40
2188,0
2189,0
2190,0
2191,0
2192,1
2193,0
2194,1
2195,0
2196,7.69
2197,79.68
2198,Off
2199,1.00
2200,0.78
2201,3.12
2202,3.37
2203,0.94
2204,7.45
2205,0.86
2206,7.45
2207,4.14
2208,7.45
2209,0
2210,78
2211,On
2212,943.41
2213,0.41
2214,8.02
2215,OK
2216,0.95
2217,975
2218,-1.50
2219,14.36
2220,970
2221,Off
2222,0
2223,1.01
2224,0.36
2225,10.50
2226,0.36
2227,Off
2228,Off
2229,Off
2230,Off
2231,Off
2232,66.00
2233,22.75
2234,0.90
2235,1.44
2236,41.57
2237,403.78
2238,400
2239,On
2240,45.34
2241,54
2242,-10
2243,10.50
2244,2.30
2245,-1.00
2246,7.84
2247,3.00
2248,C/L
2249,0.10
2250,1.08
2251,1.00
2252,45.40
2253,0
2254,0
2255,0
2256,0
2257,1
2258,0
2259,1
2260,0
2261,7.69
2262,79.68
2263,Off
2264,1.00
2265,0.78
2266,3.12
2267,3.37
2268,0.94
2269,7.45
2270,0.86
2271,7.45
2272,4.14
2273,7.45
2274,0
2275,78
2276,On
2277,943.41
2278,0.41
2279,8.02
2280,OK
2281,0.95
2282,975
2283,-1.50
2284,14.36
2285,970
2286,Off
2287,0
2288,1.01
2289,0.36
2290,10.50
2291,0.36
2292,Off
2293,Off
2294,Off
2295,Off
2296,Off
2297,66.00
2298,22.75
2299,0.90
2300,1.44
2301,41.57
2302,403.78
2303,400
2304,On
2305,45.34
2306,54
2307,-10
2308,10.50
2309,2.30
2310,-1.30
2311,7.84
2312,3.00
2313,C/L
2314,0.10
2315,1.08
2316,1.00
2317,45.40
2318,0
2319,0
2320,0
2321,0
2322,1
2323,0
2324,1
2325,0
2326,7.69
2327,79.68
2328,Off
2329,1.00
2330,0.78
2331,3.12
2332,3.37
2333,0.94
2334,7.45
2335,0.86
2336,7.45
2337,4.14
2338,7.45
2339,0
2340,78
2341,On
2342,943.41
2343,0.41
2344,8.02
2345,OK
2346,0.95
2347,975
2348,-1.50
2349,14.36
2350,970
2351,Off
2352,0
2353,1.01
2354,0.36
2355,10.50
2356,0.36
2357,Off
2358,Off
2359,Off
2360,Off
2361,Off
2362,66.00
2363,22.75
2364,0.90
2365,1.44
2366,41.57
2367,403.78
2368,400
2369,On
2370,45.34
2371,54
2372,-10
2373,10.50
2374,2.30
2375,-1.30
2376,7.84
2377,3.00
2378,C/L
2379,0.10
2380,1.08
2381,1.00
2382,45.40
2383,0
2384,0
2385,0
2386,0
2387,1
2388,0
2389,1
2390,0
2391,7.69
2392,79.68
2393,Off
2394,1.00
2395,0.78
2396,3.12
2397,3.37
2398,0.94
2399,7.45
2400,0.86
2401,7.45
2402,4.14
2403,7.45
2404,0
2405,78
2406,On
2407,943.41
2408,0.41
2409,8.02
2410,OK
2411,0.95
2412,975
2413,-1.50
2414,14.36
2415,970
2416,Off
2417,0
2418,1.01
2419,0.36
2420,10.50
2421,0.36
2422,Off
2423,Off
2424,Off
2425,Off
2426,Off
2427,66.00
2428,22.75
2429,0.90
2430,1.44
2431,41.57
2432,403.78
2433,400
2434,On
2435,45.34
2436,54
2437,-10
2438,10.50
2439,2.30
2440,-1.30
2441,7.84
2442,27.75
2443,C/L
2444,0.10
2445,1.08
2446,1.00
2447,45.40
2448,0
2449,0
2450,0
2451,0
2452,1
2453,0
2454,1
2455,0
2456,7.69
2457,79.68
2458,Off
2459,1.00
2460,0.78
2461,3.12
2462,3.37
2463,0.94
2464,7.45
2465,0.86
2466,7.45
2467,4.14
2468,7.45
2469,0
2470,78
2471,On
2472,943.41
2473,0.41
2474,8.02
2475,OK
2476,0.95
2477,975
2478,-1.50
2479,14.36
2480,970
2481,Off
2482,0
2483,1.01
2484,0.36
2485,10.50
2486,0.36
2487,Off
2488,Off
2489,Off
2490,Off
2491,Off
2492,66.00
2493,22.75
2494,0.90
2495,1.44
2496,41.57
2497,403.78
2498,400
2499,On
2500,45.34
2501,54
2502,-10
2503,10.50
2504,2.30
2505,-1.30
2506,7.84
2507,27.75
2508,C/L
2509,0.10
2510,1.08
2511,1.00
2512,45.40
2513,0
2514,0
2515,0
2516,0
2517,1
2518,0
2519,1
2520,0
2521,7.69
2522,79.68
2523,Off
2524,1.00
2525,0.78
2526,3.12
2527,3.37
2528,0.94
2529,7.45
2530,0.86
2531,7.45
2532,4.14
2533,7.45
2534,0
2535,78
2536,On
2537,943.41
2538,0.41
2539,8.02
2540,OK
2541,0.95
2542,975
2543,-1.50
2544,14.36
2545,970
2546,Off
2547,0
2548,1.01
2549,0.36
2550,10.50
2551,0.36
2552,Off
2553,Off
2554,Off
2555,Off
2556,Off
2557,66.00
2558,22.75
2559,0.90
2560,1.44
2561,41.57
2562,403.78
2563,400
2564,On
2565,45.34
2566,54
2567,-10
2568,10.50
2569,2.30
2570,-1.30
2571,7.84
2572,27.75
2573,C/L
2574,0.20
2575,1.08
2576,1.00
2577,45.40
2578,0
2579,0
2580,0
2581,0
2582,1
2583,0
2584,1
2585,0
2586,7.69
2587,79.68
2588,Off
2589,1.00
2590,0.78
2591,3.12
2592,3.37
2593,0.94
2594,7.45
2595,0.86
2596,7.45
2597,4.14
2598,7.45
2599,0
2600,78
2601,On
2602,943.41
2603,0.41
2604,8.02
2605,OK
2606,0.95
2607,975
2608,-1.50
2609,14.36
2610,970
2611,Off
2612,0
2613,1.01
2614,0.36
2615,10.50
2616,0.36
2617,Off
2618,Off
2619,Off
2620,Off
2621,Off
2622,66.00
2623,22.75
2624,0.90
2625,1.44
2626,41.57
2627,403.78
2628,400
2629,On
2630,45.34
2631,54
2632,-10
2633,10.50
2634,2.30
2635,-1.30
2636,7.84
2637,27.75
2638,C/L
2639,0.20
2640,1.07
2641,1.00
2642,45.40
2643,0
2644,0
2645,0
2646,0
2647,1
2648,0
2649,1
2650,0
2651,7.69
2652,79.68
2653,Off
2654,1.00
2655,0.78
2656,3.12
2657,3.37
2658,0.94
2659,7.45
2660,0.86
2661,7.45
2662,4.14
2663,7.45
2664,0
2665,78
2666,On
2667,943.41
2668,0.41
2669,8.02
2670,OK
2671,0.95
2672,975
2673,-1.50
2674,14.36
2675,970
2676,Off
2677,0
2678,1.01
2679,0.36
2680,10.50
2681,0.36
2682,Off
2683,Off
2684,Off
2685,Off
2686,Off
2687,66.00
2688,22.75
2689,0.90
2690,1.44
2691,41.57
2692,403.78
2693,400
2694,On
2695,45.34
2696,54
2697,-10
2698,10.50
2699,2.30
2700,-1.30
2701,7.84
2702,27.75
2703,C/L
2704,0.20
2705,1.07
2706,1.00
2707,45.40
2708,0
2709,0
2710,0
2711,0
2712,1
2713,0
2714,1
2715,0
2716,7.69
2717,79.68
2718,Off
2719,1.00
2720,0.78
2721,3.12
2722,3.37
2723,0.94
2724,7.45
2725,0.86
2726,7.45
2727,4.14
2728,7.45
2729,0
2730,78
2731,On
2732,943.41
2733,0.41
2734,8.02
2735,OK
2736,0.95
2737,975
2738,-1.50
2739,14.36
2740,970
2741,Off
2742,0
2743,1.01
2744,0.36
2745,10.50
2746,0.36
2747,Off
2748,Off
2749,Off
2750,Off
2751,Off
2752,66.00
2753,22.75
2754,0.90
2755,1.44
2756,41.57
2757,403.78
2758,400
2759,On
2760,45.34
2761,54
2762,-10
2763,10.50
2764,2.30
2765,-1.30
2766,7.84
2767,27.75
2768,C/L
2769,0.20
2770,1.07
2771,1.00
2772,10.20
2773,0
2774,0
2775,0
2776,0
2777,1
2778,0
2779,1
2780,0
2781,7.69
2782,79.68
2783,Off
2784,1.00
2785,0.78
2786,3.12
2787,3.37
2788,0.94
2789,7.45
2790,0.86
2791,7.45
2792,4.14
2793,7.45
2794,0
2795,78
2796,On
2797,943.41
2798,0.41
2799,8.02
2800,OK
2801,0.95
2802,975
2803,-1.50
2804,14.36
2805,970
2806,Off
2807,0
2808,1.01
2809,0.36
2810,10.50
2811,0.36
2812,Off
2813,Off
2814,Off
2815,Off
2816,Off
2817,66.00
2818,22.75
2819,0.90
2820,1.44
2821,41.57
2822,403.78
2823,400
2824,On
2825,45.34
2826,54
2827,-10
2828,10.50
2829,2.30
2830,-1.30
2831,7.84
2832,27.75
2833,C/L
2834,0.20
2835,1.07
2836,1.00
2837,10.20
2838,0
2839,0
2840,0
2841,0
2842,1
2843,0
2844,1
2845,0
2846,7.69
2847,79.68
2848,Off
2849,1.00
2850,0.78
2851,3.12
2852,3.37
2853,0.94
2854,7.45
2855,0.86
2856,7.45
2857,4.14
2858,7.45
2859,0
2860,78
2861,On
2862,943.41
2863,0.41
2864,8.02
2865,OK
2866,0.95
2867,975
2868,-1.50
2869,14.36
2870,970
2871,Off
2872,0
2873,1.01
2874,0.36
2875,10.50
2876,0.36
2877,Off
2878,Off
2879,Off
2880,Off
2881,Off
2882,66.00
2883,22.75
2884,0.90
2885,1.44
2886,41.57
2887,403.78
2888,400
2889,On
2890,45.34
2891,54
2892,-10
2893,10.50
2894,2.30
2895,-1.30
2896,7.84
2897,27.75
2898,C/L
2899,0.20
2900,1.07
2901,1.00
2902,10.20
2903,0
2904,0
2905,0
2906,0
2907,1
2908,0
2909,1
2910,0
2911,7.69
2912,79.68
2913,Off
2914,1.00
2915,0.78
2916,3.12
2917,3.37
2918,0.94
2919,7.45
2920,0.86
2921,7.45
2922,4.14
2923,7.45
2924,0
2925,78
2926,On
2927,943.41
2928,0.41
2929,8.02
2930,OK
2931,0.95
2932,975
2933,-1.50
2934,14.36
2935,970
2936,Off
2937,0
2938,1.01
2939,0.36
2940,10.50
2941,0.36
2942,Off
2943,Off
2944,Off
2945,Off
2946,Off
2947,66.00
2948,22.75
2949,0.90
2950,1.44
2951,41.57
2952,403.78
2953,400
2954,On
2955,45.34
2956,54
2957,-10
2958,10.50
2959,2.30
2960,-1.30
2961,7.84
2962,27.75
2963,C/L
2964,0.20
2965,1.07
2966,1.00
2967,10.20
2968,0
2969,0
2970,0
2971,0
2972,1
2973,0
2974,1
2975,0
2976,7.69
2977,79.68
2978,Off
2979,1.00
2980,0.78
2981,3.12
2982,3.37
2983,0.94
2984,7.45
2985,0.86
2986,7.45
2987,4.14
2988,7.45
2989,0
2990,78
2991,On
2992,943.41
2993,0.41
2994,8.02
2995,OK
2996,0.95
2997,975
2998,-1.50
2999,14.36
3000,970
3001,Off
3002,0
3003,1.01
3004,0.36
3005,10.50
3006,0.36
3007,Off
3008,Off
3009,Off
3010,Off
3011,Off
3012,66.00
3013,22.75
3014,0.90
3015,1.44
3016,41.57
3017,403.78
3018,400
3019,On
3020,45.34
3021,54
3022,-10
3023,10.50
3024,2.30
3025,-1.30
3026,7.84
3027,27.75
3028,C/L
3029,0.20
3030,1.07
3031,1.00
3032,10.20
3033,0
3034,0
3035,0
3036,0
3037,1
3038,0
3039,1
3040,0
3041,7.69
3042,79.68
3043,Off
3044,1.00
3045,0.78
3046,3.12
3047,3.37
3048,0.94
3049,7.45
3050,0.86
3051,7.45
3052,4.14
3053,7.45
3054,0
3055,78
3056,On
3057,943.41
3058,0.41
3059,8.02
3060,OK
3061,0.95
3062,975
3063,-1.50
3064,14.36
3065,970
3066,Off
3067,0
3068,1.01
3069,0.36
3070,10.50
3071,0.36
3072,Off
3073,Off
3074,Off
3075,Off
3076,Off
3077,66.00
3078,22.75
3079,0.90
3080,1.44
3081,41.57
3082,403.78
3083,400
3084,On
3085,45.34
3086,54
3087,-10
3088,10.50
3089,2.30
3090,-1.30
3091,7.84
3092,27.75
3093,C/L
3094,0.20
3095,1.07
3096,1.00
3097,10.20
3098,0
3099,0
3100,0
3101,0
3102,0
3103,0
3104,1
3105,0
3106,7.69
3107,79.68
3108,Off
3109,1.00
3110,0.78
3111,3.12
3112,3.37
3113,0.94
3114,7.45
3115,0.86
3116,7.45
3117,4.14
3118,7.45
3119,0
3120,78
3121,On
3122,943.41
3123,0.41
3124,8.02
3125,OK
3126,0.95
3127,975
3128,-1.50
3129,14.36
3130,970
3131,Off
3132,0
3133,1.01
3134,0.36
3135,10.50
3136,0.36
3137,Off
3138,Off
3139,Off
3140,Off
3141,Off
3142,66.00
3143,22.75
3144,0.90
3145,1.44
3146,41.57
3147,403.78
3148,400
3149,On
3150,45.34
3151,54
3152,-10
3153,10.50
3154,2.30
3155,-1.30
3156,7.84
3157,27.75
3158,C/L
3159,0.20
3160,1.07
3161,1.00
3162,10.20
3163,0
3164,0
3165,0
3166,0
3167,0
3168,0
3169,1
3170,0
3171,7.69
3172,79.68
3173,Off
3174,1.00
3175,0.78
3176,3.12
3177,3.37
3178,0.94
3179,7.45
3180,0.86
3181,7.45
3182,4.14
3183,7.45
3184,0
3185,78
3186,On
3187,943.41
3188,0.41
3189,8.02
3190,OK
3191,0.95
3192,975
3193,-1.50
3194,14.36
3195,970
3196,Off
3197,0
3198,1.01
3199,0.36
3200,10.50
3201,0.36
3202,Off
3203,Off
3204,Off
3205,Off
3206,Off
3207,66.00
3208,22.75
3209,0.90
3210,1.44
3211,41.57
3212,403.78
3213,400
3214,On
3215,45.34
3216,54
3217,-10
3218,10.50
3219,2.30
3220,-1.30
3221,7.84
3222,27.75
3223,C/L
3224,0.20
3225,1.07
3226,1.00
3227,10.20
3228,0
3229,0
3230,0
3231,0
3232,0
3233,0
3234,9
3235,0
3236,7.69
3237,79.68
3238,Off
3239,1.00
3240,0.78
3241,3.12
3242,3.37
3243,0.94
3244,7.45
3245,0.86
3246,7.45
3247,4.14
3248,7.45
3249,0
3250,78
3251,On
3252,943.41
3253,0.41
3254,8.02
3255,OK
3256,0.95
3257,975
3258,-1.50
3259,14.36
3260,970
3261,Off
3262,0
3263,1.01
3264,0.36
3265,10.50
3266,0.36
3267,Off
3268,Off
3269,Off
3270,Off
3271,Off
3272,66.00
3273,22.75
3274,0.90
3275,1.44
3276,41.57
3277,403.78
3278,400
3279,On
3280,45.34
3281,54
3282,-10
3283,10.50
3284,2.30
3285,-1.30
3286,7.84
3287,27.75
3288,C/L
3289,0.20
3290,1.07
3291,1.00
3292,10.20
3293,0
3294,0
3295,0
3296,0
3297,0
3298,0
3299,9
3300,0
3301,7.69
3302,79.68
3303,Off
3304,1.00
3305,0.78
3306,3.12
3307,3.37
3308,0.94
3309,7.45
3310,0.86
3311,7.45
3312,4.14
3313,7.45
3314,0
3315,78
3316,On
3317,943.41
3318,0.41
3319,8.02
3320,OK
3321,0.95
3322,975
3323,-1.50
3324,14.36
3325,970
3326,Off
3327,0
3328,1.01
3329,0.36
3330,10.50
3331,0.36
3332,Off
3333,Off
3334,Off
3335,Off
3336,Off
3337,66.00
3338,22.75
3339,0.90
3340,1.44
3341,41.57
3342,403.78
3343,400
3344,On
3345,45.34
3346,54
3347,-10
3348,10.50
3349,2.30
3350,-1.30
3351,7.84
3352,27.75
3353,C/L
3354,0.20
3355,1.07
3356,1.00
3357,10.20
3358,0
3359,0
3360,0
3361,0
3362,0
3363,0
3364,9
3365,0
3366,2.13
3367,79.68
3368,Off
3369,1.00
3370,0.78
3371,3.12
3372,3.37
3373,0.94
3374,7.45
3375,0.86
3376,7.45
3377,4.14
3378,7.45
3379,0
3380,78
3381,On
3382,943.41
3383,0.41
3384,8.02
3385,OK
3386,0.95
3387,975
3388,-1.50
3389,14.36
3390,970
3391,Off
3392,0
3393,1.01
3394,0.36
3395,10.50
3396,0.36
3397,Off
3398,Off
3399,Off
3400,Off
3401,Off
3402,66.00
3403,22.75
3404,0.90
3405,1.44
3406,41.57
3407,403.78
3408,400
3409,On
3410,45.34
3411,54
3412,-10
3413,10.50
3414,2.30
3415,-1.30
3416,7.84
3417,27.75
3418,C/L
3419,0.20
3420,1.07
3421,1.00
3422,10.20
3423,0
3424,0
3425,0
3426,0
3427,0
3428,0
3429,9
3430,0
3431,2.13
3432,79.68
3433,Off
3434,1.00
3435,0.78
3436,3.12
3437,3.37
3438,0.94
3439,7.45
3440,0.86
3441,7.45
3442,4.14
3443,7.45
3444,0
3445,78
3446,On
3447,943.41
3448,0.41
3449,8.02
3450,OK
3451,0.95
3452,975
3453,-1.50
3454,14.36
3455,970
3456,Off
3457,0
3458,1.01
3459,0.36
3460,10.50
3461,0.36
3462,Off
3463,Off
3464,Off
3465,Off
3466,Off
3467,66.00
3468,22.75
3469,0.90
3470,1.44
3471,41.57
3472,403.78
3473,400
3474,On
3475,45.34
3476,54
3477,-10
3478,10.50
3479,2.30
3480,-1.30
3481,7.84
3482,27.75
3483,C/L
3484,0.20
3485,1.07
3486,1.00
3487,10.20
3488,0
3489,0
3490,0
3491,0
3492,0
3493,0
3494,9
3495,0
3496,2.13
3497,79.68
3498,Off
3499,1.00
3500,0.78
3501,3.12
3502,3.37
3503,0.94
3504,7.45
3505,0.86
3506,7.45
3507,4.14
3508,7.45
3509,0
3510,78
3511,On
3512,943.41
3513,0.41
3514,8.02
3515,OK
3516,0.95
3517,975
3518,-1.50
3519,14.36
3520,970
3521,Off
3522,0
3523,1.01
3524,0.36
3525,10.50
3526,0.36
3527,Off
3528,Off
3529,Off
3530,Off
3531,Off
3532,66.00
3533,22.75
3534,0.90
3535,1.44
3536,41.57
3537,403.78
3538,400
3539,On
3540,45.34
3541,54
3542,-10
3543,10.50
3544,2.30
3545,-1.30
3546,7.84
3547,27.75
3548,C/L
3549,0.20
3550,1.07
3551,1.00
3552,10.20
3553,0
3554,0
3555,0
3556,0
3557,0
3558,0
3559,9
3560,0
3561,2.13
3562,79.68
3563,Off
3564,1.01
3565,0.78
3566,3.12
3567,3.37
3568,0.94
3569,7.45
3570,0.86
3571,7.45
3572,4.14
3573,7.45
3574,0
3575,78
3576,On
3577,943.41
3578,0.41
3579,8.02
3580,OK
3581,0.95
3582,975
3583,-1.50
3584,14.36
3585,970
3586,Off
3587,0
3588,1.01
3589,0.36
3590,10.50
3591,0.36
3592,Off
3593,Off
3594,Off
3595,Off
3596,Off
3597,66.00
3598,22.75
3599,0.90
3600,1.44
3601,41.57
3602,403.78
3603,400
3604,On
3605,45.34
3606,54
3607,-10
3608,10.50
3609,2.30
3610,-1.30
3611,7.84
3612,27.75
3613,C/L
3614,0.20
3615,1.07
3616,1.00
3617,10.20
3618,0
3619,0
3620,0
3621,0
3622,0
3623,0
3624,9
3625,0
3626,2.13
3627,79.68
3628,Off
3629,1.01
3630,0.47
3631,3.12
3632,3.37
3633,0.94
3634,7.45
3635,0.86
3636,7.45
3637,4.14
3638,7.45
3639,0
3640,78
3641,On
3642,943.41
3643,0.41
3644,8.02
3645,OK
3646,0.95
3647,975
3648,-1.50
3649,14.36
3650,970
3651,Off
3652,0
3653,1.01
3654,0.36
3655,10.50
3656,0.36
3657,Off
3658,Off
3659,Off
3660,Off
3661,Off
3662,66.00
3663,22.75
3664,0.90
3665,1.44
3666,41.57
3667,403.78
3668,400
3669,On
3670,45.34
3671,54
3672,-10
3673,10.50
3674,2.30
3675,-1.30
3676,7.84
3677,27.75
3678,C/L
3679,0.20
3680,1.07
3681,1.00
3682,10.20
3683,0
3684,0
3685,0
3686,0
3687,0
3688,0
3689,9
3690,0
3691,2.13
3692,79.68
3693,Off
3694,1.01
3695,0.47
3696,26.17
3697,3.37
3698,0.94
3699,7.45
3700,0.86
3701,7.45
3702,4.14
3703,7.45
3704,0
3705,78
3706,On
3707,943.41
3708,0.41
3709,8.02
3710,OK
3711,0.95
3712,975
3713,-1.50
3714,14.36
3715,970
3716,Off
3717,0
3718,1.01
3719,0.36
3720,10.50
3721,0.36
3722,Off
3723,Off
3724,Off
3725,Off
3726,Off
3727,66.00
3728,22.75
3729,0.90
3730,1.44
3731,41.57
3732,403.78
3733,400
3734,On
3735,45.34
3736,54
3737,-10
3738,10.50
3739,2.30
3740,-1.30
3741,7.84
3742,27.75
3743,C/L
3744,0.20
3745,1.07
3746,1.00
3747,10.20
3748,0
3749,0
3750,0
3751,0
3752,0
3753,0
3754,9
3755,0
3756,2.13
3757,79.68
3758,Off
3759,1.01
3760,0.47
3761,26.17
3762,2.48
3763,0.94
3764,7.45
3765,0.86
3766,7.45
3767,4.14
3768,7.45
3769,0
3770,78
3771,On
3772,943.41
3773,0.41
3774,8.02
3775,OK
3776,0.95
3777,975
3778,-1.50
3779,14.36
3780,970
3781,Off
3782,0
3783,1.01
3784,0.36
3785,10.50
3786,0.36
3787,Off
3788,Off
3789,Off
3790,Off
3791,Off
3792,66.00
3793,22.75
3794,0.90
3795,1.44
3796,41.57
3797,403.78
3798,400
3799,On
3800,45.34
3801,54
3802,-10
3803,10.50
3804,2.30
3805,-1.30
3806,7.84
3807,27.75
3808,C/L
3809,0.20
3810,1.07
3811,1.00
3812,10.20
3813,0
3814,0
3815,0
3816,0
3817,0
3818,0
3819,9
3820,0
3821,2.13
3822,79.68
3823,Off
3824,1.01
3825,0.47
3826,26.17
3827,2.48
3828,0.98
3829,7.45
3830,0.86
3831,7.45
3832,4.14
3833,7.45
3834,0
3835,78
3836,On
3837,943.41
3838,0.41
3839,8.02
3840,OK
3841,0.95
3842,975
3843,-1.50
3844,14.36
3845,970
3846,Off
3847,0
3848,1.01
3849,0.36
3850,10.50
3851,0.36
3852,Off
3853,Off
3854,Off
3855,Off
3856,Off
3857,66.00
3858,22.75
3859,0.90
3860,1.44
3861,41.57
3862,403.78
3863,400
3864,On
3865,45.34
3866,54
3867,-10
3868,10.50
3869,2.30
3870,-1.30
3871,7.84
3872,27.75
3873,C/L
3874,0.20
3875,1.07
3876,1.00
3877,10.20
3878,0
3879,0
3880,0
3881,0
3882,0
3883,0
3884,9
3885,0
3886,2.13
3887,79.68
3888,Off
3889,1.01
3890,0.47
3891,26.17
3892,2.48
3893,0.98
3894,1.96
3895,0.86
3896,7.45
3897,4.14
3898,7.45
3899,0
3900,78
3901,On
3902,943.41
3903,0.41
3904,8.02
3905,OK
3906,0.95
3907,975
3908,-1.50
3909,14.36
3910,970
3911,Off
3912,0
3913,1.01
3914,0.36
3915,10.50
3916,0.36
3917,Off
3918,Off
3919,Off
3920,Off
3921,Off
3922,66.00
3923,22.75
3924,0.90
3925,1.44
3926,41.57
3927,403.78
3928,400
3929,On
3930,45.34
3931,54
3932,-10
3933,10.50
3934,2.30
3935,-1.30
3936,7.84
3937,27.75
3938,C/L
3939,0.20
3940,1.07
3941,1.00
3942,10.20
3943,0
3944,0
3945,0
3946,0
3947,0
3948,0
3949,9
3950,0
3951,2.13
3952,79.68
3953,Off
3954,1.01
3955,0.47
3956,26.17
3957,2.48
3958,0.98
3959,1.96
3960,0.66
3961,7.45
3962,4.14
3963,7.45
3964,0
3965,78
3966,On
3967,943.41
3968,0.41
3969,8.02
3970,OK
3971,0.95
3972,975
3973,-1.50
3974,14.36
3975,970
3976,Off
3977,0
3978,1.01
3979,0.36
3980,10.50
3981,0.36
3982,Off
3983,Off
3984,Off
3985,Off
3986,Off
3987,66.00
3988,22.75
3989,0.90
3990,1.44
3991,41.57
3992,403.78
3993,400
3994,On
3995,45.34
3996,54
3997,-10
3998,10.50
3999,2.30
4000,-1.30
4001,7.84
4002,27.75
4003,C/L
4004,0.20
4005,1.07
4006,1.00
4007,10.20
4008,0
4009,0
4010,0
4011,0
4012,0
4013,0
4014,9
4015,0
4016,2.13
4017,79.68
4018,Off
4019,1.01
4020,0.47
4021,26.17
4022,2.48
4023,0.98
4024,1.96
4025,0.66
4026,1.96
4027,4.14
4028,7.45
4029,0
4030,78
4031,On
4032,943.41
4033,0.41
4034,8.02
4035,OK
4036,0.95
4037,975
4038,-1.50
4039,14.36
4040,970
4041,Off
4042,0
4043,1.01
4044,0.36
4045,10.50
4046,0.36
4047,Off
4048,Off
4049,Off
4050,Off
4051,Off
4052,66.00
4053,22.75
4054,0.90
4055,1.44
4056,41.57
4057,403.78
4058,400
4059,On
4060,45.34
4061,54
4062,-10
4063,10.50
4064,2.30
4065,-1.30
4066,7.84
4067,27.75
4068,C/L
4069,0.20
4070,1.07
4071,1.00
4072,10.20
4073,0
4074,0
4075,0
4076,0
4077,0
4078,0
4079,9
4080,0
4081,2.13
4082,79.68
4083,Off
4084,1.01
4085,0.47
4086,26.17
4087,2.48
4088,0.98
4089,1.96
4090,0.66
4091,1.96
4092,4.34
4093,7.45
4094,0
4095,78
4096,On
4097,943.41
4098,0.41
4099,8.02
4100,OK
4101,0.95
4102,975
4103,-1.50
4104,14.36
4105,970
4106,Off
4107,0
4108,1.01
4109,0.36
4110,10.50
4111,0.36
4112,Off
4113,Off
4114,Off
4115,Off
4116,Off
4117,66.00
4118,22.75
4119,0.90
4120,1.44
4121,41.57
4122,403.78
4123,400
4124,On
4125,45.34
4126,54
4127,-10
4128,10.50
4129,2.30
4130,-1.30
4131,7.84
4132,27.75
4133,C/L
4134,0.20
4135,1.07
4136,1.00
4137,10.20
4138,0
4139,0
4140,0
4141,0
4142,0
4143,0
4144,9
4145,0
4146,2.13
4147,79.68
4148,Off
4149,1.01
4150,0.47
4151,26.17
4152,2.48
4153,0.98
4154,1.96
4155,0.66
4156,1.96
4157,4.34
4158,1.96
4159,0
4160,78
4161,On
4162,943.41
4163,0.41
4164,8.02
4165,OK
4166,0.95
4167,975
4168,-1.50
4169,14.36
4170,970
4171,Off
4172,0
4173,1.01
4174,0.36
4175,10.50
4176,0.36
4177,Off
4178,Off
4179,Off
4180,Off
4181,Off
4182,66.00
4183,22.75
4184,0.90
4185,1.44
4186,41.57
4187,403.78
4188,400
4189,On
4190,45.34
4191,54
4192,-10
4193,10.50
4194,2.30
4195,-1.30
4196,7.84
4197,27.75
4198,C/L
4199,0.20
4200,1.07
4201,1.00
4202,10.20
4203,0
4204,0
4205,0
4206,0
4207,0
4208,0
4209,9
4210,0
4211,2.13
4212,79.68
4213,Off
4214,1.01
4215,0.47
4216,26.17
4217,2.48
4218,0.98
4219,1.96
4220,0.66
4221,1.96
4222,4.34
4223,1.96
4224,0
4225,78
4226,On
4227,943.41
4228,0.41
4229,8.02
4230,OK
4231,0.95
4232,975
4233,-1.50
4234,14.36
4235,970
4236,Off
4237,0
4238,1.01
4239,0.36
4240,10.50
4241,0.36
4242,Off
4243,Off
4244,Off
4245,Off
4246,Off
4247,66.00
4248,22.75
4249,0.90
4250,1.44
4251,41.57
4252,403.78
4253,400
4254,On
4255,45.34
4256,54
4257,-10
4258,10.50
4259,2.30
4260,-1.30
4261,7.84
4262,27.75
4263,C/L
4264,0.20
4265,1.07
4266,1.00
4267,10.20
4268,0
4269,0
4270,0
4271,0
4272,0
4273,0
4274,9
4275,0
4276,2.13
4277,79.68
4278,Off
4279,1.01
4280,0.47
4281,26.17
4282,2.48
4283,0.98
4284,1.96
4285,0.66
4286,1.96
4287,4.34
4288,1.96
4289,0
4290,0
4291,On
4292,808.54
4293,0.41
4294,8.02
4295,OK
4296,0.95
4297,975
4298,-1.50
4299,14.36
4300,970
4301,Off
4302,0
4303,0.27
4304,0.39
4305,9.22
4306,0.30
4307,Off
4308,Off
4309,Off
4310,Off
4311,Off
4312,66.00
4313,22.75
4314,0.86
4315,1.44
4316,40.78
4317,400.96
4318,400
4319,On
4320,45.88
4321,54
4322,10
4323,15.00
4324,2.26
4325,-1.30
4326,7.84
4327,27.75
4328,C/L
4329,0
4330,1.07
4331,1.00
4332,11.20
4333,0
4334,0
4335,0
4336,0
4337,0
4338,0
4339,9
4340,0
4341,2.15
4342,79.68
4343,Off
4344,1.01
4345,0.47
4346,25.78
4347,2.48
4348,0.99
4349,1.96
4350,0.66
4351,1.96
4352,4.34
4353,1.18
4354,0
4355,0
