Row,Acceleration Pedal Position [%],Battery Voltage [V],Cruise Control Active,Engine Coolant Temperature [degree C],Engine Running Status ECM,Engine Speed [rpm],Engine Torque [Nm],Expected Gear Ratio,Gear Ratio,Gear Selector Position,Gear Selector Position A,Gear Selector Position B,Gear Selector Position C,Gear Selector Position PA,Ignition Status ECM,In Rpm Speed NC Sensor [rpm],Kick Down Status,Lever Unit AW55 GT,Lever Unit PRND43L,Oil Temperature [degree C],Quick Shift Function From GSM On/Off,Quick Shift Gear Change From GSM,Quick Shift Mode,Solenoid S1 & S2 Current [mA],Solenoid S1 Status,Solenoid S2 Status,Solenoid S3 Current [mA],Solenoid S3 Status,Solenoid S4 & S5 Current [mA],Solenoid S4 Status,Solenoid S5 Status,Solenoid SLS Current [A],Solenoid SLT Current [A],Solenoid SLU Current [A],Torque Control [Nm],Torque Limitation Requested [Nm],Torque Reduction When Changing Gear [Nm],Vehicle Speed ABS [km/h],Vehicle Speed SP Sensor [km/h],Winter Mode Status
1,0,13.69,Cruise Not Active,89,Engine Running,665,3,4.66,65.53,P,Low,High,High,Low,0,0,0,0,0,0,0,0,0,0,0,0,0,0,0,0,0,0,0,0,0,0,0,0,0,0
2,0,13.69,Cruise Not Active,89,Engine Running,665,3,4.66,65.53,P,Low,High,High,Low,0,0,0,0,0,0,0,0,0,0,0,0,0,0,0,0,0,0,0,0,0,0,0,0,0,0
3,0,13.53,Cruise Not Active,89,Engine Running,665,3,4.66,65.53,P,Low,High,High,Low,0,0,0,0,0,0,0,0,0,0,0,0,0,0,0,0,0,0,0,0,0,0,0,0,0,0
4,0,13.53,Cruise Not Active,89,Engine Running,665,3,4.66,65.53,P,Low,High,High,Low,0,0,0,0,0,0,0,0,0,0,0,0,0,0,0,0,0,0,0,0,0,0,0,0,0,0
5,0,13.53,Cruise Not Active,89,Engine Running,665,3,4.66,65.53,P,Low,High,High,Low,0,0,0,0,0,0,0,0,0,0,0,0,0,0,0,0,0,0,0,0,0,0,0,0,0,0
6,0,13.53,Cruise Not Active,89,Engine Running,665,3,4.66,65.53,P,Low,High,High,Low,0,0,0,0,0,0,0,0,0,0,0,0,0,0,0,0,0,0,0,0,0,0,0,0,0,0
7,0,13.53,Cruise Not Active,89,Engine Running,666,3,4.66,65.53,P,Low,High,High,Low,0,0,0,0,0,0,0,0,0,0,0,0,0,0,0,0,0,0,0,0,0,0,0,0,0,0
8,0,13.53,Cruise Not Active,89,Engine Running,666,3,4.66,65.53,P,Low,High,High,Low,0,0,0,0,0,0,0,0,0,0,0,0,0,0,0,0,0,0,0,0,0,0,0,0,0,0
9,0,13.53,Cruise Not Active,89,Engine Running,666,3,4.66,65.53,P,Low,High,High,Low,0,0,0,0,0,0,0,0,0,0,0,0,0,0,0,0,0,0,0,0,0,0,0,0,0,0
10,0,13.53,Cruise Not Active,89,Engine Running,666,3,4.66,65.53,P,Low,High,High,Low,0,0,0,0,0,0,0,0,0,0,0,0,0,0,0,0,0,0,0,0,0,0,0,0,0,0
11,0,13.53,Cruise Not Active,89,Engine Running,666,3,4.66,65.53,P,Low,High,High,Low,0,0,0,0,0,0,0,0,0,0,0,0,0,0,0,0,0,0,0,0,0,0,0,0,0,0
12,0,13.53,Cruise Not Active,89,Engine Running,666,3,4.66,65.53,P,Low,High,High,Low,0,0,0,0,0,0,0,0,0,0,0,0,0,0,0,0,0,0,0,0,0,0,0,0,0,0
13,0,13.53,Cruise Not Active,89,Engine Running,666,3,4.66,65.53,P,Low,High,High,Low,0,0,0,0,0,0,0,0,0,0,0,0,0,0,0,0,0,0,0,0,0,0,0,0,0,0
14,0,13.53,Cruise Not Active,89,Engine Running,666,3,4.66,65.53,P,Low,High,High,Low,0,0,0,0,0,0,0,0,0,0,0,0,0,0,0,0,0,0,0,0,0,0,0,0,0,0
15,0,13.53,Cruise Not Active,89,Engine Running,666,3,4.66,65.53,P,Low,High,High,Low,0,0,0,0,0,0,0,0,0,0,0,0,0,0,0,0,0,0,0,0,0,0,0,0,0,0
16,0,13.53,Cruise Not Active,89,Engine Running,666,3,4.66,65.53,P,Low,High,High,Low,Ignition Is On,0,0,0,0,0,0,0,0,0,0,0,0,0,0,0,0,0,0,0,0,0,0,0,0,0
17,0,13.53,Cruise Not Active,89,Engine Running,666,3,4.66,65.53,P,Low,High,High,Low,Ignition Is On,647,0,0,0,0,0,0,0,0,0,0,0,0,0,0,0,0,0,0,0,0,0,0,0,0
18,0,13.53,Cruise Not Active,89,Engine Running,666,3,4.66,65.53,P,Low,High,High,Low,Ignition Is On,647,Not Active,0,0,0,0,0,0,0,0,0,0,0,0,0,0,0,0,0,0,0,0,0,0,0
19,0,13.53,Cruise Not Active,89,Engine Running,666,3,4.66,65.53,P,Low,High,High,Low,Ignition Is On,647,Not Active,P,0,0,0,0,0,0,0,0,0,0,0,0,0,0,0,0,0,0,0,0,0,0
20,0,13.53,Cruise Not Active,89,Engine Running,666,3,4.66,65.53,P,Low,High,High,Low,Ignition Is On,647,Not Active,P,P,0,0,0,0,0,0,0,0,0,0,0,0,0,0,0,0,0,0,0,0,0
21,0,13.53,Cruise Not Active,89,Engine Running,666,3,4.66,65.53,P,Low,High,High,Low,Ignition Is On,647,Not Active,P,P,45,0,0,0,0,0,0,0,0,0,0,0,0,0,0,0,0,0,0,0,0
22,0,13.53,Cruise Not Active,89,Engine Running,666,3,4.66,65.53,P,Low,High,High,Low,Ignition Is On,647,Not Active,P,P,45,Off,0,0,0,0,0,0,0,0,0,0,0,0,0,0,0,0,0,0,0
23,0,13.53,Cruise Not Active,89,Engine Running,666,3,4.66,65.53,P,Low,High,High,Low,Ignition Is On,647,Not Active,P,P,45,Off,No Gear Change,0,0,0,0,0,0,0,0,0,0,0,0,0,0,0,0,0,0
24,0,13.53,Cruise Not Active,89,Engine Running,666,3,4.66,65.53,P,Low,High,High,Low,Ignition Is On,647,Not Active,P,P,45,Off,No Gear Change,Normal,0,0,0,0,0,0,0,0,0,0,0,0,0,0,0,0,0
25,0,13.53,Cruise Not Active,89,Engine Running,666,3,4.66,65.53,P,Low,High,High,Low,Ignition Is On,647,Not Active,P,P,45,Off,No Gear Change,Normal,0,0,0,0,0,0,0,0,0,0,0,0,0,0,0,0,0
26,0,13.53,Cruise Not Active,89,Engine Running,666,3,4.66,65.53,P,Low,High,High,Low,Ignition Is On,647,Not Active,P,P,45,Off,No Gear Change,Normal,0,Off,0,0,0,0,0,0,0,0,0,0,0,0,0,0,0
27,0,13.53,Cruise Not Active,89,Engine Running,666,3,4.66,65.53,P,Low,High,High,Low,Ignition Is On,647,Not Active,P,P,45,Off,No Gear Change,Normal,0,Off,Off,0,0,0,0,0,0,0,0,0,0,0,0,0,0
28,0,13.53,Cruise Not Active,89,Engine Running,666,3,4.66,65.53,P,Low,High,High,Low,Ignition Is On,647,Not Active,P,P,45,Off,No Gear Change,Normal,0,Off,Off,0,0,0,0,0,0,0,0,0,0,0,0,0,0
29,0,13.53,Cruise Not Active,89,Engine Running,666,3,4.66,65.53,P,Low,High,High,Low,Ignition Is On,647,Not Active,P,P,45,Off,No Gear Change,Normal,0,Off,Off,0,Off,0,0,0,0,0,0,0,0,0,0,0,0
30,0,13.53,Cruise Not Active,89,Engine Running,666,3,4.66,65.53,P,Low,High,High,Low,Ignition Is On,647,Not Active,P,P,45,Off,No Gear Change,Normal,0,Off,Off,0,Off,0,0,0,0,0,0,0,0,0,0,0,0
31,0,13.53,Cruise Not Active,89,Engine Running,666,3,4.66,65.53,P,Low,High,High,Low,Ignition Is On,647,Not Active,P,P,45,Off,No Gear Change,Normal,0,Off,Off,0,Off,0,Off,0,0,0,0,0,0,0,0,0,0
32,0,13.53,Cruise Not Active,89,Engine Running,666,3,4.66,65.53,P,Low,High,High,Low,Ignition Is On,647,Not Active,P,P,45,Off,No Gear Change,Normal,0,Off,Off,0,Off,0,Off,Off,0,0,0,0,0,0,0,0,0
33,0,13.53,Cruise Not Active,89,Engine Running,666,3,4.66,65.53,P,Low,High,High,Low,Ignition Is On,647,Not Active,P,P,45,Off,No Gear Change,Normal,0,Off,Off,0,Off,0,Off,Off,1.00,0,0,0,0,0,0,0,0
34,0,13.53,Cruise Not Active,89,Engine Running,666,3,4.66,65.53,P,Low,High,High,Low,Ignition Is On,647,Not Active,P,P,45,Off,No Gear Change,Normal,0,Off,Off,0,Off,0,Off,Off,1.00,0.86,0,0,0,0,0,0,0
35,0,13.53,Cruise Not Active,89,Engine Running,666,3,4.66,65.53,P,Low,High,High,Low,Ignition Is On,647,Not Active,P,P,45,Off,No Gear Change,Normal,0,Off,Off,0,Off,0,Off,Off,1.00,0.86,0.98,0,0,0,0,0,0
36,0,13.53,Cruise Not Active,89,Engine Running,666,3,4.66,65.53,P,Low,High,High,Low,Ignition Is On,647,Not Active,P,P,45,Off,No Gear Change,Normal,0,Off,Off,0,Off,0,Off,Off,1.00,0.86,0.98,511,0,0,0,0,0
37,0,13.53,Cruise Not Active,89,Engine Running,666,3,4.66,65.53,P,Low,High,High,Low,Ignition Is On,647,Not Active,P,P,45,Off,No Gear Change,Normal,0,Off,Off,0,Off,0,Off,Off,1.00,0.86,0.98,511,330,0,0,0,0
38,0,13.53,Cruise Not Active,89,Engine Running,666,3,4.66,65.53,P,Low,High,High,Low,Ignition Is On,647,Not Active,P,P,45,Off,No Gear Change,Normal,0,Off,Off,0,Off,0,Off,Off,1.00,0.86,0.98,511,330,3,0,0,0
39,0,13.53,Cruise Not Active,89,Engine Running,666,3,4.66,65.53,P,Low,High,High,Low,Ignition Is On,647,Not Active,P,P,45,Off,No Gear Change,Normal,0,Off,Off,0,Off,0,Off,Off,1.00,0.86,0.98,511,330,3,0,0,0
40,0,13.53,Cruise Not Active,89,Engine Running,666,3,4.66,65.53,P,Low,High,High,Low,Ignition Is On,647,Not Active,P,P,45,Off,No Gear Change,Normal,0,Off,Off,0,Off,0,Off,Off,1.00,0.86,0.98,511,330,3,0,0,0
41,0,13.53,Cruise Not Active,89,Engine Running,666,3,4.66,65.53,P,Low,High,High,Low,Ignition Is On,647,Not Active,P,P,45,Off,No Gear Change,Normal,0,Off,Off,0,Off,0,Off,Off,1.00,0.86,0.98,511,330,3,0,0,Off
42,0,13.14,Cruise Not Active,90,Engine Running,648,18,4.66,0,D,High,Low,Low,High,Ignition Is On,0,Not Active,D,D,45,Off,No Gear Change,Normal,868,On,Off,938,On,0,Off,Off,0.64,0.93,0.21,511,330,17,0,0,Off
43,0,13.14,Cruise Not Active,90,Engine Running,680,16,4.66,65.53,D,High,Low,Low,High,Ignition Is On,62,Not Active,D,D,45,Off,No Gear Change,Normal,1780,On,On,938,On,0,Off,Off,0.64,0.94,0.20,511,330,16,1,0,Off
44,0,13.05,Cruise Not Active,90,Engine Running,668,16,4.66,5.16,D,High,Low,Low,High,Ignition Is On,201,Not Active,D,D,45,Off,No Gear Change,Normal,1780,On,On,926,On,0,Off,Off,0.64,0.93,0.20,511,330,16,3,2,Off
45,0,13.08,Cruise Not Active,90,Engine Running,661,15,4.66,4.87,D,High,Low,Low,High,Ignition Is On,383,Not Active,D,D,45,Off,No Gear Change,Normal,1755,On,On,920,On,0,Off,Off,0.64,0.93,0.20,511,330,15,4,4,Off
46,0,13.30,Cruise Not Active,90,Engine Running,639,17,4.66,4.81,D,High,Low,Low,High,Ignition Is On,502,Not Active,D,D,45,Off,No Gear Change,Normal,1760,On,On,923,On,0,Off,Off,0.63,0.91,0.20,511,330,14,7,5,Off
47,6,13.53,Cruise Not Active,90,Engine Running,1172,55,4.66,4.75,D,High,Low,Low,High,Ignition Is On,874,Not Active,D,D,45,Off,No Gear Change,Normal,1726,On,On,908,On,0,Off,Off,0.64,0.93,0.20,511,330,54,10,9,Off
48,0,13.38,Cruise Not Active,90,Engine Running,710,7,4.66,3.40,D,High,Low,Low,High,Ignition Is On,667,Not Active,D,D,45,Off,No Gear Change,Normal,1711,On,On,914,On,0,Off,Off,0.55,0.82,0.20,511,330,6,10,10,Off
49,8,13.51,Cruise Not Active,90,Engine Running,1347,68,4.66,4.71,D,High,Low,Low,High,Ignition Is On,1137,Not Active,D,D,45,Off,No Gear Change,Normal,1736,On,On,923,On,0,Off,Off,0.64,0.93,0.20,511,330,67,12,12,Off
50,6,13.40,Cruise Not Active,90,Engine Running,1079,46,4.66,4.70,D,High,Low,Low,High,Ignition Is On,1141,Not Active,D,D,45,Off,No Gear Change,Normal,1716,On,On,911,On,0,Off,Off,0.61,0.82,0.98,511,330,47,13,12,Off
51,6,13.57,Cruise Not Active,90,Engine Running,1360,62,3.03,3.73,D,High,Low,Low,High,Ignition Is On,842,Not Active,D,D,45,Off,No Gear Change,Normal,5,Off,Off,926,On,0,Off,Off,0.61,0.89,0.20,511,330,59,15,14,Off
52,11,13.71,Cruise Not Active,90,Engine Running,1492,93,3.03,3.05,D,High,Low,Low,High,Ignition Is On,1055,Not Active,D,D,45,Off,No Gear Change,Normal,5,Off,Off,923,On,0,Off,Off,0.59,0.87,0.20,511,330,95,21,18,Off
53,16,13.69,Cruise Not Active,89,Engine Running,1738,102,3.03,3.05,D,High,Low,Low,High,Ignition Is On,1417,Not Active,D,D,45,Off,No Gear Change,Normal,5,Off,Off,920,On,0,Off,Off,0.62,0.81,0.67,511,330,101,27,24,Off
54,11,13.53,Cruise Not Active,89,Engine Running,1792,73,1.98,3.01,D,High,Low,Low,High,Ignition Is On,1292,Not Active,D,D,45,Off,No Gear Change,Normal,5,Off,Off,911,On,961,On,Off,0.62,0.90,0.20,511,511,75,29,28,Off
55,6,13.61,Cruise Not Active,89,Engine Running,1403,52,1.98,1.98,D,High,Low,Low,High,Ignition Is On,1138,Not Active,D,D,45,Off,No Gear Change,Normal,5,Off,Off,902,On,942,On,Off,0.49,0.76,0.20,511,511,45,28,29,Off
56,0,13.51,Cruise Not Active,89,Engine Running,826,-6,1.98,1.98,D,High,Low,Low,High,Ignition Is On,1036,Not Active,D,D,45,Off,No Gear Change,Normal,5,Off,Off,891,On,947,On,Off,0.48,0.74,0.20,511,511,-5,25,27,Off
57,0,13.40,Cruise Not Active,88,Engine Running,749,-5,3.03,1.98,D,High,Low,Low,High,Ignition Is On,819,Not Active,D,D,45,Off,No Gear Change,Normal,5,Off,Off,879,On,1760,On,On,0.99,0.96,0.50,511,330,-5,16,22,Off
58,0,13.01,Cruise Not Active,88,Engine Running,717,2,4.66,2.84,D,High,Low,Low,High,Ignition Is On,730,Not Active,D,D,46,Off,No Gear Change,Normal,5,Off,Off,873,On,0,Off,Off,0.89,0.79,0.86,511,330,1,10,12,Off
59,0,13.44,Cruise Not Active,88,Engine Running,654,6,4.66,3.52,D,High,Low,Low,High,Ignition Is On,582,Not Active,D,D,46,Off,No Gear Change,Normal,5,Off,Off,882,On,0,Off,Off,0.65,0.93,0.22,511,330,5,4,8,Off
60,0,12.89,Cruise Not Active,88,Engine Running,643,18,4.66,4.51,D,High,Low,Low,High,Ignition Is On,253,Not Active,D,D,46,Off,No Gear Change,Normal,1696,On,On,870,On,0,Off,Off,0.64,0.88,0.20,511,330,15,2,2,Off
61,15,13.42,Cruise Not Active,88,Engine Running,1387,113,4.66,4.89,D,High,Low,Low,High,Ignition Is On,563,Not Active,D,D,46,Off,No Gear Change,Normal,1736,On,On,891,On,0,Off,Off,0.34,0.49,0.20,511,330,106,14,6,Off
62,22,13.44,Cruise Not Active,88,Engine Running,2047,145,3.03,4.71,D,High,Low,Low,High,Ignition Is On,1722,Not Active,D,D,46,Off,No Gear Change,Normal,5,Off,Off,896,On,0,Off,Off,0.61,0.89,0.21,511,330,135,23,19,Off
63,8,13.69,Cruise Not Active,88,Engine Running,1555,68,3.03,3.05,D,High,Low,Low,High,Ignition Is On,1393,Not Active,D,D,46,Off,No Gear Change,Normal,5,Off,Off,882,On,1785,On,On,0.76,0.81,0.40,511,330,70,24,23,Off
64,10,13.44,Cruise Not Active,88,Engine Running,1461,81,1.98,1.99,D,High,Low,Low,High,Ignition Is On,972,Not Active,D,D,46,Off,No Gear Change,Normal,5,Off,Off,885,On,937,On,Off,0.60,0.88,0.20,511,511,80,26,25,Off
65,11,13.51,Cruise Not Active,88,Engine Running,1504,82,1.98,1.98,D,High,Low,Low,High,Ignition Is On,1031,Not Active,D,D,47,Off,No Gear Change,Normal,5,Off,Off,882,On,932,On,Off,0.64,0.93,0.20,511,511,75,26,27,Off
66,4,13.57,Cruise Not Active,88,Engine Running,1180,44,1.98,1.98,D,High,Low,Low,High,Ignition Is On,1006,Not Active,D,D,47,Off,No Gear Change,Normal,5,Off,Off,864,On,922,On,Off,0.54,0.77,0.20,511,511,43,24,26,Off
67,0,13.53,Cruise Not Active,88,Engine Running,782,-3,1.98,1.98,D,High,Low,Low,High,Ignition Is On,874,Not Active,D,D,47,Off,No Gear Change,Normal,5,Off,Off,879,On,917,On,Off,0.55,0.78,0.20,511,330,-2,20,23,Off
68,0,13.28,Cruise Not Active,88,Engine Running,743,0,3.03,2.03,D,High,Low,Low,High,Ignition Is On,792,Not Active,D,D,47,Off,No Gear Change,Normal,5,Off,Off,864,On,1741,On,On,1.00,0.96,0.60,163,330,0,18,19,Off
69,27,13.79,Cruise Not Active,88,Engine Running,2096,180,3.03,3.05,D,High,Low,Low,High,Ignition Is On,1395,Not Active,D,D,47,Off,No Gear Change,Normal,5,Off,Off,891,On,0,Off,Off,0.50,0.77,0.20,511,330,172,31,23,Off
70,27,13.75,Cruise Not Active,88,Engine Running,2501,186,1.98,3.04,D,High,Low,Low,High,Ignition Is On,2159,Not Active,D,D,47,Off,No Gear Change,Normal,5,Off,Off,867,On,1746,On,On,0.69,0.74,0.20,511,330,174,42,37,Off
71,27,13.55,Cruise Not Active,88,Engine Running,2380,191,1.98,1.99,D,High,Low,Low,High,Ignition Is On,1752,Not Active,D,D,47,Off,No Gear Change,Normal,5,Off,Off,876,On,917,On,Off,0.61,0.45,0.20,511,511,185,49,46,Off
72,19,13.57,Cruise Not Active,88,Engine Running,2167,128,1.34,1.65,D,High,Low,Low,High,Ignition Is On,1382,Not Active,D,D,47,Off,No Gear Change,Normal,0,Off,Off,3,Off,917,On,Off,0.56,0.80,0.48,511,511,128,52,51,Off
73,16,13.71,Cruise Not Active,88,Engine Running,1797,108,1.34,1.34,D,High,Low,Low,High,Ignition Is On,1365,Not Active,D,D,47,Off,No Gear Change,Normal,0,Off,Off,3,Off,912,On,Off,0.56,0.82,0.52,511,511,104,53,53,Off
74,9,13.69,Cruise Not Active,88,Engine Running,1537,63,1.34,1.34,D,High,Low,Low,High,Ignition Is On,1387,Not Active,D,D,47,Off,No Gear Change,Normal,0,Off,Off,3,Off,912,On,Off,0.50,0.77,0.48,511,511,69,54,53,Off
75,21,13.69,Cruise Not Active,88,Engine Running,1963,153,1.34,1.34,D,High,Low,Low,High,Ignition Is On,1458,Not Active,D,D,47,Off,No Gear Change,Normal,0,Off,Off,3,Off,907,On,Off,0.47,0.74,0.56,511,511,147,58,56,Off
76,20,13.71,Cruise Not Active,89,Engine Running,1667,88,1.34,1.34,D,High,Low,Low,High,Ignition Is On,1519,Not Active,D,D,47,Off,No Gear Change,Normal,0,Off,Off,3,Off,907,On,Off,0.52,0.78,0.98,511,511,82,57,58,Off
77,0,13.67,Cruise Not Active,89,Engine Running,1479,-21,1.34,1.34,D,High,Low,Low,High,Ignition Is On,1460,Not Active,D,D,47,Off,No Gear Change,Normal,0,Off,Off,3,Off,887,On,Off,0.52,0.79,1.00,511,511,-21,54,56,Off
78,0,13.61,Cruise Not Active,89,Engine Running,1411,-21,1.34,1.34,D,High,Low,Low,High,Ignition Is On,1401,Not Active,D,D,48,Off,No Gear Change,Normal,0,Off,Off,3,Off,887,On,Off,0.52,0.78,1.00,511,511,-21,52,54,Off
79,0,13.53,Cruise Not Active,90,Engine Running,1350,-21,1.34,1.34,D,High,Low,Low,High,Ignition Is On,1338,Not Active,D,D,48,Off,No Gear Change,Normal,0,Off,Off,3,Off,887,On,Off,0.52,0.78,1.00,511,511,-21,50,52,Off
80,0,13.34,Cruise Not Active,90,Engine Running,1254,-21,1.34,1.34,D,High,Low,Low,High,Ignition Is On,1217,Not Active,D,D,48,Off,No Gear Change,Normal,0,Off,Off,3,Off,878,On,Off,0.52,0.80,0.21,511,511,-21,42,47,Off
81,0,13.32,Cruise Not Active,90,Engine Running,881,-7,1.34,1.34,D,High,Low,Low,High,Ignition Is On,968,Not Active,D,D,48,Off,No Gear Change,Normal,0,Off,Off,3,Off,1677,On,On,0.96,0.61,0.20,511,511,-6,32,37,Off
82,0,13.28,Cruise Not Active,90,Engine Running,815,-8,1.98,1.98,D,High,Low,Low,High,Ignition Is On,1135,Not Active,D,D,48,Off,No Gear Change,Normal,5,Off,Off,893,On,858,On,Off,0.54,0.80,0.20,511,511,-7,26,29,Off
83,0,13.30,Cruise Not Active,90,Engine Running,736,14,1.98,1.99,D,High,Low,Low,High,Ignition Is On,1038,Not Active,D,D,48,Off,No Gear Change,Normal,5,Off,Off,905,On,887,On,Off,0.50,0.77,0.20,511,511,20,29,27,Off
84,17,13.51,Cruise Not Active,90,Engine Running,1657,106,1.98,1.99,D,High,Low,Low,High,Ignition Is On,1210,Not Active,D,D,48,Off,No Gear Change,Normal,5,Off,Off,896,On,878,On,Off,0.46,0.69,0.20,511,511,106,36,31,Off
85,27,13.59,Cruise Not Active,90,Engine Running,2222,179,1.98,1.98,D,High,Low,Low,High,Ignition Is On,1540,Not Active,D,D,48,Off,No Gear Change,Normal,5,Off,Off,891,On,878,On,Off,0.46,0.67,0.20,511,511,177,45,40,Off
86,27,13.61,Cruise Not Active,89,Engine Running,2375,184,1.98,1.99,D,High,Low,Low,High,Ignition Is On,1916,Not Active,D,D,48,Off,No Gear Change,Normal,5,Off,Off,879,On,878,On,Off,0.46,0.65,0.20,511,511,182,55,50,Off
87,29,13.65,Cruise Not Active,89,Engine Running,2674,206,1.98,1.98,D,High,Low,Low,High,Ignition Is On,2325,Not Active,D,D,48,Off,No Gear Change,Normal,0,Off,Off,6,Off,1721,On,On,0.67,0.74,0.20,511,511,205,66,61,Off
88,29,13.71,Cruise Not Active,89,Engine Running,2534,217,1.34,1.34,D,High,Low,Low,High,Ignition Is On,1815,Not Active,D,D,48,Off,No Gear Change,Normal,0,Off,Off,3,Off,878,On,Off,0.53,0.80,0.20,511,511,216,75,70,Off
89,29,13.73,Cruise Not Active,89,Engine Running,2622,204,1.34,1.34,D,High,Low,Low,High,Ignition Is On,2037,Not Active,D,D,49,Off,No Gear Change,Normal,0,Off,Off,3,Off,873,On,Off,0.47,0.73,1.00,511,511,203,81,79,Off
90,16,13.55,Cruise Not Active,89,Engine Running,2118,107,1.02,1.34,D,High,Low,Low,High,Ignition Is On,2101,Not Active,D,D,49,Off,No Gear Change,Normal,937,Off,On,3,Off,868,On,Off,0.43,0.69,0.99,511,511,110,83,82,Off
91,25,13.51,Cruise Not Active,89,Engine Running,1651,177,1.02,1.02,D,High,Low,Low,High,Ignition Is On,1660,Not Active,D,D,49,Off,No Gear Change,Normal,927,Off,On,3,Off,863,On,Off,0.34,0.59,1.00,511,511,178,86,85,Off
92,29,13.61,Cruise Not Active,89,Engine Running,1705,223,1.02,1.02,D,High,Low,Low,High,Ignition Is On,1728,Not Active,D,D,49,Off,No Gear Change,Normal,922,Off,On,3,Off,863,On,Off,0.34,0.59,1.00,511,511,213,89,88,Off
93,29,13.53,Cruise Not Active,89,Engine Running,1775,224,1.02,1.02,D,High,Low,Low,High,Ignition Is On,1797,Not Active,D,D,49,Off,No Gear Change,Normal,917,Off,On,3,Off,863,On,Off,0.34,0.46,0.23,511,511,225,94,91,Off
94,65,13.63,Cruise Not Active,89,Engine Running,3233,323,1.34,1.34,D,High,Low,Low,High,Ignition Is On,2545,Not Active,D,D,50,Off,No Gear Change,Normal,0,Off,Off,3,Off,873,On,Off,0.46,0.46,0.20,511,511,323,104,98,Off
95,66,13.77,Cruise Not Active,89,Engine Running,3381,312,1.34,1.34,D,High,Low,Low,High,Ignition Is On,2830,Not Active,D,D,50,Off,No Gear Change,Normal,0,Off,Off,3,Off,873,On,Off,0.46,0.33,0.57,511,511,328,115,109,Off
96,33,13.44,Cruise Not Active,90,Engine Running,3177,197,1.02,1.34,D,High,Low,Low,High,Ignition Is On,3046,Not Active,D,D,50,Off,No Gear Change,Normal,912,Off,On,3,Off,858,On,Off,0.64,0.68,0.73,511,511,176,119,118,Off
97,8,13.51,Cruise Not Active,90,Engine Running,2327,-6,1.02,1.02,D,High,Low,Low,High,Ignition Is On,2326,Not Active,D,D,50,Off,No Gear Change,Normal,907,Off,On,3,Off,853,On,Off,0.55,0.81,1,511,511,-6,116,119,Off
98,0,13.57,Cruise Not Active,90,Engine Running,2276,-24,1.02,1.02,D,High,Low,Low,High,Ignition Is On,2260,Not Active,D,D,51,Off,No Gear Change,Normal,902,Off,On,3,Off,853,On,Off,0.55,0.82,1.00,511,511,-24,112,115,Off
99,0,13.63,Cruise Not Active,90,Engine Running,2209,-24,1.02,1.02,D,High,Low,Low,High,Ignition Is On,2198,Not Active,D,D,51,Off,No Gear Change,Normal,897,Off,On,3,Off,853,On,Off,0.55,0.81,1.00,511,511,-24,110,112,Off
100,0,13.53,Cruise Not Active,90,Engine Running,2148,-24,1.02,1.02,D,High,Low,Low,High,Ignition Is On,2137,Not Active,D,D,51,Off,No Gear Change,Normal,892,Off,On,3,Off,853,On,Off,0.55,0.81,1,511,511,-24,106,109,Off
101,0,13.59,Cruise Not Active,90,Engine Running,2092,-23,1.02,1.02,D,High,Low,Low,High,Ignition Is On,2082,Not Active,D,D,51,Off,No Gear Change,Normal,892,Off,On,3,Off,848,On,Off,0.55,0.82,1,511,511,-23,104,106,Off
102,0,13.59,Cruise Not Active,90,Engine Running,2037,-23,1.02,1.02,D,High,Low,Low,High,Ignition Is On,2025,Not Active,D,D,51,Off,No Gear Change,Normal,887,Off,On,3,Off,848,On,Off,0.60,0.86,1.00,511,511,-23,102,103,Off
103,8,13.53,Cruise Not Active,90,Engine Running,2002,30,1.02,1.02,D,High,Low,Low,High,Ignition Is On,1996,Not Active,D,D,51,Off,No Gear Change,Normal,882,Off,On,3,Off,843,On,Off,0.57,0.82,1,511,511,16,100,102,Off
104,9,13.55,Cruise Not Active,90,Engine Running,1973,67,1.02,1.02,D,High,Low,Low,High,Ignition Is On,1974,Not Active,D,D,51,Off,No Gear Change,Normal,878,Off,On,3,Off,843,On,Off,0.60,0.87,1,511,511,82,100,101,Off
105,4,13.46,Cruise Not Active,89,Engine Running,1962,30,1.02,1.02,D,High,Low,Low,High,Ignition Is On,1964,Not Active,D,D,52,Off,No Gear Change,Normal,878,Off,On,3,Off,843,On,Off,0.60,0.88,1,511,511,38,99,100,Off
106,8,13.57,Cruise Not Active,88,Engine Running,1957,54,1.02,1.02,D,High,Low,Low,High,Ignition Is On,1951,Not Active,D,D,52,Off,No Gear Change,Normal,873,Off,On,3,Off,843,On,Off,0.52,0.79,1.00,511,511,57,99,99,Off
107,14,13.51,Cruise Not Active,88,Engine Running,1958,103,1.02,1.02,D,High,Low,Low,High,Ignition Is On,1963,Not Active,D,D,52,Off,No Gear Change,Normal,873,Off,On,3,Off,843,On,Off,0.59,0.83,1.00,511,511,106,100,100,Off
108,6,13.59,Cruise Not Active,87,Engine Running,1964,39,1.02,1.02,D,High,Low,Low,High,Ignition Is On,1958,Not Active,D,D,52,Off,No Gear Change,Normal,868,Off,On,3,Off,843,On,Off,0.60,0.86,1.00,511,511,43,98,100,Off
109,5,13.55,Cruise Not Active,87,Engine Running,1941,54,1.02,1.02,D,High,Low,Low,High,Ignition Is On,1938,Not Active,D,D,52,Off,No Gear Change,Normal,868,Off,On,3,Off,843,On,Off,0.50,0.77,1.00,511,511,72,99,99,Off
110,17,13.48,Cruise Not Active,87,Engine Running,1964,129,1.02,1.02,D,High,Low,Low,High,Ignition Is On,1961,Not Active,D,D,52,Off,No Gear Change,Normal,868,Off,On,3,Off,833,On,Off,0.39,0.69,1.00,511,511,124,101,100,Off
111,0,13.38,Cruise Not Active,87,Engine Running,1981,-13,1.02,1.02,D,High,Low,Low,High,Ignition Is On,1968,Not Active,D,D,52,Off,No Gear Change,Normal,863,Off,On,3,Off,838,On,Off,0.55,0.81,1.00,511,511,-13,98,100,Off
112,0,13.57,Cruise Not Active,87,Engine Running,1953,6,1.02,1.02,D,High,Low,Low,High,Ignition Is On,1922,Not Active,D,D,52,Off,No Gear Change,Normal,863,Off,On,3,Off,838,On,Off,0.47,0.73,1,511,511,12,99,98,Off
113,31,13.57,Cruise Not Active,87,Engine Running,1959,232,1.02,1.02,D,High,Low,Low,High,Ignition Is On,1974,Not Active,D,D,52,Off,No Gear Change,Normal,863,Off,On,3,Off,843,On,Off,0.38,0.66,1.00,511,511,232,102,101,Off
114,10,13.48,Cruise Not Active,87,Engine Running,2014,82,1.02,1.02,D,High,Low,Low,High,Ignition Is On,2016,Not Active,D,D,52,Off,No Gear Change,Normal,858,Off,On,3,Off,838,On,Off,0.60,0.87,1.00,511,511,102,102,103,Off
115,15,13.57,Cruise Not Active,87,Engine Running,2021,107,1.02,1.02,D,High,Low,Low,High,Ignition Is On,2019,Not Active,D,D,52,Off,No Gear Change,Normal,858,Off,On,3,Off,838,On,Off,0.54,0.81,1.00,511,511,104,103,103,Off
116,17,13.55,Cruise Not Active,87,Engine Running,2034,110,1.02,1.02,D,High,Low,Low,High,Ignition Is On,2037,Not Active,D,D,52,Off,No Gear Change,Normal,853,Off,On,3,Off,838,On,Off,0.48,0.75,1.00,511,511,110,104,104,Off
117,18,13.57,Cruise Not Active,87,Engine Running,2060,122,1.02,1.02,D,High,Low,Low,High,Ignition Is On,2061,Not Active,D,D,52,Off,No Gear Change,Normal,853,Off,On,3,Off,838,On,Off,0.37,0.68,1,511,511,119,106,105,Off
118,15,13.53,Cruise Not Active,87,Engine Running,2095,79,1.02,1.02,D,High,Low,Low,High,Ignition Is On,2093,Not Active,D,D,52,Off,No Gear Change,Normal,848,Off,On,3,Off,833,On,Off,0.59,0.87,1.00,511,511,90,106,107,Off
119,13,13.48,Cruise Not Active,87,Engine Running,2096,89,1.02,1.02,D,High,Low,Low,High,Ignition Is On,2101,Not Active,D,D,52,Off,No Gear Change,Normal,848,Off,On,3,Off,838,On,Off,0.33,0.58,1.00,511,511,91,108,107,Off
120,25,13.59,Cruise Not Active,88,Engine Running,2155,194,1.02,1.02,D,High,Low,Low,High,Ignition Is On,2167,Not Active,D,D,52,Off,No Gear Change,Normal,848,Off,On,3,Off,838,On,Off,0.49,0.75,1,511,511,175,111,110,Off
121,20,13.53,Cruise Not Active,88,Engine Running,2190,109,1.02,1.02,D,High,Low,Low,High,Ignition Is On,2188,Not Active,D,D,52,Off,No Gear Change,Normal,843,Off,On,3,Off,838,On,Off,0.50,0.77,1.00,511,511,100,111,112,Off
122,19,13.59,Cruise Not Active,88,Engine Running,2205,132,1.02,1.02,D,High,Low,Low,High,Ignition Is On,2210,Not Active,D,D,52,Off,No Gear Change,Normal,848,Off,On,3,Off,838,On,Off,0.43,0.71,1.00,511,511,151,114,113,Off
123,23,13.51,Cruise Not Active,89,Engine Running,2245,114,1.02,1.02,D,High,Low,Low,High,Ignition Is On,2256,Not Active,D,D,52,Off,No Gear Change,Normal,843,Off,On,3,Off,833,On,Off,0.57,0.83,1.00,511,511,113,115,115,Off
124,14,13.55,Cruise Not Active,89,Engine Running,2259,86,1.02,1.02,D,High,Low,Low,High,Ignition Is On,2259,Not Active,D,D,53,Off,No Gear Change,Normal,843,Off,On,3,Off,833,On,Off,0.60,0.88,1,511,511,90,114,115,Off
125,9,13.55,Cruise Not Active,89,Engine Running,2252,57,1.02,1.02,D,High,Low,Low,High,Ignition Is On,2250,Not Active,D,D,53,Off,No Gear Change,Normal,838,Off,On,3,Off,833,On,Off,0.54,0.79,1,511,511,59,114,115,Off
126,17,13.44,Cruise Not Active,89,Engine Running,2264,109,1.02,1.02,D,High,Low,Low,High,Ignition Is On,2268,Not Active,D,D,53,Off,No Gear Change,Normal,838,Off,On,3,Off,833,On,Off,0.59,0.86,1.00,511,511,103,115,116,Off
127,15,13.51,Cruise Not Active,89,Engine Running,2273,96,1.02,1.02,D,High,Low,Low,High,Ignition Is On,2276,Not Active,D,D,53,Off,No Gear Change,Normal,838,Off,On,3,Off,833,On,Off,0.60,0.88,1.00,511,511,97,116,116,Off
128,13,13.44,Cruise Not Active,89,Engine Running,2280,86,1.02,1.02,D,High,Low,Low,High,Ignition Is On,2282,Not Active,D,D,53,Off,No Gear Change,Normal,838,Off,On,3,Off,833,On,Off,0.60,0.88,1.00,511,511,87,116,116,Off
129,12,13.55,Cruise Not Active,89,Engine Running,2285,74,1.02,1.02,D,High,Low,Low,High,Ignition Is On,2282,Not Active,D,D,53,Off,No Gear Change,Normal,833,Off,On,3,Off,833,On,Off,0.60,0.88,1,511,511,78,116,116,Off
130,11,13.46,Cruise Not Active,89,Engine Running,2277,71,1.02,1.02,D,High,Low,Low,High,Ignition Is On,2279,Not Active,D,D,53,Off,No Gear Change,Normal,833,Off,On,3,Off,833,On,Off,0.58,0.85,1.00,511,511,75,116,116,Off
131,14,13.61,Cruise Not Active,89,Engine Running,2291,122,1.02,1.02,D,High,Low,Low,High,Ignition Is On,2294,Not Active,D,D,53,Off,No Gear Change,Normal,838,Off,On,3,Off,833,On,Off,0.40,0.69,1.00,511,511,134,118,117,Off
132,20,13.51,Cruise Not Active,89,Engine Running,2327,123,1.02,1.02,D,High,Low,Low,High,Ignition Is On,2332,Not Active,D,D,53,Off,No Gear Change,Normal,833,Off,On,3,Off,828,On,Off,0.60,0.86,1.00,511,511,123,118,119,Off
133,13,13.55,Cruise Not Active,89,Engine Running,2329,82,1.02,1.02,D,High,Low,Low,High,Ignition Is On,2330,Not Active,D,D,53,Off,No Gear Change,Normal,828,Off,On,3,Off,828,On,Off,0.54,0.80,1.00,511,511,83,118,119,Off
134,17,13.57,Cruise Not Active,88,Engine Running,2327,112,1.02,1.02,D,High,Low,Low,High,Ignition Is On,2334,Not Active,D,D,53,Off,No Gear Change,Normal,833,Off,On,3,Off,828,On,Off,0.55,0.82,1.00,511,511,113,118,119,Off
135,17,13.46,Cruise Not Active,88,Engine Running,2341,112,1.02,1.02,D,High,Low,Low,High,Ignition Is On,2341,Not Active,D,D,53,Off,No Gear Change,Normal,828,Off,On,3,Off,833,On,Off,0.59,0.87,1.00,511,511,113,119,119,Off
136,14,13.53,Cruise Not Active,88,Engine Running,2335,91,1.02,1.02,D,High,Low,Low,High,Ignition Is On,2337,Not Active,D,D,53,Off,No Gear Change,Normal,828,Off,On,3,Off,828,On,Off,0.60,0.87,1.00,511,511,95,118,119,Off
137,12,13.55,Cruise Not Active,88,Engine Running,2335,73,1.02,1.02,D,High,Low,Low,High,Ignition Is On,2331,Not Active,D,D,53,Off,No Gear Change,Normal,823,Off,On,3,Off,828,On,Off,0.60,0.87,1.00,511,511,83,118,119,Off
138,12,13.55,Cruise Not Active,88,Engine Running,2326,74,1.02,1.02,D,High,Low,Low,High,Ignition Is On,2326,Not Active,D,D,53,Off,No Gear Change,Normal,828,Off,On,3,Off,833,On,Off,0.55,0.81,1,511,511,84,118,119,Off
139,21,13.59,Cruise Not Active,88,Engine Running,2341,164,1.02,1.02,D,High,Low,Low,High,Ignition Is On,2346,Not Active,D,D,53,Off,No Gear Change,Normal,828,Off,On,3,Off,833,On,Off,0.44,0.72,1,511,511,162,120,120,Off
140,23,13.61,Cruise Not Active,88,Engine Running,2376,144,1.02,1.02,D,High,Low,Low,High,Ignition Is On,2375,Not Active,D,D,54,Off,No Gear Change,Normal,828,Off,On,3,Off,828,On,Off,0.53,0.79,1.00,511,511,130,121,121,Off
141,16,13.59,Cruise Not Active,88,Engine Running,2387,99,1.02,1.02,D,High,Low,Low,High,Ignition Is On,2382,Not Active,D,D,54,Off,No Gear Change,Normal,823,Off,On,3,Off,828,On,Off,0.59,0.87,1.00,511,511,100,121,122,Off
142,13,13.59,Cruise Not Active,88,Engine Running,2379,72,1.02,1.02,D,High,Low,Low,High,Ignition Is On,2376,Not Active,D,D,54,Off,No Gear Change,Normal,823,Off,On,3,Off,828,On,Off,0.60,0.88,1.00,511,511,77,120,121,Off
143,14,13.57,Cruise Not Active,88,Engine Running,2373,107,1.02,1.02,D,High,Low,Low,High,Ignition Is On,2375,Not Active,D,D,54,Off,No Gear Change,Normal,823,Off,On,3,Off,828,On,Off,0.49,0.76,1,511,511,119,121,121,Off
144,18,13.48,Cruise Not Active,88,Engine Running,2398,84,1.02,1.02,D,High,Low,Low,High,Ignition Is On,2393,Not Active,D,D,54,Off,No Gear Change,Normal,823,Off,On,3,Off,828,On,Off,0.55,0.81,1,511,511,76,120,122,Off
145,0,13.53,Cruise Not Active,88,Engine Running,2351,-24,1.02,1.02,D,High,Low,Low,High,Ignition Is On,2336,Not Active,D,D,54,Off,No Gear Change,Normal,823,Off,On,3,Off,828,On,Off,0.55,0.81,1,511,511,-24,117,119,Off
146,0,13.55,Cruise Not Active,88,Engine Running,2292,-24,1.02,1.02,D,High,Low,Low,High,Ignition Is On,2279,Not Active,D,D,54,Off,No Gear Change,Normal,823,Off,On,3,Off,828,On,Off,0.60,0.85,1.00,511,511,-24,114,116,Off
147,8,13.51,Cruise Not Active,88,Engine Running,2251,52,1.02,1.02,D,High,Low,Low,High,Ignition Is On,2249,Not Active,D,D,54,Off,No Gear Change,Normal,818,Off,On,3,Off,828,On,Off,0.60,0.88,1,511,511,46,114,115,Off
148,6,13.48,Cruise Not Active,88,Engine Running,2239,38,1.02,1.02,D,High,Low,Low,High,Ignition Is On,2230,Not Active,D,D,54,Off,No Gear Change,Normal,818,Off,On,3,Off,828,On,Off,0.60,0.88,1.00,511,511,34,113,114,Off
149,12,13.59,Cruise Not Active,88,Engine Running,2218,73,1.02,1.02,D,High,Low,Low,High,Ignition Is On,2213,Not Active,D,D,54,Off,No Gear Change,Normal,818,Off,On,3,Off,823,On,Off,0.60,0.88,1.00,511,511,68,112,113,Off
150,7,13.57,Cruise Not Active,88,Engine Running,2207,45,1.02,1.02,D,High,Low,Low,High,Ignition Is On,2200,Not Active,D,D,54,Off,No Gear Change,Normal,818,Off,On,3,Off,828,On,Off,0.55,0.82,1,511,511,40,110,112,Off
151,7,13.44,Cruise Not Active,88,Engine Running,2173,62,1.02,1.02,D,High,Low,Low,High,Ignition Is On,2171,Not Active,D,D,54,Off,No Gear Change,Normal,818,Off,On,3,Off,828,On,Off,0.60,0.87,1,511,511,77,110,111,Off
152,8,13.55,Cruise Not Active,87,Engine Running,2175,43,1.02,1.02,D,High,Low,Low,High,Ignition Is On,2171,Not Active,D,D,54,Off,No Gear Change,Normal,818,Off,On,3,Off,828,On,Off,0.60,0.88,1.00,511,511,50,110,111,Off
153,14,13.57,Cruise Not Active,87,Engine Running,2168,133,1.02,1.02,D,High,Low,Low,High,Ignition Is On,2167,Not Active,D,D,54,Off,No Gear Change,Normal,823,Off,On,3,Off,833,On,Off,0.46,0.73,1,511,511,123,111,111,Off
154,23,13.51,Cruise Not Active,87,Engine Running,2205,155,1.02,1.02,D,High,Low,Low,High,Ignition Is On,2210,Not Active,D,D,54,Off,No Gear Change,Normal,818,Off,On,3,Off,823,On,Off,0.46,0.74,1.00,511,511,155,113,113,Off
155,22,13.44,Cruise Not Active,87,Engine Running,2247,149,1.02,1.02,D,High,Low,Low,High,Ignition Is On,2248,Not Active,D,D,54,Off,No Gear Change,Normal,818,Off,On,3,Off,828,On,Off,0.49,0.76,1.00,511,511,150,115,115,Off
156,21,13.61,Cruise Not Active,87,Engine Running,2276,141,1.02,1.02,D,High,Low,Low,High,Ignition Is On,2283,Not Active,D,D,54,Off,No Gear Change,Normal,818,Off,On,3,Off,828,On,Off,0.59,0.85,1.00,511,511,142,116,116,Off
157,12,13.57,Cruise Not Active,87,Engine Running,2283,62,1.02,1.02,D,High,Low,Low,High,Ignition Is On,2282,Not Active,D,D,54,Off,No Gear Change,Normal,818,Off,On,3,Off,828,On,Off,0.60,0.88,1,511,511,67,115,116,Off
158,9,13.57,Cruise Not Active,87,Engine Running,2265,52,1.02,1.02,D,High,Low,Low,High,Ignition Is On,2260,Not Active,D,D,54,Off,No Gear Change,Normal,818,Off,On,3,Off,828,On,Off,0.60,0.88,1,511,511,42,114,115,Off
159,13,13.57,Cruise Not Active,87,Engine Running,2248,96,1.02,1.02,D,High,Low,Low,High,Ignition Is On,2249,Not Active,D,D,54,Off,No Gear Change,Normal,818,Off,On,3,Off,828,On,Off,0.33,0.57,1.00,511,511,93,116,115,Off
160,28,13.61,Cruise Not Active,87,Engine Running,2313,230,1.02,1.02,D,High,Low,Low,High,Ignition Is On,2319,Not Active,D,D,54,Off,No Gear Change,Normal,818,Off,On,3,Off,828,On,Off,0.36,0.67,1.00,511,511,203,120,119,Off
161,25,13.57,Cruise Not Active,87,Engine Running,2370,174,1.02,1.02,D,High,Low,Low,High,Ignition Is On,2381,Not Active,D,D,54,Off,No Gear Change,Normal,818,Off,On,3,Off,828,On,Off,0.60,0.83,1.00,511,511,173,120,121,Off
162,0,13.59,Cruise Not Active,87,Engine Running,2355,-25,1.02,1.02,D,High,Low,Low,High,Ignition Is On,2342,Not Active,D,D,54,Off,No Gear Change,Normal,813,Off,On,3,Off,828,On,Off,0.55,0.82,1.00,511,511,-25,117,119,Off
163,0,13.55,Cruise Not Active,88,Engine Running,2297,-23,1.02,1.02,D,High,Low,Low,High,Ignition Is On,2284,Not Active,D,D,55,Off,No Gear Change,Normal,813,Off,On,3,Off,828,On,Off,0.60,0.87,1,511,511,-22,115,117,Off
164,11,13.53,Cruise Not Active,88,Engine Running,2268,70,1.02,1.02,D,High,Low,Low,High,Ignition Is On,2271,Not Active,D,D,55,Off,No Gear Change,Normal,813,Off,On,3,Off,828,On,Off,0.55,0.82,1.00,511,511,71,116,116,Off
165,19,13.59,Cruise Not Active,88,Engine Running,2291,85,1.02,1.02,D,High,Low,Low,High,Ignition Is On,2289,Not Active,D,D,55,Off,No Gear Change,Normal,813,Off,On,3,Off,828,On,Off,0.60,0.88,1,511,511,87,116,117,Off
166,11,13.61,Cruise Not Active,88,Engine Running,2288,57,1.02,1.02,D,High,Low,Low,High,Ignition Is On,2274,Not Active,D,D,55,Off,No Gear Change,Normal,813,Off,On,3,Off,828,On,Off,0.55,0.81,1,511,511,45,114,116,Off
167,0,13.61,Cruise Not Active,88,Engine Running,2241,-25,1.02,1.02,D,High,Low,Low,High,Ignition Is On,2232,Not Active,D,D,55,Off,No Gear Change,Normal,813,Off,On,3,Off,828,On,Off,0.55,0.81,1,511,511,-25,112,114,Off
168,0,13.55,Cruise Not Active,88,Engine Running,2191,-24,1.02,1.02,D,High,Low,Low,High,Ignition Is On,2187,Not Active,D,D,55,Off,No Gear Change,Normal,813,Off,On,3,Off,828,On,Off,0.54,0.81,1,511,511,-24,111,111,Off
169,10,13.61,Cruise Not Active,88,Engine Running,2187,53,1.02,1.02,D,High,Low,Low,High,Ignition Is On,2185,Not Active,D,D,55,Off,No Gear Change,Normal,813,Off,On,3,Off,828,On,Off,0.52,0.78,1,511,511,55,111,111,Off
170,17,13.63,Cruise Not Active,88,Engine Running,2198,115,1.02,1.02,D,High,Low,Low,High,Ignition Is On,2201,Not Active,D,D,55,Off,No Gear Change,Normal,813,Off,On,3,Off,828,On,Off,0.60,0.88,1,511,511,111,111,112,Off
171,6,13.51,Cruise Not Active,88,Engine Running,2186,40,1.02,1.02,D,High,Low,Low,High,Ignition Is On,2185,Not Active,D,D,55,Off,No Gear Change,Normal,813,Off,On,3,Off,828,On,Off,0.60,0.88,1.00,511,511,34,110,111,Off
172,10,13.57,Cruise Not Active,88,Engine Running,2176,70,1.02,1.02,D,High,Low,Low,High,Ignition Is On,2174,Not Active,D,D,55,Off,No Gear Change,Normal,813,Off,On,3,Off,828,On,Off,0.60,0.88,1.00,511,511,73,110,111,Off
173,14,13.59,Cruise Not Active,87,Engine Running,2181,50,1.02,1.02,D,High,Low,Low,High,Ignition Is On,2169,Not Active,D,D,55,Off,No Gear Change,Normal,809,Off,On,3,Off,828,On,Off,0.57,0.84,1.00,511,511,40,109,111,Off
174,0,13.57,Cruise Not Active,87,Engine Running,2143,-23,1.02,1.02,D,High,Low,Low,High,Ignition Is On,2133,Not Active,D,D,55,Off,No Gear Change,Normal,813,Off,On,3,Off,828,On,Off,0.55,0.82,1.00,511,511,-23,107,109,Off
175,5,13.53,Cruise Not Active,87,Engine Running,2104,34,1.02,1.02,D,High,Low,Low,High,Ignition Is On,2105,Not Active,D,D,55,Off,No Gear Change,Normal,809,Off,On,3,Off,828,On,Off,0.41,0.70,1.00,511,511,33,108,107,Off
176,23,13.55,Cruise Not Active,87,Engine Running,2140,170,1.02,1.02,D,High,Low,Low,High,Ignition Is On,2151,Not Active,D,D,55,Off,No Gear Change,Normal,813,Off,On,3,Off,828,On,Off,0.50,0.75,1,511,511,164,111,110,Off
177,15,13.57,Cruise Not Active,87,Engine Running,2181,88,1.02,1.02,D,High,Low,Low,High,Ignition Is On,2181,Not Active,D,D,55,Off,No Gear Change,Normal,809,Off,On,3,Off,828,On,Off,0.60,0.88,1.00,511,511,95,111,111,Off
178,9,13.46,Cruise Not Active,87,Engine Running,2182,32,1.02,1.02,D,High,Low,Low,High,Ignition Is On,2175,Not Active,D,D,55,Off,No Gear Change,Normal,809,Off,On,3,Off,828,On,Off,0.60,0.88,1.00,511,511,30,110,111,Off
179,6,13.59,Cruise Not Active,87,Engine Running,2157,39,1.02,1.02,D,High,Low,Low,High,Ignition Is On,2154,Not Active,D,D,55,Off,No Gear Change,Normal,809,Off,On,3,Off,828,On,Off,0.60,0.88,1,511,511,41,109,110,Off
180,12,13.51,Cruise Not Active,87,Engine Running,2150,81,1.02,1.02,D,High,Low,Low,High,Ignition Is On,2151,Not Active,D,D,55,Off,No Gear Change,Normal,809,Off,On,3,Off,823,On,Off,0.51,0.78,1,511,511,79,110,110,Off
181,18,13.57,Cruise Not Active,87,Engine Running,2171,161,1.02,1.02,D,High,Low,Low,High,Ignition Is On,2184,Not Active,D,D,55,Off,No Gear Change,Normal,813,Off,On,3,Off,828,On,Off,0.57,0.79,1.00,511,511,167,112,111,Off
182,19,13.55,Cruise Not Active,87,Engine Running,2208,123,1.02,1.02,D,High,Low,Low,High,Ignition Is On,2210,Not Active,D,D,55,Off,No Gear Change,Normal,809,Off,On,3,Off,828,On,Off,0.60,0.87,1,511,511,119,112,113,Off
