severity,category,issue,details,recommendation,source
WARNING,Engine Performance,Low Idle RPM,Average idle RPM: 20 (expected 650-800),"Check for vacuum leaks, dirty throttle body, or idle control valve issues",TOYOTA_989347712041_20251022201306_clean.csv
WARNING,Engine Performance,Erratic RPM Behavior,Detected 896 sudden RPM changes (>200 RPM/reading),"Possible misfire, fuel delivery issue, or sensor problem",TOYOTA_989347712041_20251022201306_clean.csv
CRITICAL,Engine Performance,Misfires Causing RPM Instability,Strong correlation (0.81) between RPM fluctuation and misfires,"Address misfire issues - check spark plugs, coils, and fuel injectors",TOYOTA_989347712041_20251022201306_clean.csv
WARNING,Engine Performance,Low Idle RPM,Average idle RPM: 55 (expected 650-800),"Check for vacuum leaks, dirty throttle body, or idle control valve issues",TOYOTA_989347712041_20251201181151_clean.csv
WARNING,Engine Performance,Rough Idle - RPM Fluctuation,RPM variation: ±135 RPM (should be <50),"Check for misfires, vacuum leaks, or engine mount issues",TOYOTA_989347712041_20251201181151_clean.csv
WARNING,Engine Performance,Erratic RPM Behavior,Detected 1032 sudden RPM changes (>200 RPM/reading),"Possible misfire, fuel delivery issue, or sensor problem",TOYOTA_989347712041_20251201181151_clean.csv
WARNING,Engine Performance,Low Idle RPM,Average idle RPM: 58 (expected 650-800),"Check for vacuum leaks, dirty throttle body, or idle control valve issues",TOYOTA_989347712041_20251103172159_clean.csv
WARNING,Engine Performance,Erratic RPM Behavior,Detected 911 sudden RPM changes (>200 RPM/reading),"Possible misfire, fuel delivery issue, or sensor problem",TOYOTA_989347712041_20251103172159_clean.csv
WARNING,Engine Performance,RPM Oscillation Pattern,RPM oscillating 455 times during scan,"Check for misfires, ignition system, or engine control module issues",TOYOTA_989347712041_20251103172159_clean.csv
CRITICAL,Engine Performance,Misfires Causing RPM Instability,Strong correlation (0.69) between RPM fluctuation and misfires,"Address misfire issues - check spark plugs, coils, and fuel injectors",TOYOTA_989347712041_20251103172159_clean.csv
WARNING,Engine Performance,Low Idle RPM,Average idle RPM: 43 (expected 650-800),"Check for vacuum leaks, dirty throttle body, or idle control valve issues",TOYOTA_989347712041_20251127123053_clean.csv
WARNING,Engine Performance,Rough Idle - RPM Fluctuation,RPM variation: ±106 RPM (should be <50),"Check for misfires, vacuum leaks, or engine mount issues",TOYOTA_989347712041_20251127123053_clean.csv
WARNING,Engine Performance,Erratic RPM Behavior,Detected 555 sudden RPM changes (>200 RPM/reading),"Possible misfire, fuel delivery issue, or sensor problem",TOYOTA_989347712041_20251127123053_clean.csv
WARNING,Engine Performance,Low Idle RPM,Average idle RPM: 46 (expected 650-800),"Check for vacuum leaks, dirty throttle body, or idle control valve issues",TOYOTA_989347712041_20251127122922_clean.csv
WARNING,Engine Performance,Rough Idle - RPM Fluctuation,RPM variation: ±113 RPM (should be <50),"Check for misfires, vacuum leaks, or engine mount issues",TOYOTA_989347712041_20251127122922_clean.csv
WARNING,Engine Performance,Erratic RPM Behavior,Detected 317 sudden RPM changes (>200 RPM/reading),"Possible misfire, fuel delivery issue, or sensor problem",TOYOTA_989347712041_20251127122922_clean.csv
WARNING,Engine Performance,Low Idle RPM,Average idle RPM: 46 (expected 650-800),"Check for vacuum leaks, dirty throttle body, or idle control valve issues",TOYOTA_989347712041_20251201180024_clean.csv
WARNING,Engine Performance,Rough Idle - RPM Fluctuation,RPM variation: ±114 RPM (should be <50),"Check for misfires, vacuum leaks, or engine mount issues",TOYOTA_989347712041_20251201180024_clean.csv
WARNING,Engine Performance,Erratic RPM Behavior,Detected 647 sudden RPM changes (>200 RPM/reading),"Possible misfire, fuel delivery issue, or sensor problem",TOYOTA_989347712041_20251201180024_clean.csv
WARNING,Engine Performance,Low Idle RPM,Average idle RPM: 51 (expected 650-800),"Check for vacuum leaks, dirty throttle body, or idle control valve issues",TOYOTA_989347712041_20251201203733_clean.csv
WARNING,Engine Performance,Rough Idle - RPM Fluctuation,RPM variation: ±123 RPM (should be <50),"Check for misfires, vacuum leaks, or engine mount issues",TOYOTA_989347712041_20251201203733_clean.csv
WARNING,Engine Performance,Erratic RPM Behavior,Detected 547 sudden RPM changes (>200 RPM/reading),"Possible misfire, fuel delivery issue, or sensor problem",TOYOTA_989347712041_20251201203733_clean.csv
WARNING,Engine Performance,Low Idle RPM,Average idle RPM: 47 (expected 650-800),"Check for vacuum leaks, dirty throttle body, or idle control valve issues",TOYOTA_989347712041_20251127120140_clean.csv
WARNING,Engine Performance,Rough Idle - RPM Fluctuation,RPM variation: ±124 RPM (should be <50),"Check for misfires, vacuum leaks, or engine mount issues",TOYOTA_989347712041_20251127120140_clean.csv
WARNING,Engine Performance,Erratic RPM Behavior,Detected 1158 sudden RPM changes (>200 RPM/reading),"Possible misfire, fuel delivery issue, or sensor problem",TOYOTA_989347712041_20251127120140_clean.csv
WARNING,Engine Performance,Low Idle RPM,Average idle RPM: 63 (expected 650-800),"Check for vacuum leaks, dirty throttle body, or idle control valve issues",TOYOTA_989347712041_20260126145617_clean.csv
WARNING,Engine Performance,Rough Idle - RPM Fluctuation,RPM variation: ±148 RPM (should be <50),"Check for misfires, vacuum leaks, or engine mount issues",TOYOTA_989347712041_20260126145617_clean.csv
WARNING,Engine Performance,Erratic RPM Behavior,Detected 5517 sudden RPM changes (>200 RPM/reading),"Possible misfire, fuel delivery issue, or sensor problem",TOYOTA_989347712041_20260126145617_clean.csv
WARNING,Engine Performance,Low Idle RPM,Average idle RPM: 37 (expected 650-800),"Check for vacuum leaks, dirty throttle body, or idle control valve issues",TOYOTA_989347712041_20251201180609_clean.csv
WARNING,Engine Performance,Rough Idle - RPM Fluctuation,RPM variation: ±87 RPM (should be <50),"Check for misfires, vacuum leaks, or engine mount issues",TOYOTA_989347712041_20251201180609_clean.csv
WARNING,Engine Performance,Erratic RPM Behavior,Detected 616 sudden RPM changes (>200 RPM/reading),"Possible misfire, fuel delivery issue, or sensor problem",TOYOTA_989347712041_20251201180609_clean.csv
WARNING,Engine Performance,Low Idle RPM,Average idle RPM: 21 (expected 650-800),"Check for vacuum leaks, dirty throttle body, or idle control valve issues",TOYOTA_989347712041_20251127122721_clean.csv
WARNING,Engine Performance,Rough Idle - RPM Fluctuation,RPM variation: ±81 RPM (should be <50),"Check for misfires, vacuum leaks, or engine mount issues",TOYOTA_989347712041_20251127122721_clean.csv
WARNING,Engine Performance,Erratic RPM Behavior,Detected 275 sudden RPM changes (>200 RPM/reading),"Possible misfire, fuel delivery issue, or sensor problem",TOYOTA_989347712041_20251127122721_clean.csv
WARNING,Engine Performance,Low Idle RPM,Average idle RPM: 34 (expected 650-800),"Check for vacuum leaks, dirty throttle body, or idle control valve issues",TOYOTA_989347712041_20251209205834_clean.csv
WARNING,Engine Performance,Rough Idle - RPM Fluctuation,RPM variation: ±83 RPM (should be <50),"Check for misfires, vacuum leaks, or engine mount issues",TOYOTA_989347712041_20251209205834_clean.csv
WARNING,Engine Performance,Erratic RPM Behavior,Detected 3808 sudden RPM changes (>200 RPM/reading),"Possible misfire, fuel delivery issue, or sensor problem",TOYOTA_989347712041_20251209205834_clean.csv
WARNING,Engine Performance,Low Idle RPM,Average idle RPM: 24 (expected 650-800),"Check for vacuum leaks, dirty throttle body, or idle control valve issues",TOYOTA_989347712041_20251220140902_clean.csv
WARNING,Engine Performance,Rough Idle - RPM Fluctuation,RPM variation: ±66 RPM (should be <50),"Check for misfires, vacuum leaks, or engine mount issues",TOYOTA_989347712041_20251220140902_clean.csv
WARNING,Engine Performance,Erratic RPM Behavior,Detected 621 sudden RPM changes (>200 RPM/reading),"Possible misfire, fuel delivery issue, or sensor problem",TOYOTA_989347712041_20251220140902_clean.csv
WARNING,Engine Performance,Low Idle RPM,Average idle RPM: 6 (expected 650-800),"Check for vacuum leaks, dirty throttle body, or idle control valve issues",TOYOTA_989347712041_20260120104832_clean.csv
WARNING,Engine Performance,Erratic RPM Behavior,Detected 146 sudden RPM changes (>200 RPM/reading),"Possible misfire, fuel delivery issue, or sensor problem",TOYOTA_989347712041_20260120104832_clean.csv
WARNING,Engine Performance,Low Idle RPM,Average idle RPM: 46 (expected 650-800),"Check for vacuum leaks, dirty throttle body, or idle control valve issues",TOYOTA_989347712041_20260120113343_clean.csv
WARNING,Engine Performance,Rough Idle - RPM Fluctuation,RPM variation: ±115 RPM (should be <50),"Check for misfires, vacuum leaks, or engine mount issues",TOYOTA_989347712041_20260120113343_clean.csv
WARNING,Engine Performance,Erratic RPM Behavior,Detected 4186 sudden RPM changes (>200 RPM/reading),"Possible misfire, fuel delivery issue, or sensor problem",TOYOTA_989347712041_20260120113343_clean.csv
WARNING,Engine Performance,Low Idle RPM,Average idle RPM: 24 (expected 650-800),"Check for vacuum leaks, dirty throttle body, or idle control valve issues",TOYOTA_989347712041_20251223215716_clean.csv
WARNING,Engine Performance,Rough Idle - RPM Fluctuation,RPM variation: ±55 RPM (should be <50),"Check for misfires, vacuum leaks, or engine mount issues",TOYOTA_989347712041_20251223215716_clean.csv
WARNING,Engine Performance,Erratic RPM Behavior,Detected 481 sudden RPM changes (>200 RPM/reading),"Possible misfire, fuel delivery issue, or sensor problem",TOYOTA_989347712041_20251223215716_clean.csv
WARNING,Engine Performance,Low Idle RPM,Average idle RPM: 58 (expected 650-800),"Check for vacuum leaks, dirty throttle body, or idle control valve issues",TOYOTA_989347712041_20251103172236_clean.csv
WARNING,Engine Performance,Erratic RPM Behavior,Detected 1419 sudden RPM changes (>200 RPM/reading),"Possible misfire, fuel delivery issue, or sensor problem",TOYOTA_989347712041_20251103172236_clean.csv
WARNING,Engine Performance,RPM Oscillation Pattern,RPM oscillating 709 times during scan,"Check for misfires, ignition system, or engine control module issues",TOYOTA_989347712041_20251103172236_clean.csv
CRITICAL,Engine Performance,Misfires Causing RPM Instability,Strong correlation (0.69) between RPM fluctuation and misfires,"Address misfire issues - check spark plugs, coils, and fuel injectors",TOYOTA_989347712041_20251103172236_clean.csv
WARNING,Engine Performance,Low Idle RPM,Average idle RPM: 56 (expected 650-800),"Check for vacuum leaks, dirty throttle body, or idle control valve issues",TOYOTA_989347712041_20251103170719_clean.csv
WARNING,Engine Performance,Erratic RPM Behavior,Detected 1227 sudden RPM changes (>200 RPM/reading),"Possible misfire, fuel delivery issue, or sensor problem",TOYOTA_989347712041_20251103170719_clean.csv
WARNING,Engine Performance,RPM Oscillation Pattern,RPM oscillating 613 times during scan,"Check for misfires, ignition system, or engine control module issues",TOYOTA_989347712041_20251103170719_clean.csv
WARNING,Engine Performance,Low Idle RPM,Average idle RPM: 38 (expected 650-800),"Check for vacuum leaks, dirty throttle body, or idle control valve issues",TOYOTA_989347712041_20251223214108_clean.csv
WARNING,Engine Performance,Rough Idle - RPM Fluctuation,RPM variation: ±87 RPM (should be <50),"Check for misfires, vacuum leaks, or engine mount issues",TOYOTA_989347712041_20251223214108_clean.csv
WARNING,Engine Performance,Erratic RPM Behavior,Detected 587 sudden RPM changes (>200 RPM/reading),"Possible misfire, fuel delivery issue, or sensor problem",TOYOTA_989347712041_20251223214108_clean.csv
WARNING,Engine Performance,Low Idle RPM,Average idle RPM: 52 (expected 650-800),"Check for vacuum leaks, dirty throttle body, or idle control valve issues",TOYOTA_989347712041_20260120104845_clean.csv
WARNING,Engine Performance,Rough Idle - RPM Fluctuation,RPM variation: ±131 RPM (should be <50),"Check for misfires, vacuum leaks, or engine mount issues",TOYOTA_989347712041_20260120104845_clean.csv
WARNING,Engine Performance,Erratic RPM Behavior,Detected 4403 sudden RPM changes (>200 RPM/reading),"Possible misfire, fuel delivery issue, or sensor problem",TOYOTA_989347712041_20260120104845_clean.csv
WARNING,Engine Performance,Low Idle RPM,Average idle RPM: 56 (expected 650-800),"Check for vacuum leaks, dirty throttle body, or idle control valve issues",TOYOTA_989347712041_20251109130103_clean.csv
WARNING,Engine Performance,Erratic RPM Behavior,Detected 8915 sudden RPM changes (>200 RPM/reading),"Possible misfire, fuel delivery issue, or sensor problem",TOYOTA_989347712041_20251109130103_clean.csv
WARNING,Engine Performance,RPM Oscillation Pattern,RPM oscillating 4457 times during scan,"Check for misfires, ignition system, or engine control module issues",TOYOTA_989347712041_20251109130103_clean.csv
WARNING,Engine Performance,Low Idle RPM,Average idle RPM: 58 (expected 650-800),"Check for vacuum leaks, dirty throttle body, or idle control valve issues",TOYOTA_989347712041_20251103172117_clean.csv
WARNING,Engine Performance,Erratic RPM Behavior,Detected 975 sudden RPM changes (>200 RPM/reading),"Possible misfire, fuel delivery issue, or sensor problem",TOYOTA_989347712041_20251103172117_clean.csv
WARNING,Engine Performance,RPM Oscillation Pattern,RPM oscillating 487 times during scan,"Check for misfires, ignition system, or engine control module issues",TOYOTA_989347712041_20251103172117_clean.csv
CRITICAL,Engine Performance,Misfires Causing RPM Instability,Strong correlation (0.69) between RPM fluctuation and misfires,"Address misfire issues - check spark plugs, coils, and fuel injectors",TOYOTA_989347712041_20251103172117_clean.csv
WARNING,Engine Performance,Low Idle RPM,Average idle RPM: 50 (expected 650-800),"Check for vacuum leaks, dirty throttle body, or idle control valve issues",TOYOTA_989347712041_20251103170257_clean.csv
WARNING,Engine Performance,Erratic RPM Behavior,Detected 1315 sudden RPM changes (>200 RPM/reading),"Possible misfire, fuel delivery issue, or sensor problem",TOYOTA_989347712041_20251103170257_clean.csv
WARNING,Engine Performance,RPM Oscillation Pattern,RPM oscillating 657 times during scan,"Check for misfires, ignition system, or engine control module issues",TOYOTA_989347712041_20251103170257_clean.csv
WARNING,Engine Performance,Low Idle RPM,Average idle RPM: 26 (expected 650-800),"Check for vacuum leaks, dirty throttle body, or idle control valve issues",TOYOTA_989347712041_20251103173020_clean.csv
WARNING,Engine Performance,Erratic RPM Behavior,Detected 1103 sudden RPM changes (>200 RPM/reading),"Possible misfire, fuel delivery issue, or sensor problem",TOYOTA_989347712041_20251103173020_clean.csv
CRITICAL,Engine Performance,Misfires Causing RPM Instability,Strong correlation (0.71) between RPM fluctuation and misfires,"Address misfire issues - check spark plugs, coils, and fuel injectors",TOYOTA_989347712041_20251103173020_clean.csv
WARNING,Engine Performance,Low Idle RPM,Average idle RPM: 44 (expected 650-800),"Check for vacuum leaks, dirty throttle body, or idle control valve issues",TOYOTA_989347712041_20251201203442_clean.csv
WARNING,Engine Performance,Rough Idle - RPM Fluctuation,RPM variation: ±102 RPM (should be <50),"Check for misfires, vacuum leaks, or engine mount issues",TOYOTA_989347712041_20251201203442_clean.csv
WARNING,Engine Performance,Erratic RPM Behavior,Detected 710 sudden RPM changes (>200 RPM/reading),"Possible misfire, fuel delivery issue, or sensor problem",TOYOTA_989347712041_20251201203442_clean.csv
WARNING,Engine Performance,Low Idle RPM,Average idle RPM: 59 (expected 650-800),"Check for vacuum leaks, dirty throttle body, or idle control valve issues",TOYOTA_989347712041_20251028120111_clean.csv
WARNING,Engine Performance,Erratic RPM Behavior,Detected 37195 sudden RPM changes (>200 RPM/reading),"Possible misfire, fuel delivery issue, or sensor problem",TOYOTA_989347712041_20251028120111_clean.csv
WARNING,Engine Performance,RPM Oscillation Pattern,RPM oscillating 18597 times during scan,"Check for misfires, ignition system, or engine control module issues",TOYOTA_989347712041_20251028120111_clean.csv
WARNING,Engine Performance,Low Idle RPM,Average idle RPM: 66 (expected 650-800),"Check for vacuum leaks, dirty throttle body, or idle control valve issues",TOYOTA_989347712041_20251220142351_clean.csv
WARNING,Engine Performance,Rough Idle - RPM Fluctuation,RPM variation: ±182 RPM (should be <50),"Check for misfires, vacuum leaks, or engine mount issues",TOYOTA_989347712041_20251220142351_clean.csv
WARNING,Engine Performance,Erratic RPM Behavior,Detected 403 sudden RPM changes (>200 RPM/reading),"Possible misfire, fuel delivery issue, or sensor problem",TOYOTA_989347712041_20251220142351_clean.csv
WARNING,Engine Performance,Low Idle RPM,Average idle RPM: 36 (expected 650-800),"Check for vacuum leaks, dirty throttle body, or idle control valve issues",TOYOTA_989347712041_20251103171226_clean.csv
WARNING,Engine Performance,Erratic RPM Behavior,Detected 2219 sudden RPM changes (>200 RPM/reading),"Possible misfire, fuel delivery issue, or sensor problem",TOYOTA_989347712041_20251103171226_clean.csv
WARNING,Engine Performance,RPM Oscillation Pattern,RPM oscillating 1109 times during scan,"Check for misfires, ignition system, or engine control module issues",TOYOTA_989347712041_20251103171226_clean.csv
CRITICAL,Engine Performance,Misfires Causing RPM Instability,Strong correlation (0.91) between RPM fluctuation and misfires,"Address misfire issues - check spark plugs, coils, and fuel injectors",TOYOTA_989347712041_20251103171226_clean.csv
WARNING,Engine Performance,Low Idle RPM,Average idle RPM: 43 (expected 650-800),"Check for vacuum leaks, dirty throttle body, or idle control valve issues",TOYOTA_989347712041_20251223214348_clean.csv
WARNING,Engine Performance,Rough Idle - RPM Fluctuation,RPM variation: ±100 RPM (should be <50),"Check for misfires, vacuum leaks, or engine mount issues",TOYOTA_989347712041_20251223214348_clean.csv
WARNING,Engine Performance,Erratic RPM Behavior,Detected 781 sudden RPM changes (>200 RPM/reading),"Possible misfire, fuel delivery issue, or sensor problem",TOYOTA_989347712041_20251223214348_clean.csv
WARNING,Engine Performance,Low Idle RPM,Average idle RPM: 44 (expected 650-800),"Check for vacuum leaks, dirty throttle body, or idle control valve issues",TOYOTA_989347712041_20251028105043_clean.csv
WARNING,Engine Performance,Erratic RPM Behavior,Detected 4096 sudden RPM changes (>200 RPM/reading),"Possible misfire, fuel delivery issue, or sensor problem",TOYOTA_989347712041_20251028105043_clean.csv
WARNING,Engine Performance,RPM Oscillation Pattern,RPM oscillating 2048 times during scan,"Check for misfires, ignition system, or engine control module issues",TOYOTA_989347712041_20251028105043_clean.csv
CRITICAL,Engine Performance,Misfires Causing RPM Instability,Strong correlation (0.64) between RPM fluctuation and misfires,"Address misfire issues - check spark plugs, coils, and fuel injectors",TOYOTA_989347712041_20251028105043_clean.csv
WARNING,Engine Performance,Low Idle RPM,Average idle RPM: 38 (expected 650-800),"Check for vacuum leaks, dirty throttle body, or idle control valve issues",TOYOTA_989347712041_20251127121913_clean.csv
WARNING,Engine Performance,Rough Idle - RPM Fluctuation,RPM variation: ±89 RPM (should be <50),"Check for misfires, vacuum leaks, or engine mount issues",TOYOTA_989347712041_20251127121913_clean.csv
WARNING,Engine Performance,Erratic RPM Behavior,Detected 417 sudden RPM changes (>200 RPM/reading),"Possible misfire, fuel delivery issue, or sensor problem",TOYOTA_989347712041_20251127121913_clean.csv
WARNING,Engine Performance,Low Idle RPM,Average idle RPM: 42 (expected 650-800),"Check for vacuum leaks, dirty throttle body, or idle control valve issues",TOYOTA_989347712041_20251103170028_clean.csv
WARNING,Engine Performance,Erratic RPM Behavior,Detected 243 sudden RPM changes (>200 RPM/reading),"Possible misfire, fuel delivery issue, or sensor problem",TOYOTA_989347712041_20251103170028_clean.csv
WARNING,Engine Performance,RPM Oscillation Pattern,RPM oscillating 121 times during scan,"Check for misfires, ignition system, or engine control module issues",TOYOTA_989347712041_20251103170028_clean.csv
WARNING,Engine Performance,Low Idle RPM,Average idle RPM: 60 (expected 650-800),"Check for vacuum leaks, dirty throttle body, or idle control valve issues",TOYOTA_989347712041_20251209204833_clean.csv
WARNING,Engine Performance,Rough Idle - RPM Fluctuation,RPM variation: ±155 RPM (should be <50),"Check for misfires, vacuum leaks, or engine mount issues",TOYOTA_989347712041_20251209204833_clean.csv
WARNING,Engine Performance,Erratic RPM Behavior,Detected 1923 sudden RPM changes (>200 RPM/reading),"Possible misfire, fuel delivery issue, or sensor problem",TOYOTA_989347712041_20251209204833_clean.csv
WARNING,Engine Performance,Low Idle RPM,Average idle RPM: 58 (expected 650-800),"Check for vacuum leaks, dirty throttle body, or idle control valve issues",TOYOTA_989347712041_20251103171959_clean.csv
WARNING,Engine Performance,Erratic RPM Behavior,Detected 1207 sudden RPM changes (>200 RPM/reading),"Possible misfire, fuel delivery issue, or sensor problem",TOYOTA_989347712041_20251103171959_clean.csv
WARNING,Engine Performance,RPM Oscillation Pattern,RPM oscillating 603 times during scan,"Check for misfires, ignition system, or engine control module issues",TOYOTA_989347712041_20251103171959_clean.csv
CRITICAL,Engine Performance,Misfires Causing RPM Instability,Strong correlation (0.69) between RPM fluctuation and misfires,"Address misfire issues - check spark plugs, coils, and fuel injectors",TOYOTA_989347712041_20251103171959_clean.csv
WARNING,Engine Performance,Low Idle RPM,Average idle RPM: 58 (expected 650-800),"Check for vacuum leaks, dirty throttle body, or idle control valve issues",TOYOTA_989347712041_20251028105656_clean.csv
WARNING,Engine Performance,Erratic RPM Behavior,Detected 36503 sudden RPM changes (>200 RPM/reading),"Possible misfire, fuel delivery issue, or sensor problem",TOYOTA_989347712041_20251028105656_clean.csv
WARNING,Engine Performance,RPM Oscillation Pattern,RPM oscillating 18251 times during scan,"Check for misfires, ignition system, or engine control module issues",TOYOTA_989347712041_20251028105656_clean.csv
WARNING,Engine Performance,Low Idle RPM,Average idle RPM: 3 (expected 650-800),"Check for vacuum leaks, dirty throttle body, or idle control valve issues",TOYOTA_989347712041_20260107134236_clean.csv
WARNING,Engine Performance,Erratic RPM Behavior,Detected 28 sudden RPM changes (>200 RPM/reading),"Possible misfire, fuel delivery issue, or sensor problem",TOYOTA_989347712041_20260107134236_clean.csv
WARNING,Engine Performance,Low Idle RPM,Average idle RPM: 53 (expected 650-800),"Check for vacuum leaks, dirty throttle body, or idle control valve issues",TOYOTA_989347712041_20251223215318_clean.csv
WARNING,Engine Performance,Rough Idle - RPM Fluctuation,RPM variation: ±155 RPM (should be <50),"Check for misfires, vacuum leaks, or engine mount issues",TOYOTA_989347712041_20251223215318_clean.csv
WARNING,Engine Performance,Erratic RPM Behavior,Detected 894 sudden RPM changes (>200 RPM/reading),"Possible misfire, fuel delivery issue, or sensor problem",TOYOTA_989347712041_20251223215318_clean.csv
WARNING,Engine Performance,Low Idle RPM,Average idle RPM: 56 (expected 650-800),"Check for vacuum leaks, dirty throttle body, or idle control valve issues",TOYOTA_989347712041_20251109132018_clean.csv
WARNING,Engine Performance,Erratic RPM Behavior,Detected 3951 sudden RPM changes (>200 RPM/reading),"Possible misfire, fuel delivery issue, or sensor problem",TOYOTA_989347712041_20251109132018_clean.csv
WARNING,Engine Performance,RPM Oscillation Pattern,RPM oscillating 1975 times during scan,"Check for misfires, ignition system, or engine control module issues",TOYOTA_989347712041_20251109132018_clean.csv
WARNING,Engine Performance,Low Idle RPM,Average idle RPM: 50 (expected 650-800),"Check for vacuum leaks, dirty throttle body, or idle control valve issues",TOYOTA_989347712041_20251224000438_clean.csv
WARNING,Engine Performance,Rough Idle - RPM Fluctuation,RPM variation: ±117 RPM (should be <50),"Check for misfires, vacuum leaks, or engine mount issues",TOYOTA_989347712041_20251224000438_clean.csv
WARNING,Engine Performance,Erratic RPM Behavior,Detected 443 sudden RPM changes (>200 RPM/reading),"Possible misfire, fuel delivery issue, or sensor problem",TOYOTA_989347712041_20251224000438_clean.csv
WARNING,Engine Performance,Low Idle RPM,Average idle RPM: 42 (expected 650-800),"Check for vacuum leaks, dirty throttle body, or idle control valve issues",TOYOTA_989347712041_20251024151339good_clean.csv
WARNING,Engine Performance,Erratic RPM Behavior,Detected 3724 sudden RPM changes (>200 RPM/reading),"Possible misfire, fuel delivery issue, or sensor problem",TOYOTA_989347712041_20251024151339good_clean.csv
WARNING,Engine Performance,RPM Oscillation Pattern,RPM oscillating 1862 times during scan,"Check for misfires, ignition system, or engine control module issues",TOYOTA_989347712041_20251024151339good_clean.csv
CRITICAL,Engine Performance,Misfires Causing RPM Instability,Strong correlation (0.66) between RPM fluctuation and misfires,"Address misfire issues - check spark plugs, coils, and fuel injectors",TOYOTA_989347712041_20251024151339good_clean.csv
WARNING,Engine Performance,Low Idle RPM,Average idle RPM: 43 (expected 650-800),"Check for vacuum leaks, dirty throttle body, or idle control valve issues",TOYOTA_989347712041_20260120121656_clean.csv
WARNING,Engine Performance,Rough Idle - RPM Fluctuation,RPM variation: ±99 RPM (should be <50),"Check for misfires, vacuum leaks, or engine mount issues",TOYOTA_989347712041_20260120121656_clean.csv
WARNING,Engine Performance,Erratic RPM Behavior,Detected 2025 sudden RPM changes (>200 RPM/reading),"Possible misfire, fuel delivery issue, or sensor problem",TOYOTA_989347712041_20260120121656_clean.csv
WARNING,Engine Performance,Low Idle RPM,Average idle RPM: 57 (expected 650-800),"Check for vacuum leaks, dirty throttle body, or idle control valve issues",TOYOTA_989347712041_20251103171858_clean.csv
WARNING,Engine Performance,Erratic RPM Behavior,Detected 1151 sudden RPM changes (>200 RPM/reading),"Possible misfire, fuel delivery issue, or sensor problem",TOYOTA_989347712041_20251103171858_clean.csv
WARNING,Engine Performance,RPM Oscillation Pattern,RPM oscillating 575 times during scan,"Check for misfires, ignition system, or engine control module issues",TOYOTA_989347712041_20251103171858_clean.csv
CRITICAL,Engine Performance,Misfires Causing RPM Instability,Strong correlation (0.69) between RPM fluctuation and misfires,"Address misfire issues - check spark plugs, coils, and fuel injectors",TOYOTA_989347712041_20251103171858_clean.csv
WARNING,Engine Performance,Low Idle RPM,Average idle RPM: 33 (expected 650-800),"Check for vacuum leaks, dirty throttle body, or idle control valve issues",TOYOTA_989347712041_20251224000329_clean.csv
WARNING,Engine Performance,Rough Idle - RPM Fluctuation,RPM variation: ±97 RPM (should be <50),"Check for misfires, vacuum leaks, or engine mount issues",TOYOTA_989347712041_20251224000329_clean.csv
WARNING,Engine Performance,Erratic RPM Behavior,Detected 402 sudden RPM changes (>200 RPM/reading),"Possible misfire, fuel delivery issue, or sensor problem",TOYOTA_989347712041_20251224000329_clean.csv
WARNING,Engine Performance,Low Idle RPM,Average idle RPM: 59 (expected 650-800),"Check for vacuum leaks, dirty throttle body, or idle control valve issues",TOYOTA_989347712041_20251220141620_clean.csv
WARNING,Engine Performance,Rough Idle - RPM Fluctuation,RPM variation: ±138 RPM (should be <50),"Check for misfires, vacuum leaks, or engine mount issues",TOYOTA_989347712041_20251220141620_clean.csv
WARNING,Engine Performance,Erratic RPM Behavior,Detected 1073 sudden RPM changes (>200 RPM/reading),"Possible misfire, fuel delivery issue, or sensor problem",TOYOTA_989347712041_20251220141620_clean.csv
WARNING,Engine Performance,Low Idle RPM,Average idle RPM: 62 (expected 650-800),"Check for vacuum leaks, dirty throttle body, or idle control valve issues",TOYOTA_989347712041_20251201204111_clean.csv
WARNING,Engine Performance,Rough Idle - RPM Fluctuation,RPM variation: ±165 RPM (should be <50),"Check for misfires, vacuum leaks, or engine mount issues",TOYOTA_989347712041_20251201204111_clean.csv
WARNING,Engine Performance,Erratic RPM Behavior,Detected 917 sudden RPM changes (>200 RPM/reading),"Possible misfire, fuel delivery issue, or sensor problem",TOYOTA_989347712041_20251201204111_clean.csv
WARNING,Engine Performance,Low Idle RPM,Average idle RPM: 57 (expected 650-800),"Check for vacuum leaks, dirty throttle body, or idle control valve issues",TOYOTA_989347712041_20251103170939_clean.csv
WARNING,Engine Performance,Erratic RPM Behavior,Detected 1531 sudden RPM changes (>200 RPM/reading),"Possible misfire, fuel delivery issue, or sensor problem",TOYOTA_989347712041_20251103170939_clean.csv
WARNING,Engine Performance,RPM Oscillation Pattern,RPM oscillating 765 times during scan,"Check for misfires, ignition system, or engine control module issues",TOYOTA_989347712041_20251103170939_clean.csv
WARNING,Engine Performance,Low Idle RPM,Average idle RPM: 57 (expected 650-800),"Check for vacuum leaks, dirty throttle body, or idle control valve issues",TOYOTA_989347712041_20251018170040_clean.csv
WARNING,Engine Performance,Erratic RPM Behavior,Detected 25556 sudden RPM changes (>200 RPM/reading),"Possible misfire, fuel delivery issue, or sensor problem",TOYOTA_989347712041_20251018170040_clean.csv
WARNING,Engine Performance,RPM Oscillation Pattern,RPM oscillating 12778 times during scan,"Check for misfires, ignition system, or engine control module issues",TOYOTA_989347712041_20251018170040_clean.csv
WARNING,Engine Performance,Low Idle RPM,Average idle RPM: 49 (expected 650-800),"Check for vacuum leaks, dirty throttle body, or idle control valve issues",TOYOTA_989347712041_20260120112037_clean.csv
WARNING,Engine Performance,Rough Idle - RPM Fluctuation,RPM variation: ±122 RPM (should be <50),"Check for misfires, vacuum leaks, or engine mount issues",TOYOTA_989347712041_20260120112037_clean.csv
WARNING,Engine Performance,Erratic RPM Behavior,Detected 2699 sudden RPM changes (>200 RPM/reading),"Possible misfire, fuel delivery issue, or sensor problem",TOYOTA_989347712041_20260120112037_clean.csv
WARNING,Engine Performance,Low Idle RPM,Average idle RPM: 34 (expected 650-800),"Check for vacuum leaks, dirty throttle body, or idle control valve issues",TOYOTA_989347712041_20251201175840_clean.csv
WARNING,Engine Performance,Rough Idle - RPM Fluctuation,RPM variation: ±87 RPM (should be <50),"Check for misfires, vacuum leaks, or engine mount issues",TOYOTA_989347712041_20251201175840_clean.csv
WARNING,Engine Performance,Erratic RPM Behavior,Detected 465 sudden RPM changes (>200 RPM/reading),"Possible misfire, fuel delivery issue, or sensor problem",TOYOTA_989347712041_20251201175840_clean.csv
WARNING,Engine Performance,Low Idle RPM,Average idle RPM: 48 (expected 650-800),"Check for vacuum leaks, dirty throttle body, or idle control valve issues",TOYOTA_989347712041_20251022193104_clean.csv
WARNING,Engine Performance,Erratic RPM Behavior,Detected 6140 sudden RPM changes (>200 RPM/reading),"Possible misfire, fuel delivery issue, or sensor problem",TOYOTA_989347712041_20251022193104_clean.csv
WARNING,Engine Performance,RPM Oscillation Pattern,RPM oscillating 3070 times during scan,"Check for misfires, ignition system, or engine control module issues",TOYOTA_989347712041_20251022193104_clean.csv
CRITICAL,Engine Performance,Misfires Causing RPM Instability,Strong correlation (0.79) between RPM fluctuation and misfires,"Address misfire issues - check spark plugs, coils, and fuel injectors",TOYOTA_989347712041_20251022193104_clean.csv
WARNING,Engine Performance,Low Idle RPM,Average idle RPM: 22 (expected 650-800),"Check for vacuum leaks, dirty throttle body, or idle control valve issues",TOYOTA_989347712041_20251109121129_clean.csv
WARNING,Engine Performance,Erratic RPM Behavior,Detected 1960 sudden RPM changes (>200 RPM/reading),"Possible misfire, fuel delivery issue, or sensor problem",TOYOTA_989347712041_20251109121129_clean.csv
WARNING,Engine Performance,RPM Oscillation Pattern,RPM oscillating 980 times during scan,"Check for misfires, ignition system, or engine control module issues",TOYOTA_989347712041_20251109121129_clean.csv
CRITICAL,Engine Performance,Misfires Causing RPM Instability,Strong correlation (0.68) between RPM fluctuation and misfires,"Address misfire issues - check spark plugs, coils, and fuel injectors",TOYOTA_989347712041_20251109121129_clean.csv
WARNING,Engine Performance,Low Idle RPM,Average idle RPM: 56 (expected 650-800),"Check for vacuum leaks, dirty throttle body, or idle control valve issues",TOYOTA_989347712041_20251223214826_clean.csv
WARNING,Engine Performance,Rough Idle - RPM Fluctuation,RPM variation: ±139 RPM (should be <50),"Check for misfires, vacuum leaks, or engine mount issues",TOYOTA_989347712041_20251223214826_clean.csv
WARNING,Engine Performance,Erratic RPM Behavior,Detected 511 sudden RPM changes (>200 RPM/reading),"Possible misfire, fuel delivery issue, or sensor problem",TOYOTA_989347712041_20251223214826_clean.csv
WARNING,Engine Performance,Low Idle RPM,Average idle RPM: 35 (expected 650-800),"Check for vacuum leaks, dirty throttle body, or idle control valve issues",TOYOTA_989347712041_20251224003155_clean.csv
WARNING,Engine Performance,Rough Idle - RPM Fluctuation,RPM variation: ±84 RPM (should be <50),"Check for misfires, vacuum leaks, or engine mount issues",TOYOTA_989347712041_20251224003155_clean.csv
WARNING,Engine Performance,Erratic RPM Behavior,Detected 434 sudden RPM changes (>200 RPM/reading),"Possible misfire, fuel delivery issue, or sensor problem",TOYOTA_989347712041_20251224003155_clean.csv
WARNING,Engine Performance,Low Idle RPM,Average idle RPM: 52 (expected 650-800),"Check for vacuum leaks, dirty throttle body, or idle control valve issues",TOYOTA_989347712041_20251220141425_clean.csv
WARNING,Engine Performance,Rough Idle - RPM Fluctuation,RPM variation: ±117 RPM (should be <50),"Check for misfires, vacuum leaks, or engine mount issues",TOYOTA_989347712041_20251220141425_clean.csv
WARNING,Engine Performance,Erratic RPM Behavior,Detected 678 sudden RPM changes (>200 RPM/reading),"Possible misfire, fuel delivery issue, or sensor problem",TOYOTA_989347712041_20251220141425_clean.csv
WARNING,Engine Performance,Low Idle RPM,Average idle RPM: 24 (expected 650-800),"Check for vacuum leaks, dirty throttle body, or idle control valve issues",TOYOTA_989347712041_20251209204039_clean.csv
WARNING,Engine Performance,Rough Idle - RPM Fluctuation,RPM variation: ±67 RPM (should be <50),"Check for misfires, vacuum leaks, or engine mount issues",TOYOTA_989347712041_20251209204039_clean.csv
WARNING,Engine Performance,Erratic RPM Behavior,Detected 758 sudden RPM changes (>200 RPM/reading),"Possible misfire, fuel delivery issue, or sensor problem",TOYOTA_989347712041_20251209204039_clean.csv
WARNING,Engine Performance,Low Idle RPM,Average idle RPM: 29 (expected 650-800),"Check for vacuum leaks, dirty throttle body, or idle control valve issues",TOYOTA_989347712041_20260107134353 startup_clean.csv
WARNING,Engine Performance,Rough Idle - RPM Fluctuation,RPM variation: ±73 RPM (should be <50),"Check for misfires, vacuum leaks, or engine mount issues",TOYOTA_989347712041_20260107134353 startup_clean.csv
WARNING,Engine Performance,Erratic RPM Behavior,Detected 336 sudden RPM changes (>200 RPM/reading),"Possible misfire, fuel delivery issue, or sensor problem",TOYOTA_989347712041_20260107134353 startup_clean.csv
WARNING,Engine Performance,Low Idle RPM,Average idle RPM: 46 (expected 650-800),"Check for vacuum leaks, dirty throttle body, or idle control valve issues",TOYOTA_989347712041_20251224000952_clean.csv
WARNING,Engine Performance,Rough Idle - RPM Fluctuation,RPM variation: ±132 RPM (should be <50),"Check for misfires, vacuum leaks, or engine mount issues",TOYOTA_989347712041_20251224000952_clean.csv
WARNING,Engine Performance,Erratic RPM Behavior,Detected 1943 sudden RPM changes (>200 RPM/reading),"Possible misfire, fuel delivery issue, or sensor problem",TOYOTA_989347712041_20251224000952_clean.csv
WARNING,Engine Performance,Low Idle RPM,Average idle RPM: 55 (expected 650-800),"Check for vacuum leaks, dirty throttle body, or idle control valve issues",TOYOTA_989347712041_20251103170557_clean.csv
WARNING,Engine Performance,Erratic RPM Behavior,Detected 1215 sudden RPM changes (>200 RPM/reading),"Possible misfire, fuel delivery issue, or sensor problem",TOYOTA_989347712041_20251103170557_clean.csv
WARNING,Engine Performance,RPM Oscillation Pattern,RPM oscillating 607 times during scan,"Check for misfires, ignition system, or engine control module issues",TOYOTA_989347712041_20251103170557_clean.csv
WARNING,Engine Performance,Low Idle RPM,Average idle RPM: 50 (expected 650-800),"Check for vacuum leaks, dirty throttle body, or idle control valve issues",TOYOTA_989347712041_20260120115005_clean.csv
WARNING,Engine Performance,Rough Idle - RPM Fluctuation,RPM variation: ±123 RPM (should be <50),"Check for misfires, vacuum leaks, or engine mount issues",TOYOTA_989347712041_20260120115005_clean.csv
WARNING,Engine Performance,Erratic RPM Behavior,Detected 4156 sudden RPM changes (>200 RPM/reading),"Possible misfire, fuel delivery issue, or sensor problem",TOYOTA_989347712041_20260120115005_clean.csv
WARNING,Engine Performance,Low Idle RPM,Average idle RPM: 58 (expected 650-800),"Check for vacuum leaks, dirty throttle body, or idle control valve issues",TOYOTA_989347712041_20251103172406 ac_clean.csv
WARNING,Engine Performance,Erratic RPM Behavior,Detected 999 sudden RPM changes (>200 RPM/reading),"Possible misfire, fuel delivery issue, or sensor problem",TOYOTA_989347712041_20251103172406 ac_clean.csv
WARNING,Engine Performance,RPM Oscillation Pattern,RPM oscillating 499 times during scan,"Check for misfires, ignition system, or engine control module issues",TOYOTA_989347712041_20251103172406 ac_clean.csv
CRITICAL,Engine Performance,Misfires Causing RPM Instability,Strong correlation (0.69) between RPM fluctuation and misfires,"Address misfire issues - check spark plugs, coils, and fuel injectors",TOYOTA_989347712041_20251103172406 ac_clean.csv
WARNING,Engine Performance,Low Idle RPM,Average idle RPM: 11 (expected 650-800),"Check for vacuum leaks, dirty throttle body, or idle control valve issues",TOYOTA_989347712041_20251103165921_clean.csv
WARNING,Engine Performance,Erratic RPM Behavior,Detected 1008 sudden RPM changes (>200 RPM/reading),"Possible misfire, fuel delivery issue, or sensor problem",TOYOTA_989347712041_20251103165921_clean.csv
CRITICAL,Engine Performance,Misfires Causing RPM Instability,Strong correlation (0.68) between RPM fluctuation and misfires,"Address misfire issues - check spark plugs, coils, and fuel injectors",TOYOTA_989347712041_20251103165921_clean.csv
WARNING,Engine Performance,Low Idle RPM,Average idle RPM: 57 (expected 650-800),"Check for vacuum leaks, dirty throttle body, or idle control valve issues",TOYOTA_989347712041_20251103171123_clean.csv
WARNING,Engine Performance,Erratic RPM Behavior,Detected 967 sudden RPM changes (>200 RPM/reading),"Possible misfire, fuel delivery issue, or sensor problem",TOYOTA_989347712041_20251103171123_clean.csv
WARNING,Engine Performance,RPM Oscillation Pattern,RPM oscillating 483 times during scan,"Check for misfires, ignition system, or engine control module issues",TOYOTA_989347712041_20251103171123_clean.csv
CRITICAL,Engine Performance,Misfires Causing RPM Instability,Strong correlation (0.69) between RPM fluctuation and misfires,"Address misfire issues - check spark plugs, coils, and fuel injectors",TOYOTA_989347712041_20251103171123_clean.csv
WARNING,Engine Performance,Low Idle RPM,Average idle RPM: 64 (expected 650-800),"Check for vacuum leaks, dirty throttle body, or idle control valve issues",TOYOTA_989347712041_20251201204423_clean.csv
WARNING,Engine Performance,Rough Idle - RPM Fluctuation,RPM variation: ±185 RPM (should be <50),"Check for misfires, vacuum leaks, or engine mount issues",TOYOTA_989347712041_20251201204423_clean.csv
WARNING,Engine Performance,Erratic RPM Behavior,Detected 632 sudden RPM changes (>200 RPM/reading),"Possible misfire, fuel delivery issue, or sensor problem",TOYOTA_989347712041_20251201204423_clean.csv
WARNING,Engine Performance,Low Idle RPM,Average idle RPM: 18 (expected 650-800),"Check for vacuum leaks, dirty throttle body, or idle control valve issues",TOYOTA_989347712041_20251103170104_clean.csv
WARNING,Engine Performance,Erratic RPM Behavior,Detected 1232 sudden RPM changes (>200 RPM/reading),"Possible misfire, fuel delivery issue, or sensor problem",TOYOTA_989347712041_20251103170104_clean.csv
CRITICAL,Engine Performance,Misfires Causing RPM Instability,Strong correlation (0.69) between RPM fluctuation and misfires,"Address misfire issues - check spark plugs, coils, and fuel injectors",TOYOTA_989347712041_20251103170104_clean.csv
WARNING,Engine Performance,Low Idle RPM,Average idle RPM: 52 (expected 650-800),"Check for vacuum leaks, dirty throttle body, or idle control valve issues",TOYOTA_989347712041_20251107210711_clean.csv
WARNING,Engine Performance,Erratic RPM Behavior,Detected 863 sudden RPM changes (>200 RPM/reading),"Possible misfire, fuel delivery issue, or sensor problem",TOYOTA_989347712041_20251107210711_clean.csv
WARNING,Engine Performance,RPM Oscillation Pattern,RPM oscillating 431 times during scan,"Check for misfires, ignition system, or engine control module issues",TOYOTA_989347712041_20251107210711_clean.csv
WARNING,Engine Performance,Low Idle RPM,Average idle RPM: 11 (expected 650-800),"Check for vacuum leaks, dirty throttle body, or idle control valve issues",TOYOTA_989347712041_20251201175704_clean.csv
WARNING,Engine Performance,Erratic RPM Behavior,Detected 352 sudden RPM changes (>200 RPM/reading),"Possible misfire, fuel delivery issue, or sensor problem",TOYOTA_989347712041_20251201175704_clean.csv
WARNING,Engine Performance,Low Idle RPM,Average idle RPM: 58 (expected 650-800),"Check for vacuum leaks, dirty throttle body, or idle control valve issues",TOYOTA_989347712041_20260126135141_clean.csv
WARNING,Engine Performance,Rough Idle - RPM Fluctuation,RPM variation: ±136 RPM (should be <50),"Check for misfires, vacuum leaks, or engine mount issues",TOYOTA_989347712041_20260126135141_clean.csv
WARNING,Engine Performance,Erratic RPM Behavior,Detected 7887 sudden RPM changes (>200 RPM/reading),"Possible misfire, fuel delivery issue, or sensor problem",TOYOTA_989347712041_20260126135141_clean.csv
WARNING,Engine Performance,Low Idle RPM,Average idle RPM: 24 (expected 650-800),"Check for vacuum leaks, dirty throttle body, or idle control valve issues",TOYOTA_989347712041_20251201202950_clean.csv
WARNING,Engine Performance,Rough Idle - RPM Fluctuation,RPM variation: ±73 RPM (should be <50),"Check for misfires, vacuum leaks, or engine mount issues",TOYOTA_989347712041_20251201202950_clean.csv
WARNING,Engine Performance,Erratic RPM Behavior,Detected 730 sudden RPM changes (>200 RPM/reading),"Possible misfire, fuel delivery issue, or sensor problem",TOYOTA_989347712041_20251201202950_clean.csv
WARNING,Engine Performance,Low Idle RPM,Average idle RPM: 21 (expected 650-800),"Check for vacuum leaks, dirty throttle body, or idle control valve issues",TOYOTA_989347712041_20251223213800_clean.csv
WARNING,Engine Performance,Rough Idle - RPM Fluctuation,RPM variation: ±64 RPM (should be <50),"Check for misfires, vacuum leaks, or engine mount issues",TOYOTA_989347712041_20251223213800_clean.csv
WARNING,Engine Performance,Erratic RPM Behavior,Detected 593 sudden RPM changes (>200 RPM/reading),"Possible misfire, fuel delivery issue, or sensor problem",TOYOTA_989347712041_20251223213800_clean.csv
WARNING,Engine Performance,Low Idle RPM,Average idle RPM: 36 (expected 650-800),"Check for vacuum leaks, dirty throttle body, or idle control valve issues",TOYOTA_989347712041_20251022181405_clean.csv
WARNING,Engine Performance,Erratic RPM Behavior,Detected 2296 sudden RPM changes (>200 RPM/reading),"Possible misfire, fuel delivery issue, or sensor problem",TOYOTA_989347712041_20251022181405_clean.csv
WARNING,Engine Performance,RPM Oscillation Pattern,RPM oscillating 1148 times during scan,"Check for misfires, ignition system, or engine control module issues",TOYOTA_989347712041_20251022181405_clean.csv
CRITICAL,Engine Performance,Misfires Causing RPM Instability,Strong correlation (0.92) between RPM fluctuation and misfires,"Address misfire issues - check spark plugs, coils, and fuel injectors",TOYOTA_989347712041_20251022181405_clean.csv
WARNING,Engine Performance,Low Idle RPM,Average idle RPM: 7 (expected 650-800),"Check for vacuum leaks, dirty throttle body, or idle control valve issues",TOYOTA_989347712041_20260126135122_clean.csv
WARNING,Engine Performance,Erratic RPM Behavior,Detected 124 sudden RPM changes (>200 RPM/reading),"Possible misfire, fuel delivery issue, or sensor problem",TOYOTA_989347712041_20260126135122_clean.csv
WARNING,Engine Performance,Low Idle RPM,Average idle RPM: 41 (expected 650-800),"Check for vacuum leaks, dirty throttle body, or idle control valve issues",TOYOTA_989347712041_20251127121151_clean.csv
WARNING,Engine Performance,Rough Idle - RPM Fluctuation,RPM variation: ±126 RPM (should be <50),"Check for misfires, vacuum leaks, or engine mount issues",TOYOTA_989347712041_20251127121151_clean.csv
WARNING,Engine Performance,Erratic RPM Behavior,Detected 1229 sudden RPM changes (>200 RPM/reading),"Possible misfire, fuel delivery issue, or sensor problem",TOYOTA_989347712041_20251127121151_clean.csv
WARNING,Engine Performance,Low Idle RPM,Average idle RPM: 53 (expected 650-800),"Check for vacuum leaks, dirty throttle body, or idle control valve issues",TOYOTA_989347712041_20251103170437_clean.csv
WARNING,Engine Performance,Erratic RPM Behavior,Detected 1339 sudden RPM changes (>200 RPM/reading),"Possible misfire, fuel delivery issue, or sensor problem",TOYOTA_989347712041_20251103170437_clean.csv
WARNING,Engine Performance,RPM Oscillation Pattern,RPM oscillating 669 times during scan,"Check for misfires, ignition system, or engine control module issues",TOYOTA_989347712041_20251103170437_clean.csv
WARNING,Engine Performance,Low Idle RPM,Average idle RPM: 55 (expected 650-800),"Check for vacuum leaks, dirty throttle body, or idle control valve issues",TOYOTA_989347712041_20251223215016_clean.csv
WARNING,Engine Performance,Rough Idle - RPM Fluctuation,RPM variation: ±153 RPM (should be <50),"Check for misfires, vacuum leaks, or engine mount issues",TOYOTA_989347712041_20251223215016_clean.csv
WARNING,Engine Performance,Erratic RPM Behavior,Detected 508 sudden RPM changes (>200 RPM/reading),"Possible misfire, fuel delivery issue, or sensor problem",TOYOTA_989347712041_20251223215016_clean.csv
WARNING,Engine Performance,Low Idle RPM,Average idle RPM: 0 (expected 650-800),"Check for vacuum leaks, dirty throttle body, or idle control valve issues",TOYOTA_989347712041_20251224003315_clean.csv
WARNING,Engine Performance,Erratic RPM Behavior,Detected 49 sudden RPM changes (>200 RPM/reading),"Possible misfire, fuel delivery issue, or sensor problem",TOYOTA_989347712041_20251224003315_clean.csv
WARNING,Engine Performance,Low Idle RPM,Average idle RPM: 49 (expected 650-800),"Check for vacuum leaks, dirty throttle body, or idle control valve issues",TOYOTA_989347712041_20251223214655_clean.csv
WARNING,Engine Performance,Rough Idle - RPM Fluctuation,RPM variation: ±118 RPM (should be <50),"Check for misfires, vacuum leaks, or engine mount issues",TOYOTA_989347712041_20251223214655_clean.csv
WARNING,Engine Performance,Erratic RPM Behavior,Detected 412 sudden RPM changes (>200 RPM/reading),"Possible misfire, fuel delivery issue, or sensor problem",TOYOTA_989347712041_20251223214655_clean.csv
WARNING,Engine Performance,Low Idle RPM,Average idle RPM: 59 (expected 650-800),"Check for vacuum leaks, dirty throttle body, or idle control valve issues",TOYOTA_989347712041_20251028162810_clean.csv
WARNING,Engine Performance,Erratic RPM Behavior,Detected 5464 sudden RPM changes (>200 RPM/reading),"Possible misfire, fuel delivery issue, or sensor problem",TOYOTA_989347712041_20251028162810_clean.csv
WARNING,Engine Performance,RPM Oscillation Pattern,RPM oscillating 2732 times during scan,"Check for misfires, ignition system, or engine control module issues",TOYOTA_989347712041_20251028162810_clean.csv
WARNING,Engine Performance,Low Idle RPM,Average idle RPM: 12 (expected 650-800),"Check for vacuum leaks, dirty throttle body, or idle control valve issues",TOYOTA_989347712041_20251124220315_clean.csv
WARNING,Engine Performance,Erratic RPM Behavior,Detected 194 sudden RPM changes (>200 RPM/reading),"Possible misfire, fuel delivery issue, or sensor problem",TOYOTA_989347712041_20251124220315_clean.csv
WARNING,Engine Performance,Low Idle RPM,Average idle RPM: 24 (expected 650-800),"Check for vacuum leaks, dirty throttle body, or idle control valve issues",TOYOTA_989347712041_20251201180351_clean.csv
WARNING,Engine Performance,Rough Idle - RPM Fluctuation,RPM variation: ±68 RPM (should be <50),"Check for misfires, vacuum leaks, or engine mount issues",TOYOTA_989347712041_20251201180351_clean.csv
WARNING,Engine Performance,Erratic RPM Behavior,Detected 430 sudden RPM changes (>200 RPM/reading),"Possible misfire, fuel delivery issue, or sensor problem",TOYOTA_989347712041_20251201180351_clean.csv
WARNING,Engine Performance,Low Idle RPM,Average idle RPM: 35 (expected 650-800),"Check for vacuum leaks, dirty throttle body, or idle control valve issues",TOYOTA_989347712041_20251220142516_clean.csv
WARNING,Engine Performance,Rough Idle - RPM Fluctuation,RPM variation: ±80 RPM (should be <50),"Check for misfires, vacuum leaks, or engine mount issues",TOYOTA_989347712041_20251220142516_clean.csv
WARNING,Engine Performance,Erratic RPM Behavior,Detected 820 sudden RPM changes (>200 RPM/reading),"Possible misfire, fuel delivery issue, or sensor problem",TOYOTA_989347712041_20251220142516_clean.csv
WARNING,Engine Performance,Low Idle RPM,Average idle RPM: 57 (expected 650-800),"Check for vacuum leaks, dirty throttle body, or idle control valve issues",TOYOTA_989347712041_20251103171753_clean.csv
WARNING,Engine Performance,Erratic RPM Behavior,Detected 887 sudden RPM changes (>200 RPM/reading),"Possible misfire, fuel delivery issue, or sensor problem",TOYOTA_989347712041_20251103171753_clean.csv
WARNING,Engine Performance,RPM Oscillation Pattern,RPM oscillating 443 times during scan,"Check for misfires, ignition system, or engine control module issues",TOYOTA_989347712041_20251103171753_clean.csv
CRITICAL,Engine Performance,Misfires Causing RPM Instability,Strong correlation (0.69) between RPM fluctuation and misfires,"Address misfire issues - check spark plugs, coils, and fuel injectors",TOYOTA_989347712041_20251103171753_clean.csv
WARNING,Engine Performance,Low Idle RPM,Average idle RPM: 28 (expected 650-800),"Check for vacuum leaks, dirty throttle body, or idle control valve issues",TOYOTA_989347712041_20251223215909_clean.csv
WARNING,Engine Performance,Rough Idle - RPM Fluctuation,RPM variation: ±65 RPM (should be <50),"Check for misfires, vacuum leaks, or engine mount issues",TOYOTA_989347712041_20251223215909_clean.csv
WARNING,Engine Performance,Erratic RPM Behavior,Detected 587 sudden RPM changes (>200 RPM/reading),"Possible misfire, fuel delivery issue, or sensor problem",TOYOTA_989347712041_20251223215909_clean.csv
WARNING,Engine Performance,Low Idle RPM,Average idle RPM: 62 (expected 650-800),"Check for vacuum leaks, dirty throttle body, or idle control valve issues",TOYOTA_989347712041_20251201181703_clean.csv
WARNING,Engine Performance,Rough Idle - RPM Fluctuation,RPM variation: ±172 RPM (should be <50),"Check for misfires, vacuum leaks, or engine mount issues",TOYOTA_989347712041_20251201181703_clean.csv
WARNING,Engine Performance,Erratic RPM Behavior,Detected 634 sudden RPM changes (>200 RPM/reading),"Possible misfire, fuel delivery issue, or sensor problem",TOYOTA_989347712041_20251201181703_clean.csv
WARNING,Engine Performance,Low Idle RPM,Average idle RPM: 50 (expected 650-800),"Check for vacuum leaks, dirty throttle body, or idle control valve issues",TOYOTA_989347712041_20251025160401 alternation noise_clean.csv
WARNING,Engine Performance,Erratic RPM Behavior,Detected 9120 sudden RPM changes (>200 RPM/reading),"Possible misfire, fuel delivery issue, or sensor problem",TOYOTA_989347712041_20251025160401 alternation noise_clean.csv
WARNING,Engine Performance,RPM Oscillation Pattern,RPM oscillating 4560 times during scan,"Check for misfires, ignition system, or engine control module issues",TOYOTA_989347712041_20251025160401 alternation noise_clean.csv
WARNING,Engine Performance,Low Idle RPM,Average idle RPM: 17 (expected 650-800),"Check for vacuum leaks, dirty throttle body, or idle control valve issues",TOYOTA_989347712041_20251223194633_clean.csv
WARNING,Engine Performance,Rough Idle - RPM Fluctuation,RPM variation: ±61 RPM (should be <50),"Check for misfires, vacuum leaks, or engine mount issues",TOYOTA_989347712041_20251223194633_clean.csv
WARNING,Engine Performance,Erratic RPM Behavior,Detected 440 sudden RPM changes (>200 RPM/reading),"Possible misfire, fuel delivery issue, or sensor problem",TOYOTA_989347712041_20251223194633_clean.csv
WARNING,Engine Performance,Low Idle RPM,Average idle RPM: 66 (expected 650-800),"Check for vacuum leaks, dirty throttle body, or idle control valve issues",TOYOTA_989347712041_20260120122929_clean.csv
WARNING,Engine Performance,Rough Idle - RPM Fluctuation,RPM variation: ±152 RPM (should be <50),"Check for misfires, vacuum leaks, or engine mount issues",TOYOTA_989347712041_20260120122929_clean.csv
WARNING,Engine Performance,Erratic RPM Behavior,Detected 4841 sudden RPM changes (>200 RPM/reading),"Possible misfire, fuel delivery issue, or sensor problem",TOYOTA_989347712041_20260120122929_clean.csv
WARNING,Engine Performance,Low Idle RPM,Average idle RPM: 58 (expected 650-800),"Check for vacuum leaks, dirty throttle body, or idle control valve issues",TOYOTA_989347712041_20251028150616_clean.csv
WARNING,Engine Performance,Erratic RPM Behavior,Detected 44967 sudden RPM changes (>200 RPM/reading),"Possible misfire, fuel delivery issue, or sensor problem",TOYOTA_989347712041_20251028150616_clean.csv
WARNING,Engine Performance,RPM Oscillation Pattern,RPM oscillating 22483 times during scan,"Check for misfires, ignition system, or engine control module issues",TOYOTA_989347712041_20251028150616_clean.csv
CRITICAL,Ignition/Fuel System,"Multiple Cylinder Misfire (Cylinders: 7, 2, 8, 3, 4, 6)","6 cylinders affected, 1066 total misfires","Multiple cylinders affected - Check:
  1. Fuel pressure (low pressure affects all cylinders)
  2. Air intake system (vacuum leaks, MAF sensor)
  3. Engine timing (timing chain/belt)
  4. Compression test on all cylinders
  5. Fuel quality (water in fuel, bad gas)",VIN: 1GKFK16368J144884
