Row,Count Codes(Include History),+BM Voltage [V],2nd Air Monitor,2nd Air Monitor,2nd Air Monitor CMPL,2nd Air Monitor ENA,4WD Switch,AC Monitor,AC Monitor,AC Monitor CMPL,AC Monitor ENA,AC Signal,Air/Fuel Heater Duty (Bank1 Sensor1) [%],Air/Fuel Heater Duty (Bank2 Sensor1) [%],A/T Oil Temperature 1 [degree C],A/T Oil Temperature 2 [degree C],Accel Fully Close Learn Count1 [deg],Accel Fully Close Learn Count2 [deg],Accel Sens. No.1 Volt % [%],Accel Sens. No.2 Volt % [%],Accel Sensor Out No.1 [V],Accel Sensor Out No.2 [V],Accelerator Idle Position,Accelerator Position [%],ACIS VSV,ACT VSV,Actuator Power Supply,AF Lambda (Bank1 Sensor1),AF Lambda (Bank2 Sensor1),AFS Current (Bank1 Sensor1) [mA],AFS Current (Bank2 Sensor1) [mA],AFS Voltage (Bank1 Sensor1) [V],AFS Voltage (Bank2 Sensor1) [V],All Cylinders Misfire Count,Atmosphere Pressure [kPa],Av Engine Speed of All Cyl [rpm],Battery Voltage [V],Calculate Load [%],Cancel Switch,Catalyst Misfire CylinderCount1,Catalyst Misfire CylinderCount2,Catalyst Misfire CylinderCount3,Catalyst Misfire CylinderCount4,Catalyst Misfire CylinderCount5,Catalyst Misfire CylinderCount6,Catalyst Misfire History,Catalyst Monitor,Catalyst Monitor,Catalyst Monitor CMPL,Catalyst Monitor ENA,Catalyst OT MF F/C,Catalyst Temp (Bank1 Sensor1) [degree C],Catalyst Temp B1S2 [degree C],Catalyst Temp (Bank2 Sensor1) [degree C],Catalyst Temp B2S2 [degree C],Closed Throttle Position Switch,Complete Parts Monitor,Component Monitor CMPL,Component Monitor ENA,Coolant Temp [degree C],Cylinder Count1 Misfire Count,Cylinder Count2 Misfire Count,Cylinder Count3 Misfire Count,Cylinder Count4 Misfire Count,Cylinder Count5 Misfire Count,Cylinder Count6 Misfire Count,Cylinder Number,Destination,Dist Batt Cable Disconnect [km],Distance from DTC Cleared [km],EGR/VVT Monitor,EGR/VVT Monitor,EGR/VVT Monitor CMPL,EGR/VVT Monitor ENA,Electrical Load Signal 1,Electrical Load Signal 2,Engine Run Time [s],Engine Speed [rpm],Engine Speed of Cyl Count1 [rpm],Engine Speed of Cyl Count2 [rpm],Engine Speed of Cyl Count3 [rpm],Engine Speed of Cyl Count4 [rpm],Engine Speed of Cyl Count5 [rpm],Engine Speed of Cyl Count6 [rpm],Engine Type,EVAP (Purge) VSV [%],EVAP Monitor,EVAP Monitor,EVAP Monitor CMPL,EVAP Monitor ENA,Evap Purge Flow [%],EVAP Purge VSV,EVAP System Vent Valve,FC TAU,Fuel Cut Condition,Fuel Pump Speed Control,Fuel Pump/Speed Status,Fuel System Monitor,Fuel System Monitor CMPL,Fuel System Monitor ENA,Fuel System Monitor Result,Fuel System Status Count1,Fuel System Status Count2,Heated Cat Monitor CMPL,Heated Cat Monitor ENA,Heated Catalyst Monitor,Heated Catalyst Monitor,Heater Monitor CMPL,Heater Monitor ENA,Idle Fuel Cut,IG OFF Elapsed Time [min],IGN Advance [deg],Ignition Trig. Count,Immobiliser Communication,Initial Engine Coolant Temp [degree C],Initial Intake Air Temp [degree C],Injection Volum (Cylinder1) [ml],Injector(Port) [us],Intake Air [degree C],Knock Correct Learn Value [degree CA],Knock Feedback Value [degree CA],Lock Up,Long FT (Bank1 Sensor1) [%],Long FT (Bank2 Sensor1) [%],MAF [gm/s],MIL,MIL on Run Distance [km],MISFIRE LOAD [g/rev],Misfire Margin [%],Misfire Monitor,Misfire Monitor CMPL,Misfire Monitor ENA,MISFIRE RPM [rpm],Model Code,Model Year,Neutral Position Switch Signal,Number Of Emission DTC,O2 Heater B1S2,O2 Heater B2S2,O2 Heater Curr Val B1S2 [A],O2 Heater Curr Val B2S2 [A],O2S B1S2 [V],O2S B2S2 [V],O2S Impedance B1S2 [ohm],O2S Impedance B2S2 [ohm],O2S(Air/FuelS) Heater Monitor,O2S(Air/FuelS) Heater Monitor,O2S(Air/FuelS) Monitor,O2S(Air/FuelS) Monitor,O2S(Air/FuelS) Monitor CMPL,O2S(Air/FuelS) Monitor ENA,OBD Requirements,Open Side Malfunction,Power Steering Signal,Purge Cut VSV Duty [%],Purge Density Learn Value,RES/ACC Switch,Running Time from MIL ON [min],SET/COAST Switch,Shift Status,Shift Switch Status (2 Range),Shift Switch Status (3 Range),Shift Switch Status (D Range),Shift Switch Status (L Range),Shift Switch Status (R Range),Shift Switch Status(4 Range),Short FT (Bank1 Sensor1) [%],Short FT (Bank2 Sensor1) [%],SLT Solenoid Status,SLU Solenoid Status,SPD (NT) [rpm],SPD (SP2) [km/h],ST1,Starter Signal,Stop Light Switch,System Guard,System Identification,Target Air-Fuel Ratio,TC and TE1,TC Terminal,Throttle Fully Close Learn [V],Throttle Idle Position,Throttle Motor Current [A],Throttle Motor DUTY [%],Throttle Motor Duty (Close) [%],Throttle Motor Duty (Open) [%],Throttle Position Command [V],Throttle Position No.1 [V],Throttle Position No.2 [V],Throttle Require Position [V],Throttle Sens Open Pos Count1 [V],Throttle Sens Open Pos Count2 [V],Throttle Sensor Count2 Volt % [%],Throttle Sensor Position [%],Throttle Sensor Volt % [%],Time after DTC Cleared [min],TOTAL FT Count1,TOTAL FT Count2,Transfer L4,Transmission Type,Transmission Type2,Vacuum Pump,Vapor Pressure (Calculated) [kPa],Vapor Pressure Pump [kPa],Vehicle Load [%],Vehicle Speed [km/h],VN Turbo Type,VVT Aim Angle Count1 [%],VVT Aim Angle Count2 [%],VVT Change Angle Count1 [degree FR],VVT Change Angle Count2 [degree FR],VVT Control Status Count1,VVT Control Status Count2,VVT OCV Duty Count1 [%],VVT OCV Duty Count2 [%],Warmup Cycle Cleared DTC
1,0,14.277,Not Avl,Compl,Compl,Unable,ON,Not Avl,Compl,Compl,Unable,OFF,39.062,38.281,15.625,14.375,19.531,39.551,15.686,31.765,0.781,1.582,ON,0,OFF,ON,ON,0.996,0.993,-0.008,-0.027,3.283,3.254,0,97,51199.219,14.042,32.157,OFF,OFF,OFF,OFF,OFF,OFF,OFF,OFF,Avail,Incmpl,Incmpl,Enable,Avail,364.200,44.200,364.200,44.200,ON,Avail,Compl,Enable,25,0,0,0,0,0,0,6,A,0,0,Avail,Incmpl,Incmpl,Enable,OFF,OFF,46,1421,51199.219,51199.219,51199.219,51199.219,51199.219,51199.219,1GRFE ,0,Avail,Incmpl,Incmpl,Enable,0,OFF,OFF,OFF,OFF,ON,ON,Avail,Compl,Enable,Compl,CL,CL,Compl,Unable,Not Avl,Compl,Incmpl,Enable,OFF,0,21,384,ON,13.750,15,0.160,3207,13,21,-3,OFF,0,0,11.600,OFF,0,0,-3,Avail,Compl,Enable,0,GRN2#  ,2011,ON,0,Not Act,Not Act,0,0,0.015,0,21247.676,21247.676,Avail,Incmpl,Avail,Incmpl,Incmpl,Enable,OBD II (California ARB),OFF,OFF,0,0,OFF,0,OFF,1st,OFF,OFF,OFF,OFF,OFF,OFF,-6.250,-3.906,ON,OFF,1350,0,OFF,OFF,OFF,ON,Gasoline,1.055,OFF,OFF,0.684,ON,0.234,18.431,0,6,0.918,0.918,2.539,0.918,0.918,2.031,50.980,0,18.431,2,0,0,OFF,ECT 5th,NA,OFF,97.878,97.878,20.392,0,Not Avl,0,0,0,0,ON,ON,0,0,0
2,0,14.277,Not Avl,Compl,Compl,Unable,ON,Not Avl,Compl,Compl,Unable,OFF,39.062,38.281,16.875,14.375,19.531,39.551,15.686,31.765,0.781,1.582,ON,0,OFF,ON,ON,0.996,0.993,-0.008,-0.027,3.283,3.254,0,97,51199.219,14.042,32.157,OFF,OFF,OFF,OFF,OFF,OFF,OFF,OFF,Avail,Incmpl,Incmpl,Enable,Avail,364.200,44.200,364.200,44.200,ON,Avail,Compl,Enable,25,0,0,0,0,0,0,6,A,0,0,Avail,Incmpl,Incmpl,Enable,OFF,OFF,46,1421,51199.219,51199.219,51199.219,51199.219,51199.219,51199.219,1GRFE ,0,Avail,Incmpl,Incmpl,Enable,0,OFF,OFF,OFF,OFF,ON,ON,Avail,Compl,Enable,Compl,CL,CL,Compl,Unable,Not Avl,Compl,Incmpl,Enable,OFF,0,21,384,ON,13.750,15,0.160,3207,13,21,-3,OFF,0,0,11.600,OFF,0,0,-3,Avail,Compl,Enable,0,GRN2#  ,2011,ON,0,Not Act,Not Act,0,0,0.015,0,21247.676,21247.676,Avail,Incmpl,Avail,Incmpl,Incmpl,Enable,OBD II (California ARB),OFF,OFF,0,0,OFF,0,OFF,1st,OFF,OFF,OFF,OFF,OFF,OFF,-6.250,-3.906,ON,OFF,1350,0,OFF,OFF,OFF,ON,Gasoline,1.055,OFF,OFF,0.684,ON,0.234,18.431,0,6,0.918,0.918,2.539,0.918,0.918,2.031,50.980,0,18.431,2,0,0,OFF,ECT 5th,NA,OFF,97.878,97.878,20.392,0,Not Avl,0,0,0,0,ON,ON,0,0,0
3,0,14.277,Not Avl,Compl,Compl,Unable,ON,Not Avl,Compl,Compl,Unable,OFF,39.062,38.281,16.875,15,19.531,39.551,15.686,31.765,0.781,1.582,ON,0,OFF,ON,ON,0.996,0.993,-0.008,-0.027,3.283,3.254,0,97,51199.219,14.042,32.157,OFF,OFF,OFF,OFF,OFF,OFF,OFF,OFF,Avail,Incmpl,Incmpl,Enable,Avail,364.200,44.200,364.200,44.200,ON,Avail,Compl,Enable,25,0,0,0,0,0,0,6,A,0,0,Avail,Incmpl,Incmpl,Enable,OFF,OFF,46,1421,51199.219,51199.219,51199.219,51199.219,51199.219,51199.219,1GRFE ,0,Avail,Incmpl,Incmpl,Enable,0,OFF,OFF,OFF,OFF,ON,ON,Avail,Compl,Enable,Compl,CL,CL,Compl,Unable,Not Avl,Compl,Incmpl,Enable,OFF,0,21,384,ON,13.750,15,0.160,3207,13,21,-3,OFF,0,0,11.600,OFF,0,0,-3,Avail,Compl,Enable,0,GRN2#  ,2011,ON,0,Not Act,Not Act,0,0,0.015,0,21247.676,21247.676,Avail,Incmpl,Avail,Incmpl,Incmpl,Enable,OBD II (California ARB),OFF,OFF,0,0,OFF,0,OFF,1st,OFF,OFF,OFF,OFF,OFF,OFF,-6.250,-3.906,ON,OFF,1350,0,OFF,OFF,OFF,ON,Gasoline,1.055,OFF,OFF,0.684,ON,0.234,18.431,0,6,0.918,0.918,2.539,0.918,0.918,2.031,50.980,0,18.431,2,0,0,OFF,ECT 5th,NA,OFF,97.878,97.878,20.392,0,Not Avl,0,0,0,0,ON,ON,0,0,0
4,0,14.277,Not Avl,Compl,Compl,Unable,ON,Not Avl,Compl,Compl,Unable,OFF,39.062,38.281,16.875,15,19.531,39.551,15.686,31.765,0.781,1.582,ON,0,OFF,ON,ON,0.996,0.993,-0.008,-0.027,3.283,3.254,0,97,51199.219,14.042,32.157,OFF,OFF,OFF,OFF,OFF,OFF,OFF,OFF,Avail,Incmpl,Incmpl,Enable,Avail,364.200,44.200,364.200,44.200,ON,Avail,Compl,Enable,25,0,0,0,0,0,0,6,A,0,0,Avail,Incmpl,Incmpl,Enable,OFF,OFF,46,1421,51199.219,51199.219,51199.219,51199.219,51199.219,51199.219,1GRFE ,0,Avail,Incmpl,Incmpl,Enable,0,OFF,OFF,OFF,OFF,ON,ON,Avail,Compl,Enable,Compl,CL,CL,Compl,Unable,Not Avl,Compl,Incmpl,Enable,OFF,0,21,384,ON,13.750,15,0.160,3207,13,21,-3,OFF,0,0,11.600,OFF,0,0,-3,Avail,Compl,Enable,0,GRN2#  ,2011,ON,0,Not Act,Not Act,0,0,0.015,0,21247.676,21247.676,Avail,Incmpl,Avail,Incmpl,Incmpl,Enable,OBD II (California ARB),OFF,OFF,0,0,OFF,0,OFF,1st,OFF,OFF,OFF,OFF,OFF,OFF,-6.250,-3.906,ON,OFF,1350,0,OFF,OFF,OFF,ON,Gasoline,1.055,OFF,OFF,0.684,ON,0.234,18.431,0,6,0.918,0.918,2.539,0.918,0.918,2.031,50.980,0,18.431,2,0,0,OFF,ECT 5th,NA,OFF,97.878,97.878,20.392,0,Not Avl,0,0,0,0,ON,ON,0,0,0
5,0,14.277,Not Avl,Compl,Compl,Unable,ON,Not Avl,Compl,Compl,Unable,OFF,39.062,38.281,16.875,15,19.531,39.551,15.686,31.765,0.781,1.582,ON,0,OFF,ON,ON,0.996,0.993,-0.008,-0.027,3.283,3.254,0,97,51199.219,14.042,32.157,OFF,OFF,OFF,OFF,OFF,OFF,OFF,OFF,Avail,Incmpl,Incmpl,Enable,Avail,364.200,44.200,364.200,44.200,ON,Avail,Compl,Enable,25,0,0,0,0,0,0,6,A,0,0,Avail,Incmpl,Incmpl,Enable,OFF,OFF,46,1421,51199.219,51199.219,51199.219,51199.219,51199.219,51199.219,1GRFE ,0,Avail,Incmpl,Incmpl,Enable,0,OFF,OFF,OFF,OFF,ON,ON,Avail,Compl,Enable,Compl,CL,CL,Compl,Unable,Not Avl,Compl,Incmpl,Enable,OFF,0,21,384,ON,13.750,15,0.160,3207,13,21,-3,OFF,0,0,11.600,OFF,0,0,-3,Avail,Compl,Enable,0,GRN2#  ,2011,ON,0,Not Act,Not Act,0,0,0.015,0,21247.676,21247.676,Avail,Incmpl,Avail,Incmpl,Incmpl,Enable,OBD II (California ARB),OFF,OFF,0,0,OFF,0,OFF,1st,OFF,OFF,OFF,OFF,OFF,OFF,-6.250,-3.906,ON,OFF,1350,0,OFF,OFF,OFF,ON,Gasoline,1.055,OFF,OFF,0.684,ON,0.234,18.431,0,6,0.918,0.918,2.539,0.918,0.918,2.031,50.980,0,18.431,2,0,0,OFF,ECT 5th,NA,OFF,97.878,97.878,20.392,0,Not Avl,0,0,0,0,ON,ON,0,0,0
6,0,14.277,Not Avl,Compl,Compl,Unable,ON,Not Avl,Compl,Compl,Unable,OFF,39.062,38.281,16.875,15,19.531,39.551,15.686,31.765,0.781,1.582,ON,0,OFF,ON,ON,0.996,0.993,-0.008,-0.027,3.283,3.254,0,97,51199.219,14.042,32.157,OFF,OFF,OFF,OFF,OFF,OFF,OFF,OFF,Avail,Incmpl,Incmpl,Enable,Avail,364.200,44.200,364.200,44.200,ON,Avail,Compl,Enable,25,0,0,0,0,0,0,6,A,0,0,Avail,Incmpl,Incmpl,Enable,OFF,OFF,46,1421,51199.219,51199.219,51199.219,51199.219,51199.219,51199.219,1GRFE ,0,Avail,Incmpl,Incmpl,Enable,0,OFF,OFF,OFF,OFF,ON,ON,Avail,Compl,Enable,Compl,CL,CL,Compl,Unable,Not Avl,Compl,Incmpl,Enable,OFF,0,21,384,ON,13.750,15,0.160,3207,13,21,-3,OFF,0,0,11.600,OFF,0,0,-3,Avail,Compl,Enable,0,GRN2#  ,2011,ON,0,Not Act,Not Act,0,0,0.015,0,21247.676,21247.676,Avail,Incmpl,Avail,Incmpl,Incmpl,Enable,OBD II (California ARB),OFF,OFF,0,0,OFF,0,OFF,1st,OFF,OFF,OFF,OFF,OFF,OFF,-6.250,-3.906,ON,OFF,1350,0,OFF,OFF,OFF,ON,Gasoline,1.055,OFF,OFF,0.684,ON,0.234,18.431,0,6,0.918,0.918,2.539,0.918,0.918,2.031,50.980,0,18.431,2,0,0,OFF,ECT 5th,NA,OFF,97.878,97.878,20.392,0,Not Avl,0,0,0,0,ON,ON,0,0,0
7,0,14.277,Not Avl,Compl,Compl,Unable,ON,Not Avl,Compl,Compl,Unable,OFF,39.062,38.281,16.875,15,19.531,39.551,15.686,31.765,0.781,1.582,ON,0,OFF,ON,ON,0.996,0.993,-0.008,-0.027,3.283,3.254,0,97,51199.219,14.042,32.157,OFF,OFF,OFF,OFF,OFF,OFF,OFF,OFF,Avail,Incmpl,Incmpl,Enable,Avail,364.200,44.200,364.200,44.200,ON,Avail,Compl,Enable,25,0,0,0,0,0,0,6,A,0,0,Avail,Incmpl,Incmpl,Enable,OFF,OFF,46,1421,51199.219,51199.219,51199.219,51199.219,51199.219,51199.219,1GRFE ,0,Avail,Incmpl,Incmpl,Enable,0,OFF,OFF,OFF,OFF,ON,ON,Avail,Compl,Enable,Compl,CL,CL,Compl,Unable,Not Avl,Compl,Incmpl,Enable,OFF,0,21,384,ON,13.750,15,0.160,3207,13,21,-3,OFF,0,0,11.600,OFF,0,0,-3,Avail,Compl,Enable,0,GRN2#  ,2011,ON,0,Not Act,Not Act,0,0,0.015,0,21247.676,21247.676,Avail,Incmpl,Avail,Incmpl,Incmpl,Enable,OBD II (California ARB),OFF,OFF,0,0,OFF,0,OFF,1st,OFF,OFF,OFF,OFF,OFF,OFF,-6.250,-3.906,ON,OFF,1350,0,OFF,OFF,OFF,ON,Gasoline,1.055,OFF,OFF,0.684,ON,0.234,18.431,0,6,0.918,0.918,2.539,0.918,0.918,2.031,50.980,0,18.431,2,0,0,OFF,ECT 5th,NA,OFF,97.878,97.878,20.392,0,Not Avl,0,0,0,0,ON,ON,0,0,0
8,0,14.277,Not Avl,Compl,Compl,Unable,ON,Not Avl,Compl,Compl,Unable,OFF,39.062,38.281,16.875,15,19.531,39.551,15.686,31.765,0.781,1.582,ON,0,OFF,ON,ON,0.996,0.993,-0.008,-0.027,3.283,3.254,0,97,51199.219,14.042,32.157,OFF,OFF,OFF,OFF,OFF,OFF,OFF,OFF,Avail,Incmpl,Incmpl,Enable,Avail,364.200,44.200,364.200,44.200,ON,Avail,Compl,Enable,25,0,0,0,0,0,0,6,A,0,0,Avail,Incmpl,Incmpl,Enable,OFF,OFF,46,1421,51199.219,51199.219,51199.219,51199.219,51199.219,51199.219,1GRFE ,0,Avail,Incmpl,Incmpl,Enable,0,OFF,OFF,OFF,OFF,ON,ON,Avail,Compl,Enable,Compl,CL,CL,Compl,Unable,Not Avl,Compl,Incmpl,Enable,OFF,0,21,384,ON,13.750,15,0.160,3207,13,21,-3,OFF,0,0,11.600,OFF,0,0,-3,Avail,Compl,Enable,0,GRN2#  ,2011,ON,0,Not Act,Not Act,0,0,0.015,0,21247.676,21247.676,Avail,Incmpl,Avail,Incmpl,Incmpl,Enable,OBD II (California ARB),OFF,OFF,0,0,OFF,0,OFF,1st,OFF,OFF,OFF,OFF,OFF,OFF,-6.250,-3.906,ON,OFF,1350,0,OFF,OFF,OFF,ON,Gasoline,1.055,OFF,OFF,0.684,ON,0.234,18.431,0,6,0.918,0.918,2.539,0.918,0.918,2.031,50.980,0,18.431,2,0,0,OFF,ECT 5th,NA,OFF,97.878,97.878,20.392,0,Not Avl,0,0,0,0,ON,ON,0,0,0
9,0,14.277,Not Avl,Compl,Compl,Unable,ON,Not Avl,Compl,Compl,Unable,OFF,39.062,38.281,16.875,15,19.531,39.551,15.686,31.765,0.781,1.582,ON,0,OFF,ON,ON,0.996,0.993,-0.008,-0.027,3.283,3.254,0,97,51199.219,14.042,32.157,OFF,OFF,OFF,OFF,OFF,OFF,OFF,OFF,Avail,Incmpl,Incmpl,Enable,Avail,364.200,44.200,364.200,44.200,ON,Avail,Compl,Enable,25,0,0,0,0,0,0,6,A,0,0,Avail,Incmpl,Incmpl,Enable,OFF,OFF,46,1421,51199.219,51199.219,51199.219,51199.219,51199.219,51199.219,1GRFE ,0,Avail,Incmpl,Incmpl,Enable,0,OFF,OFF,OFF,OFF,ON,ON,Avail,Compl,Enable,Compl,CL,CL,Compl,Unable,Not Avl,Compl,Incmpl,Enable,OFF,0,21,384,ON,13.750,15,0.160,3207,13,21,-3,OFF,0,0,11.600,OFF,0,0,-3,Avail,Compl,Enable,0,GRN2#  ,2011,ON,0,Not Act,Not Act,0,0,0.015,0,21247.676,21247.676,Avail,Incmpl,Avail,Incmpl,Incmpl,Enable,OBD II (California ARB),OFF,OFF,0,0,OFF,0,OFF,1st,OFF,OFF,OFF,OFF,OFF,OFF,-6.250,-3.906,ON,OFF,1350,0,OFF,OFF,OFF,ON,Gasoline,1.055,OFF,OFF,0.684,ON,0.234,18.431,0,6,0.918,0.918,2.539,0.918,0.918,2.031,50.980,0,18.431,2,0,0,OFF,ECT 5th,NA,OFF,97.878,97.878,20.392,0,Not Avl,0,0,0,0,ON,ON,0,0,0
10,0,14.277,Not Avl,Compl,Compl,Unable,ON,Not Avl,Compl,Compl,Unable,OFF,39.062,38.281,16.875,15,19.531,39.551,15.686,31.765,0.781,1.582,ON,0,OFF,ON,ON,0.996,0.993,-0.008,-0.027,3.283,3.254,0,97,51199.219,14.042,32.157,OFF,OFF,OFF,OFF,OFF,OFF,OFF,OFF,Avail,Incmpl,Incmpl,Enable,Avail,364.200,44.200,364.200,44.200,ON,Avail,Compl,Enable,25,0,0,0,0,0,0,6,A,0,0,Avail,Incmpl,Incmpl,Enable,OFF,OFF,46,1421,51199.219,51199.219,51199.219,51199.219,51199.219,51199.219,1GRFE ,0,Avail,Incmpl,Incmpl,Enable,0,OFF,OFF,OFF,OFF,ON,ON,Avail,Compl,Enable,Compl,CL,CL,Compl,Unable,Not Avl,Compl,Incmpl,Enable,OFF,0,21,384,ON,13.750,15,0.160,3207,13,21,-3,OFF,0,0,11.600,OFF,0,0,-3,Avail,Compl,Enable,0,GRN2#  ,2011,ON,0,Not Act,Not Act,0,0,0.015,0,21247.676,21247.676,Avail,Incmpl,Avail,Incmpl,Incmpl,Enable,OBD II (California ARB),OFF,OFF,0,0,OFF,0,OFF,1st,OFF,OFF,OFF,OFF,OFF,OFF,-6.250,-3.906,ON,OFF,1350,0,OFF,OFF,OFF,ON,Gasoline,1.055,OFF,OFF,0.684,ON,0.234,18.431,0,6,0.918,0.918,2.539,0.918,0.918,2.031,50.980,0,18.431,2,0,0,OFF,ECT 5th,NA,OFF,97.878,97.878,20.392,0,Not Avl,0,0,0,0,ON,ON,0,0,0
11,0,14.277,Not Avl,Compl,Compl,Unable,ON,Not Avl,Compl,Compl,Unable,OFF,39.062,38.281,16.875,15,19.531,39.551,15.686,31.765,0.781,1.582,ON,0,OFF,ON,ON,0.996,0.993,-0.008,-0.027,3.283,3.254,0,97,51199.219,14.042,32.157,OFF,OFF,OFF,OFF,OFF,OFF,OFF,OFF,Avail,Incmpl,Incmpl,Enable,Avail,364.200,44.200,364.200,44.200,ON,Avail,Compl,Enable,25,0,0,0,0,0,0,6,A,0,0,Avail,Incmpl,Incmpl,Enable,OFF,OFF,46,1421,51199.219,51199.219,51199.219,51199.219,51199.219,51199.219,1GRFE ,0,Avail,Incmpl,Incmpl,Enable,0,OFF,OFF,OFF,OFF,ON,ON,Avail,Compl,Enable,Compl,CL,CL,Compl,Unable,Not Avl,Compl,Incmpl,Enable,OFF,0,21,384,ON,13.750,15,0.160,3207,13,21,-3,OFF,0,0,11.600,OFF,0,0,-3,Avail,Compl,Enable,0,GRN2#  ,2011,ON,0,Not Act,Not Act,0,0,0.015,0,21247.676,21247.676,Avail,Incmpl,Avail,Incmpl,Incmpl,Enable,OBD II (California ARB),OFF,OFF,0,0,OFF,0,OFF,1st,OFF,OFF,OFF,OFF,OFF,OFF,-6.250,-3.906,ON,OFF,1350,0,OFF,OFF,OFF,ON,Gasoline,1.055,OFF,OFF,0.684,ON,0.234,18.431,0,6,0.918,0.918,2.539,0.918,0.918,2.031,50.980,0,18.431,2,0,0,OFF,ECT 5th,NA,OFF,97.878,97.878,20.392,0,Not Avl,0,0,0,0,ON,ON,0,0,0
12,0,14.277,Not Avl,Compl,Compl,Unable,ON,Not Avl,Compl,Compl,Unable,OFF,39.062,38.281,16.875,15,19.531,39.551,15.686,31.765,0.781,1.582,ON,0,OFF,ON,ON,0.996,0.993,-0.008,-0.027,3.283,3.254,0,97,51199.219,14.042,32.157,OFF,OFF,OFF,OFF,OFF,OFF,OFF,OFF,Avail,Incmpl,Incmpl,Enable,Avail,364.200,44.200,364.200,44.200,ON,Avail,Compl,Enable,25,0,0,0,0,0,0,6,A,0,0,Avail,Incmpl,Incmpl,Enable,OFF,OFF,46,1421,51199.219,51199.219,51199.219,51199.219,51199.219,51199.219,1GRFE ,0,Avail,Incmpl,Incmpl,Enable,0,OFF,OFF,OFF,OFF,ON,ON,Avail,Compl,Enable,Compl,CL,CL,Compl,Unable,Not Avl,Compl,Incmpl,Enable,OFF,0,21,384,ON,13.750,15,0.160,3207,13,21,-3,OFF,0,0,11.600,OFF,0,0,-3,Avail,Compl,Enable,0,GRN2#  ,2011,ON,0,Not Act,Not Act,0,0,0.015,0,21247.676,21247.676,Avail,Incmpl,Avail,Incmpl,Incmpl,Enable,OBD II (California ARB),OFF,OFF,0,0,OFF,0,OFF,1st,OFF,OFF,OFF,OFF,OFF,OFF,-6.250,-3.906,ON,OFF,1350,0,OFF,OFF,OFF,ON,Gasoline,1.055,OFF,OFF,0.684,ON,0.234,18.431,0,6,0.918,0.918,2.539,0.918,0.918,2.031,50.980,0,18.431,2,0,0,OFF,ECT 5th,NA,OFF,97.878,97.878,20.392,0,Not Avl,0,0,0,0,ON,ON,0,0,0
13,0,14.277,Not Avl,Compl,Compl,Unable,ON,Not Avl,Compl,Compl,Unable,OFF,39.062,38.281,16.875,15,19.531,39.551,15.686,31.765,0.781,1.582,ON,0,OFF,ON,ON,0.996,0.993,-0.008,-0.027,3.283,3.254,0,97,51199.219,14.042,32.157,OFF,OFF,OFF,OFF,OFF,OFF,OFF,OFF,Avail,Incmpl,Incmpl,Enable,Avail,364.200,44.200,364.200,44.200,ON,Avail,Compl,Enable,25,0,0,0,0,0,0,6,A,0,0,Avail,Incmpl,Incmpl,Enable,OFF,OFF,46,1421,51199.219,51199.219,51199.219,51199.219,51199.219,51199.219,1GRFE ,0,Avail,Incmpl,Incmpl,Enable,0,OFF,OFF,OFF,OFF,ON,ON,Avail,Compl,Enable,Compl,CL,CL,Compl,Unable,Not Avl,Compl,Incmpl,Enable,OFF,0,21,384,ON,13.750,15,0.160,3207,13,21,-3,OFF,0,0,11.600,OFF,0,0,-3,Avail,Compl,Enable,0,GRN2#  ,2011,ON,0,Not Act,Not Act,0,0,0.015,0,21247.676,21247.676,Avail,Incmpl,Avail,Incmpl,Incmpl,Enable,OBD II (California ARB),OFF,OFF,0,0,OFF,0,OFF,1st,OFF,OFF,OFF,OFF,OFF,OFF,-6.250,-3.906,ON,OFF,1350,0,OFF,OFF,OFF,ON,Gasoline,1.055,OFF,OFF,0.684,ON,0.234,18.431,0,6,0.918,0.918,2.539,0.918,0.918,2.031,50.980,0,18.431,2,0,0,OFF,ECT 5th,NA,OFF,97.878,97.878,20.392,0,Not Avl,0,0,0,0,ON,ON,0,0,0
14,0,14.277,Not Avl,Compl,Compl,Unable,ON,Not Avl,Compl,Compl,Unable,OFF,39.062,38.281,16.875,15,19.531,39.551,15.686,31.765,0.781,1.582,ON,0,OFF,ON,ON,0.996,0.993,-0.008,-0.027,3.283,3.254,0,97,51199.219,14.042,32.157,OFF,OFF,OFF,OFF,OFF,OFF,OFF,OFF,Avail,Incmpl,Incmpl,Enable,Avail,364.200,44.200,364.200,44.200,ON,Avail,Compl,Enable,25,0,0,0,0,0,0,6,A,0,0,Avail,Incmpl,Incmpl,Enable,OFF,OFF,46,1421,51199.219,51199.219,51199.219,51199.219,51199.219,51199.219,1GRFE ,0,Avail,Incmpl,Incmpl,Enable,0,OFF,OFF,OFF,OFF,ON,ON,Avail,Compl,Enable,Compl,CL,CL,Compl,Unable,Not Avl,Compl,Incmpl,Enable,OFF,0,21,384,ON,13.750,15,0.160,3207,13,21,-3,OFF,0,0,11.600,OFF,0,0,-3,Avail,Compl,Enable,0,GRN2#  ,2011,ON,0,Not Act,Not Act,0,0,0.015,0,21247.676,21247.676,Avail,Incmpl,Avail,Incmpl,Incmpl,Enable,OBD II (California ARB),OFF,OFF,0,0,OFF,0,OFF,1st,OFF,OFF,OFF,OFF,OFF,OFF,-6.250,-3.906,ON,OFF,1350,0,OFF,OFF,OFF,ON,Gasoline,1.055,OFF,OFF,0.684,ON,0.234,18.431,0,6,0.918,0.918,2.539,0.918,0.918,2.031,50.980,0,18.431,2,0,0,OFF,ECT 5th,NA,OFF,97.878,97.878,20.392,0,Not Avl,0,0,0,0,ON,ON,0,0,0
15,0,14.277,Not Avl,Compl,Compl,Unable,ON,Not Avl,Compl,Compl,Unable,OFF,39.062,38.281,16.875,15,19.531,39.551,15.686,31.765,0.781,1.582,ON,0,OFF,ON,ON,0.996,0.993,-0.008,-0.027,3.283,3.254,0,97,51199.219,14.042,32.157,OFF,OFF,OFF,OFF,OFF,OFF,OFF,OFF,Avail,Incmpl,Incmpl,Enable,Avail,364.200,44.200,364.200,44.200,ON,Avail,Compl,Enable,25,0,0,0,0,0,0,6,A,0,0,Avail,Incmpl,Incmpl,Enable,OFF,OFF,46,1421,51199.219,51199.219,51199.219,51199.219,51199.219,51199.219,1GRFE ,0,Avail,Incmpl,Incmpl,Enable,0,OFF,OFF,OFF,OFF,ON,ON,Avail,Compl,Enable,Compl,CL,CL,Compl,Unable,Not Avl,Compl,Incmpl,Enable,OFF,0,21,384,ON,13.750,15,0.160,3207,13,21,-3,OFF,0,0,11.600,OFF,0,0,-3,Avail,Compl,Enable,0,GRN2#  ,2011,ON,0,Not Act,Not Act,0,0,0.015,0,21247.676,21247.676,Avail,Incmpl,Avail,Incmpl,Incmpl,Enable,OBD II (California ARB),OFF,OFF,0,0,OFF,0,OFF,1st,OFF,OFF,OFF,OFF,OFF,OFF,-6.250,-3.906,ON,OFF,1350,0,OFF,OFF,OFF,ON,Gasoline,1.055,OFF,OFF,0.684,ON,0.234,18.431,0,6,0.918,0.918,2.539,0.918,0.918,2.031,50.980,0,18.431,2,0,0,OFF,ECT 5th,NA,OFF,97.878,97.878,20.392,0,Not Avl,0,0,0,0,ON,ON,0,0,0
16,0,14.277,Not Avl,Compl,Compl,Unable,ON,Not Avl,Compl,Compl,Unable,OFF,39.062,38.281,16.875,15,19.531,39.551,15.686,31.765,0.781,1.582,ON,0,OFF,ON,ON,0.996,0.988,-0.008,-0.027,3.283,3.254,0,97,51199.219,14.042,32.157,OFF,OFF,OFF,OFF,OFF,OFF,OFF,OFF,Avail,Incmpl,Incmpl,Enable,Avail,364.200,44.200,364.200,44.200,ON,Avail,Compl,Enable,25,0,0,0,0,0,0,6,A,0,0,Avail,Incmpl,Incmpl,Enable,OFF,OFF,46,1421,51199.219,51199.219,51199.219,51199.219,51199.219,51199.219,1GRFE ,0,Avail,Incmpl,Incmpl,Enable,0,OFF,OFF,OFF,OFF,ON,ON,Avail,Compl,Enable,Compl,CL,CL,Compl,Unable,Not Avl,Compl,Incmpl,Enable,OFF,0,21,384,ON,13.750,15,0.160,3207,13,21,-3,OFF,0,0,11.600,OFF,0,0,-3,Avail,Compl,Enable,0,GRN2#  ,2011,ON,0,Not Act,Not Act,0,0,0.015,0,21247.676,21247.676,Avail,Incmpl,Avail,Incmpl,Incmpl,Enable,OBD II (California ARB),OFF,OFF,0,0,OFF,0,OFF,1st,OFF,OFF,OFF,OFF,OFF,OFF,-6.250,-3.906,ON,OFF,1350,0,OFF,OFF,OFF,ON,Gasoline,1.055,OFF,OFF,0.684,ON,0.234,18.431,0,6,0.918,0.918,2.539,0.918,0.918,2.031,50.980,0,18.431,2,0,0,OFF,ECT 5th,NA,OFF,97.878,97.878,20.392,0,Not Avl,0,0,0,0,ON,ON,0,0,0
17,0,14.277,Not Avl,Compl,Compl,Unable,ON,Not Avl,Compl,Compl,Unable,OFF,39.062,38.281,16.875,15,19.531,39.551,15.686,31.765,0.781,1.582,ON,0,OFF,ON,ON,0.996,0.988,-0.027,-0.027,3.283,3.254,0,97,51199.219,14.042,32.157,OFF,OFF,OFF,OFF,OFF,OFF,OFF,OFF,Avail,Incmpl,Incmpl,Enable,Avail,364.200,44.200,364.200,44.200,ON,Avail,Compl,Enable,25,0,0,0,0,0,0,6,A,0,0,Avail,Incmpl,Incmpl,Enable,OFF,OFF,46,1421,51199.219,51199.219,51199.219,51199.219,51199.219,51199.219,1GRFE ,0,Avail,Incmpl,Incmpl,Enable,0,OFF,OFF,OFF,OFF,ON,ON,Avail,Compl,Enable,Compl,CL,CL,Compl,Unable,Not Avl,Compl,Incmpl,Enable,OFF,0,21,384,ON,13.750,15,0.160,3207,13,21,-3,OFF,0,0,11.600,OFF,0,0,-3,Avail,Compl,Enable,0,GRN2#  ,2011,ON,0,Not Act,Not Act,0,0,0.015,0,21247.676,21247.676,Avail,Incmpl,Avail,Incmpl,Incmpl,Enable,OBD II (California ARB),OFF,OFF,0,0,OFF,0,OFF,1st,OFF,OFF,OFF,OFF,OFF,OFF,-6.250,-3.906,ON,OFF,1350,0,OFF,OFF,OFF,ON,Gasoline,1.055,OFF,OFF,0.684,ON,0.234,18.431,0,6,0.918,0.918,2.539,0.918,0.918,2.031,50.980,0,18.431,2,0,0,OFF,ECT 5th,NA,OFF,97.878,97.878,20.392,0,Not Avl,0,0,0,0,ON,ON,0,0,0
18,0,14.277,Not Avl,Compl,Compl,Unable,ON,Not Avl,Compl,Compl,Unable,OFF,39.062,38.281,16.875,15,19.531,39.551,15.686,31.765,0.781,1.582,ON,0,OFF,ON,ON,0.996,0.988,-0.027,-0.062,3.283,3.254,0,97,51199.219,14.042,32.157,OFF,OFF,OFF,OFF,OFF,OFF,OFF,OFF,Avail,Incmpl,Incmpl,Enable,Avail,364.200,44.200,364.200,44.200,ON,Avail,Compl,Enable,25,0,0,0,0,0,0,6,A,0,0,Avail,Incmpl,Incmpl,Enable,OFF,OFF,46,1421,51199.219,51199.219,51199.219,51199.219,51199.219,51199.219,1GRFE ,0,Avail,Incmpl,Incmpl,Enable,0,OFF,OFF,OFF,OFF,ON,ON,Avail,Compl,Enable,Compl,CL,CL,Compl,Unable,Not Avl,Compl,Incmpl,Enable,OFF,0,21,384,ON,13.750,15,0.160,3207,13,21,-3,OFF,0,0,11.600,OFF,0,0,-3,Avail,Compl,Enable,0,GRN2#  ,2011,ON,0,Not Act,Not Act,0,0,0.015,0,21247.676,21247.676,Avail,Incmpl,Avail,Incmpl,Incmpl,Enable,OBD II (California ARB),OFF,OFF,0,0,OFF,0,OFF,1st,OFF,OFF,OFF,OFF,OFF,OFF,-6.250,-3.906,ON,OFF,1350,0,OFF,OFF,OFF,ON,Gasoline,1.055,OFF,OFF,0.684,ON,0.234,18.431,0,6,0.918,0.918,2.539,0.918,0.918,2.031,50.980,0,18.431,2,0,0,OFF,ECT 5th,NA,OFF,97.878,97.878,20.392,0,Not Avl,0,0,0,0,ON,ON,0,0,0
19,0,14.277,Not Avl,Compl,Compl,Unable,ON,Not Avl,Compl,Compl,Unable,OFF,39.062,38.281,16.875,15,19.531,39.551,15.686,31.765,0.781,1.582,ON,0,OFF,ON,ON,0.996,0.988,-0.027,-0.062,3.269,3.254,0,97,51199.219,14.042,32.157,OFF,OFF,OFF,OFF,OFF,OFF,OFF,OFF,Avail,Incmpl,Incmpl,Enable,Avail,364.200,44.200,364.200,44.200,ON,Avail,Compl,Enable,25,0,0,0,0,0,0,6,A,0,0,Avail,Incmpl,Incmpl,Enable,OFF,OFF,46,1421,51199.219,51199.219,51199.219,51199.219,51199.219,51199.219,1GRFE ,0,Avail,Incmpl,Incmpl,Enable,0,OFF,OFF,OFF,OFF,ON,ON,Avail,Compl,Enable,Compl,CL,CL,Compl,Unable,Not Avl,Compl,Incmpl,Enable,OFF,0,21,384,ON,13.750,15,0.160,3207,13,21,-3,OFF,0,0,11.600,OFF,0,0,-3,Avail,Compl,Enable,0,GRN2#  ,2011,ON,0,Not Act,Not Act,0,0,0.015,0,21247.676,21247.676,Avail,Incmpl,Avail,Incmpl,Incmpl,Enable,OBD II (California ARB),OFF,OFF,0,0,OFF,0,OFF,1st,OFF,OFF,OFF,OFF,OFF,OFF,-6.250,-3.906,ON,OFF,1350,0,OFF,OFF,OFF,ON,Gasoline,1.055,OFF,OFF,0.684,ON,0.234,18.431,0,6,0.918,0.918,2.539,0.918,0.918,2.031,50.980,0,18.431,2,0,0,OFF,ECT 5th,NA,OFF,97.878,97.878,20.392,0,Not Avl,0,0,0,0,ON,ON,0,0,0
20,0,14.277,Not Avl,Compl,Compl,Unable,ON,Not Avl,Compl,Compl,Unable,OFF,39.062,38.281,16.875,15,19.531,39.551,15.686,31.765,0.781,1.582,ON,0,OFF,ON,ON,0.996,0.988,-0.027,-0.062,3.269,3.308,0,97,51199.219,14.042,32.157,OFF,OFF,OFF,OFF,OFF,OFF,OFF,OFF,Avail,Incmpl,Incmpl,Enable,Avail,364.200,44.200,364.200,44.200,ON,Avail,Compl,Enable,25,0,0,0,0,0,0,6,A,0,0,Avail,Incmpl,Incmpl,Enable,OFF,OFF,46,1421,51199.219,51199.219,51199.219,51199.219,51199.219,51199.219,1GRFE ,0,Avail,Incmpl,Incmpl,Enable,0,OFF,OFF,OFF,OFF,ON,ON,Avail,Compl,Enable,Compl,CL,CL,Compl,Unable,Not Avl,Compl,Incmpl,Enable,OFF,0,21,384,ON,13.750,15,0.160,3207,13,21,-3,OFF,0,0,11.600,OFF,0,0,-3,Avail,Compl,Enable,0,GRN2#  ,2011,ON,0,Not Act,Not Act,0,0,0.015,0,21247.676,21247.676,Avail,Incmpl,Avail,Incmpl,Incmpl,Enable,OBD II (California ARB),OFF,OFF,0,0,OFF,0,OFF,1st,OFF,OFF,OFF,OFF,OFF,OFF,-6.250,-3.906,ON,OFF,1350,0,OFF,OFF,OFF,ON,Gasoline,1.055,OFF,OFF,0.684,ON,0.234,18.431,0,6,0.918,0.918,2.539,0.918,0.918,2.031,50.980,0,18.431,2,0,0,OFF,ECT 5th,NA,OFF,97.878,97.878,20.392,0,Not Avl,0,0,0,0,ON,ON,0,0,0
21,0,14.277,Not Avl,Compl,Compl,Unable,ON,Not Avl,Compl,Compl,Unable,OFF,39.062,38.281,16.875,15,19.531,39.551,15.686,31.765,0.781,1.582,ON,0,OFF,ON,ON,0.996,0.988,-0.027,-0.062,3.269,3.308,0,97,51199.219,14.042,32.157,OFF,OFF,OFF,OFF,OFF,OFF,OFF,OFF,Avail,Incmpl,Incmpl,Enable,Avail,364.200,44.200,364.200,44.200,ON,Avail,Compl,Enable,25,0,0,0,0,0,0,6,A,0,0,Avail,Incmpl,Incmpl,Enable,OFF,OFF,46,1421,51199.219,51199.219,51199.219,51199.219,51199.219,51199.219,1GRFE ,0,Avail,Incmpl,Incmpl,Enable,0,OFF,OFF,OFF,OFF,ON,ON,Avail,Compl,Enable,Compl,CL,CL,Compl,Unable,Not Avl,Compl,Incmpl,Enable,OFF,0,21,384,ON,13.750,15,0.160,3207,13,21,-3,OFF,0,0,11.600,OFF,0,0,-3,Avail,Compl,Enable,0,GRN2#  ,2011,ON,0,Not Act,Not Act,0,0,0.015,0,21247.676,21247.676,Avail,Incmpl,Avail,Incmpl,Incmpl,Enable,OBD II (California ARB),OFF,OFF,0,0,OFF,0,OFF,1st,OFF,OFF,OFF,OFF,OFF,OFF,-6.250,-3.906,ON,OFF,1350,0,OFF,OFF,OFF,ON,Gasoline,1.055,OFF,OFF,0.684,ON,0.234,18.431,0,6,0.918,0.918,2.539,0.918,0.918,2.031,50.980,0,18.431,2,0,0,OFF,ECT 5th,NA,OFF,97.878,97.878,20.392,0,Not Avl,0,0,0,0,ON,ON,0,0,0
22,0,14.277,Not Avl,Compl,Compl,Unable,ON,Not Avl,Compl,Compl,Unable,OFF,39.062,38.281,16.875,15,19.531,39.551,15.686,31.765,0.781,1.582,ON,0,OFF,ON,ON,0.996,0.988,-0.027,-0.062,3.269,3.308,0,97,51199.219,14.042,32.157,OFF,OFF,OFF,OFF,OFF,OFF,OFF,OFF,Avail,Incmpl,Incmpl,Enable,Avail,364.200,44.200,364.200,44.200,ON,Avail,Compl,Enable,25,0,0,0,0,0,0,6,A,0,0,Avail,Incmpl,Incmpl,Enable,OFF,OFF,46,1421,51199.219,51199.219,51199.219,51199.219,51199.219,51199.219,1GRFE ,0,Avail,Incmpl,Incmpl,Enable,0,OFF,OFF,OFF,OFF,ON,ON,Avail,Compl,Enable,Compl,CL,CL,Compl,Unable,Not Avl,Compl,Incmpl,Enable,OFF,0,21,384,ON,13.750,15,0.160,3207,13,21,-3,OFF,0,0,11.600,OFF,0,0,-3,Avail,Compl,Enable,0,GRN2#  ,2011,ON,0,Not Act,Not Act,0,0,0.015,0,21247.676,21247.676,Avail,Incmpl,Avail,Incmpl,Incmpl,Enable,OBD II (California ARB),OFF,OFF,0,0,OFF,0,OFF,1st,OFF,OFF,OFF,OFF,OFF,OFF,-6.250,-3.906,ON,OFF,1350,0,OFF,OFF,OFF,ON,Gasoline,1.055,OFF,OFF,0.684,ON,0.234,18.431,0,6,0.918,0.918,2.539,0.918,0.918,2.031,50.980,0,18.431,2,0,0,OFF,ECT 5th,NA,OFF,97.878,97.878,20.392,0,Not Avl,0,0,0,0,ON,ON,0,0,0
23,0,14.277,Not Avl,Compl,Compl,Unable,ON,Not Avl,Compl,Compl,Unable,OFF,39.062,38.281,16.875,15,19.531,39.551,15.686,31.765,0.781,1.582,ON,0,OFF,ON,ON,0.996,0.988,-0.027,-0.062,3.269,3.308,0,97,51199.219,14.042,32.157,OFF,OFF,OFF,OFF,OFF,OFF,OFF,OFF,Avail,Incmpl,Incmpl,Enable,Avail,364.200,44.200,364.200,44.200,ON,Avail,Compl,Enable,25,0,0,0,0,0,0,6,A,0,0,Avail,Incmpl,Incmpl,Enable,OFF,OFF,46,1421,51199.219,51199.219,51199.219,51199.219,51199.219,51199.219,1GRFE ,0,Avail,Incmpl,Incmpl,Enable,0,OFF,OFF,OFF,OFF,ON,ON,Avail,Compl,Enable,Compl,CL,CL,Compl,Unable,Not Avl,Compl,Incmpl,Enable,OFF,0,21,384,ON,13.750,15,0.160,3207,13,21,-3,OFF,0,0,11.600,OFF,0,0,-3,Avail,Compl,Enable,0,GRN2#  ,2011,ON,0,Not Act,Not Act,0,0,0.015,0,21247.676,21247.676,Avail,Incmpl,Avail,Incmpl,Incmpl,Enable,OBD II (California ARB),OFF,OFF,0,0,OFF,0,OFF,1st,OFF,OFF,OFF,OFF,OFF,OFF,-6.250,-3.906,ON,OFF,1350,0,OFF,OFF,OFF,ON,Gasoline,1.055,OFF,OFF,0.684,ON,0.234,18.431,0,6,0.918,0.918,2.539,0.918,0.918,2.031,50.980,0,18.431,2,0,0,OFF,ECT 5th,NA,OFF,97.878,97.878,20.392,0,Not Avl,0,0,0,0,ON,ON,0,0,0
24,0,14.277,Not Avl,Compl,Compl,Unable,ON,Not Avl,Compl,Compl,Unable,OFF,39.062,38.281,16.875,15,19.531,39.551,15.686,31.765,0.781,1.582,ON,0,OFF,ON,ON,0.996,0.988,-0.027,-0.062,3.269,3.308,0,97,51199.219,14.042,32.157,OFF,OFF,OFF,OFF,OFF,OFF,OFF,OFF,Avail,Incmpl,Incmpl,Enable,Avail,364.200,44.200,364.200,44.200,ON,Avail,Compl,Enable,25,0,0,0,0,0,0,6,A,0,0,Avail,Incmpl,Incmpl,Enable,OFF,OFF,46,1421,51199.219,51199.219,51199.219,51199.219,51199.219,51199.219,1GRFE ,0,Avail,Incmpl,Incmpl,Enable,0,OFF,OFF,OFF,OFF,ON,ON,Avail,Compl,Enable,Compl,CL,CL,Compl,Unable,Not Avl,Compl,Incmpl,Enable,OFF,0,21,384,ON,13.750,15,0.160,3207,13,21,-3,OFF,0,0,11.600,OFF,0,0,-3,Avail,Compl,Enable,0,GRN2#  ,2011,ON,0,Not Act,Not Act,0,0,0.015,0,21247.676,21247.676,Avail,Incmpl,Avail,Incmpl,Incmpl,Enable,OBD II (California ARB),OFF,OFF,0,0,OFF,0,OFF,1st,OFF,OFF,OFF,OFF,OFF,OFF,-6.250,-3.906,ON,OFF,1350,0,OFF,OFF,OFF,ON,Gasoline,1.055,OFF,OFF,0.684,ON,0.234,18.431,0,6,0.918,0.918,2.539,0.918,0.918,2.031,50.980,0,18.431,2,0,0,OFF,ECT 5th,NA,OFF,97.878,97.878,20.392,0,Not Avl,0,0,0,0,ON,ON,0,0,0
25,0,14.277,Not Avl,Compl,Compl,Unable,ON,Not Avl,Compl,Compl,Unable,OFF,39.062,38.281,16.875,15,19.531,39.551,15.686,31.765,0.781,1.582,ON,0,OFF,ON,ON,0.996,0.988,-0.027,-0.062,3.269,3.308,0,97,51199.219,14.042,31.373,OFF,OFF,OFF,OFF,OFF,OFF,OFF,OFF,Avail,Incmpl,Incmpl,Enable,Avail,364.200,44.200,364.200,44.200,ON,Avail,Compl,Enable,25,0,0,0,0,0,0,6,A,0,0,Avail,Incmpl,Incmpl,Enable,OFF,OFF,46,1421,51199.219,51199.219,51199.219,51199.219,51199.219,51199.219,1GRFE ,0,Avail,Incmpl,Incmpl,Enable,0,OFF,OFF,OFF,OFF,ON,ON,Avail,Compl,Enable,Compl,CL,CL,Compl,Unable,Not Avl,Compl,Incmpl,Enable,OFF,0,21,384,ON,13.750,15,0.160,3207,13,21,-3,OFF,0,0,11.600,OFF,0,0,-3,Avail,Compl,Enable,0,GRN2#  ,2011,ON,0,Not Act,Not Act,0,0,0.015,0,21247.676,21247.676,Avail,Incmpl,Avail,Incmpl,Incmpl,Enable,OBD II (California ARB),OFF,OFF,0,0,OFF,0,OFF,1st,OFF,OFF,OFF,OFF,OFF,OFF,-6.250,-3.906,ON,OFF,1350,0,OFF,OFF,OFF,ON,Gasoline,1.055,OFF,OFF,0.684,ON,0.234,18.431,0,6,0.918,0.918,2.539,0.918,0.918,2.031,50.980,0,18.431,2,0,0,OFF,ECT 5th,NA,OFF,97.878,97.878,20.392,0,Not Avl,0,0,0,0,ON,ON,0,0,0
26,0,14.277,Not Avl,Compl,Compl,Unable,ON,Not Avl,Compl,Compl,Unable,OFF,39.062,38.281,16.875,15,19.531,39.551,15.686,31.765,0.781,1.582,ON,0,OFF,ON,ON,0.996,0.988,-0.027,-0.062,3.269,3.308,0,97,51199.219,14.042,31.373,OFF,OFF,OFF,OFF,OFF,OFF,OFF,OFF,Avail,Incmpl,Incmpl,Enable,Avail,364.200,44.200,364.200,44.200,ON,Avail,Compl,Enable,25,0,0,0,0,0,0,6,A,0,0,Avail,Incmpl,Incmpl,Enable,OFF,OFF,46,1421,51199.219,51199.219,51199.219,51199.219,51199.219,51199.219,1GRFE ,0,Avail,Incmpl,Incmpl,Enable,0,OFF,OFF,OFF,OFF,ON,ON,Avail,Compl,Enable,Compl,CL,CL,Compl,Unable,Not Avl,Compl,Incmpl,Enable,OFF,0,21,384,ON,13.750,15,0.160,3207,13,21,-3,OFF,0,0,11.600,OFF,0,0,-3,Avail,Compl,Enable,0,GRN2#  ,2011,ON,0,Not Act,Not Act,0,0,0.015,0,21247.676,21247.676,Avail,Incmpl,Avail,Incmpl,Incmpl,Enable,OBD II (California ARB),OFF,OFF,0,0,OFF,0,OFF,1st,OFF,OFF,OFF,OFF,OFF,OFF,-6.250,-3.906,ON,OFF,1350,0,OFF,OFF,OFF,ON,Gasoline,1.055,OFF,OFF,0.684,ON,0.234,18.431,0,6,0.918,0.918,2.539,0.918,0.918,2.031,50.980,0,18.431,2,0,0,OFF,ECT 5th,NA,OFF,97.878,97.878,20.392,0,Not Avl,0,0,0,0,ON,ON,0,0,0
27,0,14.277,Not Avl,Compl,Compl,Unable,ON,Not Avl,Compl,Compl,Unable,OFF,39.062,38.281,16.875,15,19.531,39.551,15.686,31.765,0.781,1.582,ON,0,OFF,ON,ON,0.996,0.988,-0.027,-0.062,3.269,3.308,0,97,51199.219,14.042,31.373,OFF,OFF,OFF,OFF,OFF,OFF,OFF,OFF,Avail,Incmpl,Incmpl,Enable,Avail,364.200,44.200,364.200,44.200,ON,Avail,Compl,Enable,25,0,0,0,0,0,0,6,A,0,0,Avail,Incmpl,Incmpl,Enable,OFF,OFF,46,1421,51199.219,51199.219,51199.219,51199.219,51199.219,51199.219,1GRFE ,0,Avail,Incmpl,Incmpl,Enable,0,OFF,OFF,OFF,OFF,ON,ON,Avail,Compl,Enable,Compl,CL,CL,Compl,Unable,Not Avl,Compl,Incmpl,Enable,OFF,0,21,384,ON,13.750,15,0.160,3207,13,21,-3,OFF,0,0,11.600,OFF,0,0,-3,Avail,Compl,Enable,0,GRN2#  ,2011,ON,0,Not Act,Not Act,0,0,0.015,0,21247.676,21247.676,Avail,Incmpl,Avail,Incmpl,Incmpl,Enable,OBD II (California ARB),OFF,OFF,0,0,OFF,0,OFF,1st,OFF,OFF,OFF,OFF,OFF,OFF,-6.250,-3.906,ON,OFF,1350,0,OFF,OFF,OFF,ON,Gasoline,1.055,OFF,OFF,0.684,ON,0.234,18.431,0,6,0.918,0.918,2.539,0.918,0.918,2.031,50.980,0,18.431,2,0,0,OFF,ECT 5th,NA,OFF,97.878,97.878,20.392,0,Not Avl,0,0,0,0,ON,ON,0,0,0
28,0,14.277,Not Avl,Compl,Compl,Unable,ON,Not Avl,Compl,Compl,Unable,OFF,39.062,38.281,16.875,15,19.531,39.551,15.686,31.765,0.781,1.582,ON,0,OFF,ON,ON,0.996,0.988,-0.027,-0.062,3.269,3.308,0,97,51199.219,14.042,31.373,OFF,OFF,OFF,OFF,OFF,OFF,OFF,OFF,Avail,Incmpl,Incmpl,Enable,Avail,364.200,44.200,364.200,44.200,ON,Avail,Compl,Enable,25,0,0,0,0,0,0,6,A,0,0,Avail,Incmpl,Incmpl,Enable,OFF,OFF,46,1421,51199.219,51199.219,51199.219,51199.219,51199.219,51199.219,1GRFE ,0,Avail,Incmpl,Incmpl,Enable,0,OFF,OFF,OFF,OFF,ON,ON,Avail,Compl,Enable,Compl,CL,CL,Compl,Unable,Not Avl,Compl,Incmpl,Enable,OFF,0,21,384,ON,13.750,15,0.160,3207,13,21,-3,OFF,0,0,11.600,OFF,0,0,-3,Avail,Compl,Enable,0,GRN2#  ,2011,ON,0,Not Act,Not Act,0,0,0.015,0,21247.676,21247.676,Avail,Incmpl,Avail,Incmpl,Incmpl,Enable,OBD II (California ARB),OFF,OFF,0,0,OFF,0,OFF,1st,OFF,OFF,OFF,OFF,OFF,OFF,-6.250,-3.906,ON,OFF,1350,0,OFF,OFF,OFF,ON,Gasoline,1.055,OFF,OFF,0.684,ON,0.234,18.431,0,6,0.918,0.918,2.539,0.918,0.918,2.031,50.980,0,18.431,2,0,0,OFF,ECT 5th,NA,OFF,97.878,97.878,20.392,0,Not Avl,0,0,0,0,ON,ON,0,0,0
29,0,14.277,Not Avl,Compl,Compl,Unable,ON,Not Avl,Compl,Compl,Unable,OFF,39.062,38.281,16.875,15,19.531,39.551,15.686,31.765,0.781,1.582,ON,0,OFF,ON,ON,0.996,0.988,-0.027,-0.062,3.269,3.308,0,97,51199.219,14.042,31.373,OFF,OFF,OFF,OFF,OFF,OFF,OFF,OFF,Avail,Incmpl,Incmpl,Enable,Avail,364.200,44.200,364.200,44.200,ON,Avail,Compl,Enable,25,0,0,0,0,0,0,6,A,0,0,Avail,Incmpl,Incmpl,Enable,OFF,OFF,46,1421,51199.219,51199.219,51199.219,51199.219,51199.219,51199.219,1GRFE ,0,Avail,Incmpl,Incmpl,Enable,0,OFF,OFF,OFF,OFF,ON,ON,Avail,Compl,Enable,Compl,CL,CL,Compl,Unable,Not Avl,Compl,Incmpl,Enable,OFF,0,21,384,ON,13.750,15,0.160,3207,13,21,-3,OFF,0,0,11.600,OFF,0,0,-3,Avail,Compl,Enable,0,GRN2#  ,2011,ON,0,Not Act,Not Act,0,0,0.015,0,21247.676,21247.676,Avail,Incmpl,Avail,Incmpl,Incmpl,Enable,OBD II (California ARB),OFF,OFF,0,0,OFF,0,OFF,1st,OFF,OFF,OFF,OFF,OFF,OFF,-6.250,-3.906,ON,OFF,1350,0,OFF,OFF,OFF,ON,Gasoline,1.055,OFF,OFF,0.684,ON,0.234,18.431,0,6,0.918,0.918,2.539,0.918,0.918,2.031,50.980,0,18.431,2,0,0,OFF,ECT 5th,NA,OFF,97.878,97.878,20.392,0,Not Avl,0,0,0,0,ON,ON,0,0,0
30,0,14.277,Not Avl,Compl,Compl,Unable,ON,Not Avl,Compl,Compl,Unable,OFF,39.062,38.281,16.875,15,19.531,39.551,15.686,31.765,0.781,1.582,ON,0,OFF,ON,ON,0.996,0.988,-0.027,-0.062,3.269,3.308,0,97,51199.219,14.042,31.373,OFF,OFF,OFF,OFF,OFF,OFF,OFF,OFF,Avail,Incmpl,Incmpl,Enable,Avail,364.200,44.200,364.200,44.200,ON,Avail,Compl,Enable,25,0,0,0,0,0,0,6,A,0,0,Avail,Incmpl,Incmpl,Enable,OFF,OFF,46,1421,51199.219,51199.219,51199.219,51199.219,51199.219,51199.219,1GRFE ,0,Avail,Incmpl,Incmpl,Enable,0,OFF,OFF,OFF,OFF,ON,ON,Avail,Compl,Enable,Compl,CL,CL,Compl,Unable,Not Avl,Compl,Incmpl,Enable,OFF,0,21,384,ON,13.750,15,0.160,3207,13,21,-3,OFF,0,0,11.600,OFF,0,0,-3,Avail,Compl,Enable,0,GRN2#  ,2011,ON,0,Not Act,Not Act,0,0,0.015,0,21247.676,21247.676,Avail,Incmpl,Avail,Incmpl,Incmpl,Enable,OBD II (California ARB),OFF,OFF,0,0,OFF,0,OFF,1st,OFF,OFF,OFF,OFF,OFF,OFF,-6.250,-3.906,ON,OFF,1350,0,OFF,OFF,OFF,ON,Gasoline,1.055,OFF,OFF,0.684,ON,0.234,18.431,0,6,0.918,0.918,2.539,0.918,0.918,2.031,50.980,0,18.431,2,0,0,OFF,ECT 5th,NA,OFF,97.878,97.878,20.392,0,Not Avl,0,0,0,0,ON,ON,0,0,0
31,0,14.277,Not Avl,Compl,Compl,Unable,ON,Not Avl,Compl,Compl,Unable,OFF,39.062,38.281,16.875,15,19.531,39.551,15.686,31.765,0.781,1.582,ON,0,OFF,ON,ON,0.996,0.988,-0.027,-0.062,3.269,3.308,0,97,51199.219,14.042,31.373,OFF,OFF,OFF,OFF,OFF,OFF,OFF,OFF,Avail,Incmpl,Incmpl,Enable,Avail,364.200,44.200,364.200,44.200,ON,Avail,Compl,Enable,25,0,0,0,0,0,0,6,A,0,0,Avail,Incmpl,Incmpl,Enable,OFF,OFF,46,1421,51199.219,51199.219,51199.219,51199.219,51199.219,51199.219,1GRFE ,0,Avail,Incmpl,Incmpl,Enable,0,OFF,OFF,OFF,OFF,ON,ON,Avail,Compl,Enable,Compl,CL,CL,Compl,Unable,Not Avl,Compl,Incmpl,Enable,OFF,0,21,384,ON,13.750,15,0.160,3207,13,21,-3,OFF,0,0,11.600,OFF,0,0,-3,Avail,Compl,Enable,0,GRN2#  ,2011,ON,0,Not Act,Not Act,0,0,0.015,0,21247.676,21247.676,Avail,Incmpl,Avail,Incmpl,Incmpl,Enable,OBD II (California ARB),OFF,OFF,0,0,OFF,0,OFF,1st,OFF,OFF,OFF,OFF,OFF,OFF,-6.250,-3.906,ON,OFF,1350,0,OFF,OFF,OFF,ON,Gasoline,1.055,OFF,OFF,0.684,ON,0.234,18.431,0,6,0.918,0.918,2.539,0.918,0.918,2.031,50.980,0,18.431,2,0,0,OFF,ECT 5th,NA,OFF,97.878,97.878,20.392,0,Not Avl,0,0,0,0,ON,ON,0,0,0
32,0,14.277,Not Avl,Compl,Compl,Unable,ON,Not Avl,Compl,Compl,Unable,OFF,39.062,38.281,16.875,15,19.531,39.551,15.686,31.765,0.781,1.582,ON,0,OFF,ON,ON,0.996,0.988,-0.027,-0.062,3.269,3.308,0,97,51199.219,14.042,31.373,OFF,OFF,OFF,OFF,OFF,OFF,OFF,OFF,Avail,Incmpl,Incmpl,Enable,Avail,364.200,44.200,364.200,44.200,ON,Avail,Compl,Enable,25,0,0,0,0,0,0,6,A,0,0,Avail,Incmpl,Incmpl,Enable,OFF,OFF,46,1421,51199.219,51199.219,51199.219,51199.219,51199.219,51199.219,1GRFE ,0,Avail,Incmpl,Incmpl,Enable,0,OFF,OFF,OFF,OFF,ON,ON,Avail,Compl,Enable,Compl,CL,CL,Compl,Unable,Not Avl,Compl,Incmpl,Enable,OFF,0,21,384,ON,13.750,15,0.160,3207,13,21,-3,OFF,0,0,11.600,OFF,0,0,-3,Avail,Compl,Enable,0,GRN2#  ,2011,ON,0,Not Act,Not Act,0,0,0.015,0,21247.676,21247.676,Avail,Incmpl,Avail,Incmpl,Incmpl,Enable,OBD II (California ARB),OFF,OFF,0,0,OFF,0,OFF,1st,OFF,OFF,OFF,OFF,OFF,OFF,-6.250,-3.906,ON,OFF,1350,0,OFF,OFF,OFF,ON,Gasoline,1.055,OFF,OFF,0.684,ON,0.234,18.431,0,6,0.918,0.918,2.539,0.918,0.918,2.031,50.980,0,18.431,2,0,0,OFF,ECT 5th,NA,OFF,97.878,97.878,20.392,0,Not Avl,0,0,0,0,ON,ON,0,0,0
33,0,14.277,Not Avl,Compl,Compl,Unable,ON,Not Avl,Compl,Compl,Unable,OFF,39.062,38.281,16.875,15,19.531,39.551,15.686,31.765,0.781,1.582,ON,0,OFF,ON,ON,0.996,0.988,-0.027,-0.062,3.269,3.308,0,97,51199.219,14.042,31.373,OFF,OFF,OFF,OFF,OFF,OFF,OFF,OFF,Avail,Incmpl,Incmpl,Enable,Avail,364.200,44.200,364.200,44.200,ON,Avail,Compl,Enable,25,0,0,0,0,0,0,6,A,0,0,Avail,Incmpl,Incmpl,Enable,OFF,OFF,46,1421,51199.219,51199.219,51199.219,51199.219,51199.219,51199.219,1GRFE ,0,Avail,Incmpl,Incmpl,Enable,0,OFF,OFF,OFF,OFF,ON,ON,Avail,Compl,Enable,Compl,CL,CL,Compl,Unable,Not Avl,Compl,Incmpl,Enable,OFF,0,21,384,ON,13.750,15,0.160,3207,13,21,-3,OFF,0,0,11.600,OFF,0,0,-3,Avail,Compl,Enable,0,GRN2#  ,2011,ON,0,Not Act,Not Act,0,0,0.015,0,21247.676,21247.676,Avail,Incmpl,Avail,Incmpl,Incmpl,Enable,OBD II (California ARB),OFF,OFF,0,0,OFF,0,OFF,1st,OFF,OFF,OFF,OFF,OFF,OFF,-6.250,-3.906,ON,OFF,1350,0,OFF,OFF,OFF,ON,Gasoline,1.055,OFF,OFF,0.684,ON,0.234,18.431,0,6,0.918,0.918,2.539,0.918,0.918,2.031,50.980,0,18.431,2,0,0,OFF,ECT 5th,NA,OFF,97.878,97.878,20.392,0,Not Avl,0,0,0,0,ON,ON,0,0,0
34,0,14.277,Not Avl,Compl,Compl,Unable,ON,Not Avl,Compl,Compl,Unable,OFF,39.062,38.281,16.875,15,19.531,39.551,15.686,31.765,0.781,1.582,ON,0,OFF,ON,ON,0.996,0.988,-0.027,-0.062,3.269,3.308,0,97,51199.219,14.042,31.373,OFF,OFF,OFF,OFF,OFF,OFF,OFF,OFF,Avail,Incmpl,Incmpl,Enable,Avail,364.200,44.200,364.200,44.200,ON,Avail,Compl,Enable,25,0,0,0,0,0,0,6,A,0,0,Avail,Incmpl,Incmpl,Enable,OFF,OFF,46,1421,51199.219,51199.219,51199.219,51199.219,51199.219,51199.219,1GRFE ,0,Avail,Incmpl,Incmpl,Enable,0,OFF,OFF,OFF,OFF,ON,ON,Avail,Compl,Enable,Compl,CL,CL,Compl,Unable,Not Avl,Compl,Incmpl,Enable,OFF,0,21,384,ON,13.750,15,0.160,3207,13,21,-3,OFF,0,0,11.600,OFF,0,0,-3,Avail,Compl,Enable,0,GRN2#  ,2011,ON,0,Not Act,Not Act,0,0,0.015,0,21247.676,21247.676,Avail,Incmpl,Avail,Incmpl,Incmpl,Enable,OBD II (California ARB),OFF,OFF,0,0,OFF,0,OFF,1st,OFF,OFF,OFF,OFF,OFF,OFF,-6.250,-3.906,ON,OFF,1350,0,OFF,OFF,OFF,ON,Gasoline,1.055,OFF,OFF,0.684,ON,0.234,18.431,0,6,0.918,0.918,2.539,0.918,0.918,2.031,50.980,0,18.431,2,0,0,OFF,ECT 5th,NA,OFF,97.878,97.878,20.392,0,Not Avl,0,0,0,0,ON,ON,0,0,0
35,0,14.277,Not Avl,Compl,Compl,Unable,ON,Not Avl,Compl,Compl,Unable,OFF,39.062,38.281,16.875,15,19.531,39.551,15.686,31.765,0.781,1.582,ON,0,OFF,ON,ON,0.996,0.988,-0.027,-0.062,3.269,3.308,0,97,51199.219,14.042,31.373,OFF,OFF,OFF,OFF,OFF,OFF,OFF,OFF,Avail,Incmpl,Incmpl,Enable,Avail,364.200,44.200,364.200,44.200,ON,Avail,Compl,Enable,25,0,0,0,0,0,0,6,A,0,0,Avail,Incmpl,Incmpl,Enable,OFF,OFF,46,1421,51199.219,51199.219,51199.219,51199.219,51199.219,51199.219,1GRFE ,0,Avail,Incmpl,Incmpl,Enable,0,OFF,OFF,OFF,OFF,ON,ON,Avail,Compl,Enable,Compl,CL,CL,Compl,Unable,Not Avl,Compl,Incmpl,Enable,OFF,0,21,384,ON,13.750,15,0.160,3207,13,21,-3,OFF,0,0,11.600,OFF,0,0,-3,Avail,Compl,Enable,0,GRN2#  ,2011,ON,0,Not Act,Not Act,0,0,0.015,0,21247.676,21247.676,Avail,Incmpl,Avail,Incmpl,Incmpl,Enable,OBD II (California ARB),OFF,OFF,0,0,OFF,0,OFF,1st,OFF,OFF,OFF,OFF,OFF,OFF,-6.250,-3.906,ON,OFF,1350,0,OFF,OFF,OFF,ON,Gasoline,1.055,OFF,OFF,0.684,ON,0.234,18.431,0,6,0.918,0.918,2.539,0.918,0.918,2.031,50.980,0,18.431,2,0,0,OFF,ECT 5th,NA,OFF,97.878,97.878,20.392,0,Not Avl,0,0,0,0,ON,ON,0,0,0
36,0,14.277,Not Avl,Compl,Compl,Unable,ON,Not Avl,Compl,Compl,Unable,OFF,39.062,38.281,16.875,15,19.531,39.551,15.686,31.765,0.781,1.582,ON,0,OFF,ON,ON,0.996,0.988,-0.027,-0.062,3.269,3.308,0,97,51199.219,14.042,31.373,OFF,OFF,OFF,OFF,OFF,OFF,OFF,OFF,Avail,Incmpl,Incmpl,Enable,Avail,364.200,44.200,364.200,44.200,ON,Avail,Compl,Enable,25,0,0,0,0,0,0,6,A,0,0,Avail,Incmpl,Incmpl,Enable,OFF,OFF,46,1421,51199.219,51199.219,51199.219,51199.219,51199.219,51199.219,1GRFE ,0,Avail,Incmpl,Incmpl,Enable,0,OFF,OFF,OFF,OFF,ON,ON,Avail,Compl,Enable,Compl,CL,CL,Compl,Unable,Not Avl,Compl,Incmpl,Enable,OFF,0,21,384,ON,13.750,15,0.160,3207,13,21,-3,OFF,0,0,11.600,OFF,0,0,-3,Avail,Compl,Enable,0,GRN2#  ,2011,ON,0,Not Act,Not Act,0,0,0.015,0,21247.676,21247.676,Avail,Incmpl,Avail,Incmpl,Incmpl,Enable,OBD II (California ARB),OFF,OFF,0,0,OFF,0,OFF,1st,OFF,OFF,OFF,OFF,OFF,OFF,-6.250,-3.906,ON,OFF,1350,0,OFF,OFF,OFF,ON,Gasoline,1.055,OFF,OFF,0.684,ON,0.234,18.431,0,6,0.918,0.918,2.539,0.918,0.918,2.031,50.980,0,18.431,2,0,0,OFF,ECT 5th,NA,OFF,97.878,97.878,20.392,0,Not Avl,0,0,0,0,ON,ON,0,0,0
37,0,14.277,Not Avl,Compl,Compl,Unable,ON,Not Avl,Compl,Compl,Unable,OFF,39.062,38.281,16.875,15,19.531,39.551,15.686,31.765,0.781,1.582,ON,0,OFF,ON,ON,0.996,0.988,-0.027,-0.062,3.269,3.308,0,97,51199.219,14.042,31.373,OFF,OFF,OFF,OFF,OFF,OFF,OFF,OFF,Avail,Incmpl,Incmpl,Enable,Avail,364.200,44.200,364.200,44.200,ON,Avail,Compl,Enable,25,0,0,0,0,0,0,6,A,0,0,Avail,Incmpl,Incmpl,Enable,OFF,OFF,46,1421,51199.219,51199.219,51199.219,51199.219,51199.219,51199.219,1GRFE ,0,Avail,Incmpl,Incmpl,Enable,0,OFF,OFF,OFF,OFF,ON,ON,Avail,Compl,Enable,Compl,CL,CL,Compl,Unable,Not Avl,Compl,Incmpl,Enable,OFF,0,21,384,ON,13.750,15,0.160,3207,13,21,-3,OFF,0,0,11.600,OFF,0,0,-3,Avail,Compl,Enable,0,GRN2#  ,2011,ON,0,Not Act,Not Act,0,0,0.015,0,21247.676,21247.676,Avail,Incmpl,Avail,Incmpl,Incmpl,Enable,OBD II (California ARB),OFF,OFF,0,0,OFF,0,OFF,1st,OFF,OFF,OFF,OFF,OFF,OFF,-6.250,-3.906,ON,OFF,1350,0,OFF,OFF,OFF,ON,Gasoline,1.055,OFF,OFF,0.684,ON,0.234,18.431,0,6,0.918,0.918,2.539,0.918,0.918,2.031,50.980,0,18.431,2,0,0,OFF,ECT 5th,NA,OFF,97.878,97.878,20.392,0,Not Avl,0,0,0,0,ON,ON,0,0,0
38,0,14.277,Not Avl,Compl,Compl,Unable,ON,Not Avl,Compl,Compl,Unable,OFF,39.062,38.281,16.875,15,19.531,39.551,15.686,31.765,0.781,1.582,ON,0,OFF,ON,ON,0.996,0.988,-0.027,-0.062,3.269,3.308,0,97,51199.219,14.042,31.373,OFF,OFF,OFF,OFF,OFF,OFF,OFF,OFF,Avail,Incmpl,Incmpl,Enable,Avail,364.200,44.200,364.200,44.200,ON,Avail,Compl,Enable,25,0,0,0,0,0,0,6,A,0,0,Avail,Incmpl,Incmpl,Enable,OFF,OFF,46,1421,51199.219,51199.219,51199.219,51199.219,51199.219,51199.219,1GRFE ,0,Avail,Incmpl,Incmpl,Enable,0,OFF,OFF,OFF,OFF,ON,ON,Avail,Compl,Enable,Compl,CL,CL,Compl,Unable,Not Avl,Compl,Incmpl,Enable,OFF,0,21,384,ON,13.750,15,0.160,3207,13,21,-3,OFF,0,0,11.600,OFF,0,0,-3,Avail,Compl,Enable,0,GRN2#  ,2011,ON,0,Not Act,Not Act,0,0,0.015,0,21247.676,21247.676,Avail,Incmpl,Avail,Incmpl,Incmpl,Enable,OBD II (California ARB),OFF,OFF,0,0,OFF,0,OFF,1st,OFF,OFF,OFF,OFF,OFF,OFF,-6.250,-3.906,ON,OFF,1350,0,OFF,OFF,OFF,ON,Gasoline,1.055,OFF,OFF,0.684,ON,0.234,18.431,0,6,0.918,0.918,2.539,0.918,0.918,2.031,50.980,0,18.431,2,0,0,OFF,ECT 5th,NA,OFF,97.878,97.878,20.392,0,Not Avl,0,0,0,0,ON,ON,0,0,0
39,0,14.277,Not Avl,Compl,Compl,Unable,ON,Not Avl,Compl,Compl,Unable,OFF,39.062,38.281,16.875,15,19.531,39.551,15.686,31.765,0.781,1.582,ON,0,OFF,ON,ON,0.996,0.988,-0.027,-0.062,3.269,3.308,0,97,51199.219,14.042,31.373,OFF,OFF,OFF,OFF,OFF,OFF,OFF,OFF,Avail,Incmpl,Incmpl,Enable,Avail,472.400,44.200,364.200,44.200,ON,Avail,Compl,Enable,25,0,0,0,0,0,0,6,A,0,0,Avail,Incmpl,Incmpl,Enable,OFF,OFF,46,1421,51199.219,51199.219,51199.219,51199.219,51199.219,51199.219,1GRFE ,0,Avail,Incmpl,Incmpl,Enable,0,OFF,OFF,OFF,OFF,ON,ON,Avail,Compl,Enable,Compl,CL,CL,Compl,Unable,Not Avl,Compl,Incmpl,Enable,OFF,0,21,384,ON,13.750,15,0.160,3207,13,21,-3,OFF,0,0,11.600,OFF,0,0,-3,Avail,Compl,Enable,0,GRN2#  ,2011,ON,0,Not Act,Not Act,0,0,0.015,0,21247.676,21247.676,Avail,Incmpl,Avail,Incmpl,Incmpl,Enable,OBD II (California ARB),OFF,OFF,0,0,OFF,0,OFF,1st,OFF,OFF,OFF,OFF,OFF,OFF,-6.250,-3.906,ON,OFF,1350,0,OFF,OFF,OFF,ON,Gasoline,1.055,OFF,OFF,0.684,ON,0.234,18.431,0,6,0.918,0.918,2.539,0.918,0.918,2.031,50.980,0,18.431,2,0,0,OFF,ECT 5th,NA,OFF,97.878,97.878,20.392,0,Not Avl,0,0,0,0,ON,ON,0,0,0
40,0,14.277,Not Avl,Compl,Compl,Unable,ON,Not Avl,Compl,Compl,Unable,OFF,39.062,38.281,16.875,15,19.531,39.551,15.686,31.765,0.781,1.582,ON,0,OFF,ON,ON,0.996,0.988,-0.027,-0.062,3.269,3.308,0,97,51199.219,14.042,31.373,OFF,OFF,OFF,OFF,OFF,OFF,OFF,OFF,Avail,Incmpl,Incmpl,Enable,Avail,472.400,89.200,364.200,44.200,ON,Avail,Compl,Enable,25,0,0,0,0,0,0,6,A,0,0,Avail,Incmpl,Incmpl,Enable,OFF,OFF,46,1421,51199.219,51199.219,51199.219,51199.219,51199.219,51199.219,1GRFE ,0,Avail,Incmpl,Incmpl,Enable,0,OFF,OFF,OFF,OFF,ON,ON,Avail,Compl,Enable,Compl,CL,CL,Compl,Unable,Not Avl,Compl,Incmpl,Enable,OFF,0,21,384,ON,13.750,15,0.160,3207,13,21,-3,OFF,0,0,11.600,OFF,0,0,-3,Avail,Compl,Enable,0,GRN2#  ,2011,ON,0,Not Act,Not Act,0,0,0.015,0,21247.676,21247.676,Avail,Incmpl,Avail,Incmpl,Incmpl,Enable,OBD II (California ARB),OFF,OFF,0,0,OFF,0,OFF,1st,OFF,OFF,OFF,OFF,OFF,OFF,-6.250,-3.906,ON,OFF,1350,0,OFF,OFF,OFF,ON,Gasoline,1.055,OFF,OFF,0.684,ON,0.234,18.431,0,6,0.918,0.918,2.539,0.918,0.918,2.031,50.980,0,18.431,2,0,0,OFF,ECT 5th,NA,OFF,97.878,97.878,20.392,0,Not Avl,0,0,0,0,ON,ON,0,0,0
41,0,14.277,Not Avl,Compl,Compl,Unable,ON,Not Avl,Compl,Compl,Unable,OFF,39.062,38.281,16.875,15,19.531,39.551,15.686,31.765,0.781,1.582,ON,0,OFF,ON,ON,0.996,0.988,-0.027,-0.062,3.269,3.308,0,97,51199.219,14.042,31.373,OFF,OFF,OFF,OFF,OFF,OFF,OFF,OFF,Avail,Incmpl,Incmpl,Enable,Avail,472.400,89.200,472.400,44.200,ON,Avail,Compl,Enable,25,0,0,0,0,0,0,6,A,0,0,Avail,Incmpl,Incmpl,Enable,OFF,OFF,46,1421,51199.219,51199.219,51199.219,51199.219,51199.219,51199.219,1GRFE ,0,Avail,Incmpl,Incmpl,Enable,0,OFF,OFF,OFF,OFF,ON,ON,Avail,Compl,Enable,Compl,CL,CL,Compl,Unable,Not Avl,Compl,Incmpl,Enable,OFF,0,21,384,ON,13.750,15,0.160,3207,13,21,-3,OFF,0,0,11.600,OFF,0,0,-3,Avail,Compl,Enable,0,GRN2#  ,2011,ON,0,Not Act,Not Act,0,0,0.015,0,21247.676,21247.676,Avail,Incmpl,Avail,Incmpl,Incmpl,Enable,OBD II (California ARB),OFF,OFF,0,0,OFF,0,OFF,1st,OFF,OFF,OFF,OFF,OFF,OFF,-6.250,-3.906,ON,OFF,1350,0,OFF,OFF,OFF,ON,Gasoline,1.055,OFF,OFF,0.684,ON,0.234,18.431,0,6,0.918,0.918,2.539,0.918,0.918,2.031,50.980,0,18.431,2,0,0,OFF,ECT 5th,NA,OFF,97.878,97.878,20.392,0,Not Avl,0,0,0,0,ON,ON,0,0,0
42,0,14.277,Not Avl,Compl,Compl,Unable,ON,Not Avl,Compl,Compl,Unable,OFF,39.062,38.281,16.875,15,19.531,39.551,15.686,31.765,0.781,1.582,ON,0,OFF,ON,ON,0.996,0.988,-0.027,-0.062,3.269,3.308,0,97,51199.219,14.042,31.373,OFF,OFF,OFF,OFF,OFF,OFF,OFF,OFF,Avail,Incmpl,Incmpl,Enable,Avail,472.400,89.200,472.400,89.200,ON,Avail,Compl,Enable,25,0,0,0,0,0,0,6,A,0,0,Avail,Incmpl,Incmpl,Enable,OFF,OFF,46,1421,51199.219,51199.219,51199.219,51199.219,51199.219,51199.219,1GRFE ,0,Avail,Incmpl,Incmpl,Enable,0,OFF,OFF,OFF,OFF,ON,ON,Avail,Compl,Enable,Compl,CL,CL,Compl,Unable,Not Avl,Compl,Incmpl,Enable,OFF,0,21,384,ON,13.750,15,0.160,3207,13,21,-3,OFF,0,0,11.600,OFF,0,0,-3,Avail,Compl,Enable,0,GRN2#  ,2011,ON,0,Not Act,Not Act,0,0,0.015,0,21247.676,21247.676,Avail,Incmpl,Avail,Incmpl,Incmpl,Enable,OBD II (California ARB),OFF,OFF,0,0,OFF,0,OFF,1st,OFF,OFF,OFF,OFF,OFF,OFF,-6.250,-3.906,ON,OFF,1350,0,OFF,OFF,OFF,ON,Gasoline,1.055,OFF,OFF,0.684,ON,0.234,18.431,0,6,0.918,0.918,2.539,0.918,0.918,2.031,50.980,0,18.431,2,0,0,OFF,ECT 5th,NA,OFF,97.878,97.878,20.392,0,Not Avl,0,0,0,0,ON,ON,0,0,0
43,0,14.277,Not Avl,Compl,Compl,Unable,ON,Not Avl,Compl,Compl,Unable,OFF,39.062,38.281,16.875,15,19.531,39.551,15.686,31.765,0.781,1.582,ON,0,OFF,ON,ON,0.996,0.988,-0.027,-0.062,3.269,3.308,0,97,51199.219,14.042,31.373,OFF,OFF,OFF,OFF,OFF,OFF,OFF,OFF,Avail,Incmpl,Incmpl,Enable,Avail,472.400,89.200,472.400,89.200,ON,Avail,Compl,Enable,25,0,0,0,0,0,0,6,A,0,0,Avail,Incmpl,Incmpl,Enable,OFF,OFF,46,1421,51199.219,51199.219,51199.219,51199.219,51199.219,51199.219,1GRFE ,0,Avail,Incmpl,Incmpl,Enable,0,OFF,OFF,OFF,OFF,ON,ON,Avail,Compl,Enable,Compl,CL,CL,Compl,Unable,Not Avl,Compl,Incmpl,Enable,OFF,0,21,384,ON,13.750,15,0.160,3207,13,21,-3,OFF,0,0,11.600,OFF,0,0,-3,Avail,Compl,Enable,0,GRN2#  ,2011,ON,0,Not Act,Not Act,0,0,0.015,0,21247.676,21247.676,Avail,Incmpl,Avail,Incmpl,Incmpl,Enable,OBD II (California ARB),OFF,OFF,0,0,OFF,0,OFF,1st,OFF,OFF,OFF,OFF,OFF,OFF,-6.250,-3.906,ON,OFF,1350,0,OFF,OFF,OFF,ON,Gasoline,1.055,OFF,OFF,0.684,ON,0.234,18.431,0,6,0.918,0.918,2.539,0.918,0.918,2.031,50.980,0,18.431,2,0,0,OFF,ECT 5th,NA,OFF,97.878,97.878,20.392,0,Not Avl,0,0,0,0,ON,ON,0,0,0
44,0,14.277,Not Avl,Compl,Compl,Unable,ON,Not Avl,Compl,Compl,Unable,OFF,39.062,38.281,16.875,15,19.531,39.551,15.686,31.765,0.781,1.582,ON,0,OFF,ON,ON,0.996,0.988,-0.027,-0.062,3.269,3.308,0,97,51199.219,14.042,31.373,OFF,OFF,OFF,OFF,OFF,OFF,OFF,OFF,Avail,Incmpl,Incmpl,Enable,Avail,472.400,89.200,472.400,89.200,ON,Avail,Compl,Enable,25,0,0,0,0,0,0,6,A,0,0,Avail,Incmpl,Incmpl,Enable,OFF,OFF,46,1421,51199.219,51199.219,51199.219,51199.219,51199.219,51199.219,1GRFE ,0,Avail,Incmpl,Incmpl,Enable,0,OFF,OFF,OFF,OFF,ON,ON,Avail,Compl,Enable,Compl,CL,CL,Compl,Unable,Not Avl,Compl,Incmpl,Enable,OFF,0,21,384,ON,13.750,15,0.160,3207,13,21,-3,OFF,0,0,11.600,OFF,0,0,-3,Avail,Compl,Enable,0,GRN2#  ,2011,ON,0,Not Act,Not Act,0,0,0.015,0,21247.676,21247.676,Avail,Incmpl,Avail,Incmpl,Incmpl,Enable,OBD II (California ARB),OFF,OFF,0,0,OFF,0,OFF,1st,OFF,OFF,OFF,OFF,OFF,OFF,-6.250,-3.906,ON,OFF,1350,0,OFF,OFF,OFF,ON,Gasoline,1.055,OFF,OFF,0.684,ON,0.234,18.431,0,6,0.918,0.918,2.539,0.918,0.918,2.031,50.980,0,18.431,2,0,0,OFF,ECT 5th,NA,OFF,97.878,97.878,20.392,0,Not Avl,0,0,0,0,ON,ON,0,0,0
45,0,14.277,Not Avl,Compl,Compl,Unable,ON,Not Avl,Compl,Compl,Unable,OFF,39.062,38.281,16.875,15,19.531,39.551,15.686,31.765,0.781,1.582,ON,0,OFF,ON,ON,0.996,0.988,-0.027,-0.062,3.269,3.308,0,97,51199.219,14.042,31.373,OFF,OFF,OFF,OFF,OFF,OFF,OFF,OFF,Avail,Incmpl,Incmpl,Enable,Avail,472.400,89.200,472.400,89.200,ON,Avail,Compl,Enable,25,0,0,0,0,0,0,6,A,0,0,Avail,Incmpl,Incmpl,Enable,OFF,OFF,46,1421,51199.219,51199.219,51199.219,51199.219,51199.219,51199.219,1GRFE ,0,Avail,Incmpl,Incmpl,Enable,0,OFF,OFF,OFF,OFF,ON,ON,Avail,Compl,Enable,Compl,CL,CL,Compl,Unable,Not Avl,Compl,Incmpl,Enable,OFF,0,21,384,ON,13.750,15,0.160,3207,13,21,-3,OFF,0,0,11.600,OFF,0,0,-3,Avail,Compl,Enable,0,GRN2#  ,2011,ON,0,Not Act,Not Act,0,0,0.015,0,21247.676,21247.676,Avail,Incmpl,Avail,Incmpl,Incmpl,Enable,OBD II (California ARB),OFF,OFF,0,0,OFF,0,OFF,1st,OFF,OFF,OFF,OFF,OFF,OFF,-6.250,-3.906,ON,OFF,1350,0,OFF,OFF,OFF,ON,Gasoline,1.055,OFF,OFF,0.684,ON,0.234,18.431,0,6,0.918,0.918,2.539,0.918,0.918,2.031,50.980,0,18.431,2,0,0,OFF,ECT 5th,NA,OFF,97.878,97.878,20.392,0,Not Avl,0,0,0,0,ON,ON,0,0,0
46,0,14.277,Not Avl,Compl,Compl,Unable,ON,Not Avl,Compl,Compl,Unable,OFF,39.062,38.281,16.875,15,19.531,39.551,15.686,31.765,0.781,1.582,ON,0,OFF,ON,ON,0.996,0.988,-0.027,-0.062,3.269,3.308,0,97,51199.219,14.042,31.373,OFF,OFF,OFF,OFF,OFF,OFF,OFF,OFF,Avail,Incmpl,Incmpl,Enable,Avail,472.400,89.200,472.400,89.200,ON,Avail,Compl,Enable,25,0,0,0,0,0,0,6,A,0,0,Avail,Incmpl,Incmpl,Enable,OFF,OFF,46,1421,51199.219,51199.219,51199.219,51199.219,51199.219,51199.219,1GRFE ,0,Avail,Incmpl,Incmpl,Enable,0,OFF,OFF,OFF,OFF,ON,ON,Avail,Compl,Enable,Compl,CL,CL,Compl,Unable,Not Avl,Compl,Incmpl,Enable,OFF,0,21,384,ON,13.750,15,0.160,3207,13,21,-3,OFF,0,0,11.600,OFF,0,0,-3,Avail,Compl,Enable,0,GRN2#  ,2011,ON,0,Not Act,Not Act,0,0,0.015,0,21247.676,21247.676,Avail,Incmpl,Avail,Incmpl,Incmpl,Enable,OBD II (California ARB),OFF,OFF,0,0,OFF,0,OFF,1st,OFF,OFF,OFF,OFF,OFF,OFF,-6.250,-3.906,ON,OFF,1350,0,OFF,OFF,OFF,ON,Gasoline,1.055,OFF,OFF,0.684,ON,0.234,18.431,0,6,0.918,0.918,2.539,0.918,0.918,2.031,50.980,0,18.431,2,0,0,OFF,ECT 5th,NA,OFF,97.878,97.878,20.392,0,Not Avl,0,0,0,0,ON,ON,0,0,0
47,0,14.277,Not Avl,Compl,Compl,Unable,ON,Not Avl,Compl,Compl,Unable,OFF,39.062,38.281,16.875,15,19.531,39.551,15.686,31.765,0.781,1.582,ON,0,OFF,ON,ON,0.996,0.988,-0.027,-0.062,3.269,3.308,0,97,51199.219,14.042,31.373,OFF,OFF,OFF,OFF,OFF,OFF,OFF,OFF,Avail,Incmpl,Incmpl,Enable,Avail,472.400,89.200,472.400,89.200,ON,Avail,Compl,Enable,32,0,0,0,0,0,0,6,A,0,0,Avail,Incmpl,Incmpl,Enable,OFF,OFF,46,1421,51199.219,51199.219,51199.219,51199.219,51199.219,51199.219,1GRFE ,0,Avail,Incmpl,Incmpl,Enable,0,OFF,OFF,OFF,OFF,ON,ON,Avail,Compl,Enable,Compl,CL,CL,Compl,Unable,Not Avl,Compl,Incmpl,Enable,OFF,0,21,384,ON,13.750,15,0.160,3207,13,21,-3,OFF,0,0,11.600,OFF,0,0,-3,Avail,Compl,Enable,0,GRN2#  ,2011,ON,0,Not Act,Not Act,0,0,0.015,0,21247.676,21247.676,Avail,Incmpl,Avail,Incmpl,Incmpl,Enable,OBD II (California ARB),OFF,OFF,0,0,OFF,0,OFF,1st,OFF,OFF,OFF,OFF,OFF,OFF,-6.250,-3.906,ON,OFF,1350,0,OFF,OFF,OFF,ON,Gasoline,1.055,OFF,OFF,0.684,ON,0.234,18.431,0,6,0.918,0.918,2.539,0.918,0.918,2.031,50.980,0,18.431,2,0,0,OFF,ECT 5th,NA,OFF,97.878,97.878,20.392,0,Not Avl,0,0,0,0,ON,ON,0,0,0
48,0,14.277,Not Avl,Compl,Compl,Unable,ON,Not Avl,Compl,Compl,Unable,OFF,39.062,38.281,16.875,15,19.531,39.551,15.686,31.765,0.781,1.582,ON,0,OFF,ON,ON,0.996,0.988,-0.027,-0.062,3.269,3.308,0,97,51199.219,14.042,31.373,OFF,OFF,OFF,OFF,OFF,OFF,OFF,OFF,Avail,Incmpl,Incmpl,Enable,Avail,472.400,89.200,472.400,89.200,ON,Avail,Compl,Enable,32,0,0,0,0,0,0,6,A,0,0,Avail,Incmpl,Incmpl,Enable,OFF,OFF,46,1421,51199.219,51199.219,51199.219,51199.219,51199.219,51199.219,1GRFE ,0,Avail,Incmpl,Incmpl,Enable,0,OFF,OFF,OFF,OFF,ON,ON,Avail,Compl,Enable,Compl,CL,CL,Compl,Unable,Not Avl,Compl,Incmpl,Enable,OFF,0,21,384,ON,13.750,15,0.160,3207,13,21,-3,OFF,0,0,11.600,OFF,0,0,-3,Avail,Compl,Enable,0,GRN2#  ,2011,ON,0,Not Act,Not Act,0,0,0.015,0,21247.676,21247.676,Avail,Incmpl,Avail,Incmpl,Incmpl,Enable,OBD II (California ARB),OFF,OFF,0,0,OFF,0,OFF,1st,OFF,OFF,OFF,OFF,OFF,OFF,-6.250,-3.906,ON,OFF,1350,0,OFF,OFF,OFF,ON,Gasoline,1.055,OFF,OFF,0.684,ON,0.234,18.431,0,6,0.918,0.918,2.539,0.918,0.918,2.031,50.980,0,18.431,2,0,0,OFF,ECT 5th,NA,OFF,97.878,97.878,20.392,0,Not Avl,0,0,0,0,ON,ON,0,0,0
49,0,14.277,Not Avl,Compl,Compl,Unable,ON,Not Avl,Compl,Compl,Unable,OFF,39.062,38.281,16.875,15,19.531,39.551,15.686,31.765,0.781,1.582,ON,0,OFF,ON,ON,0.996,0.988,-0.027,-0.062,3.269,3.308,0,97,51199.219,14.042,31.373,OFF,OFF,OFF,OFF,OFF,OFF,OFF,OFF,Avail,Incmpl,Incmpl,Enable,Avail,472.400,89.200,472.400,89.200,ON,Avail,Compl,Enable,32,0,0,0,0,0,0,6,A,0,0,Avail,Incmpl,Incmpl,Enable,OFF,OFF,46,1421,51199.219,51199.219,51199.219,51199.219,51199.219,51199.219,1GRFE ,0,Avail,Incmpl,Incmpl,Enable,0,OFF,OFF,OFF,OFF,ON,ON,Avail,Compl,Enable,Compl,CL,CL,Compl,Unable,Not Avl,Compl,Incmpl,Enable,OFF,0,21,384,ON,13.750,15,0.160,3207,13,21,-3,OFF,0,0,11.600,OFF,0,0,-3,Avail,Compl,Enable,0,GRN2#  ,2011,ON,0,Not Act,Not Act,0,0,0.015,0,21247.676,21247.676,Avail,Incmpl,Avail,Incmpl,Incmpl,Enable,OBD II (California ARB),OFF,OFF,0,0,OFF,0,OFF,1st,OFF,OFF,OFF,OFF,OFF,OFF,-6.250,-3.906,ON,OFF,1350,0,OFF,OFF,OFF,ON,Gasoline,1.055,OFF,OFF,0.684,ON,0.234,18.431,0,6,0.918,0.918,2.539,0.918,0.918,2.031,50.980,0,18.431,2,0,0,OFF,ECT 5th,NA,OFF,97.878,97.878,20.392,0,Not Avl,0,0,0,0,ON,ON,0,0,0
50,0,14.277,Not Avl,Compl,Compl,Unable,ON,Not Avl,Compl,Compl,Unable,OFF,39.062,38.281,16.875,15,19.531,39.551,15.686,31.765,0.781,1.582,ON,0,OFF,ON,ON,0.996,0.988,-0.027,-0.062,3.269,3.308,0,97,51199.219,14.042,31.373,OFF,OFF,OFF,OFF,OFF,OFF,OFF,OFF,Avail,Incmpl,Incmpl,Enable,Avail,472.400,89.200,472.400,89.200,ON,Avail,Compl,Enable,32,0,0,0,0,0,0,6,A,0,0,Avail,Incmpl,Incmpl,Enable,OFF,OFF,46,1421,51199.219,51199.219,51199.219,51199.219,51199.219,51199.219,1GRFE ,0,Avail,Incmpl,Incmpl,Enable,0,OFF,OFF,OFF,OFF,ON,ON,Avail,Compl,Enable,Compl,CL,CL,Compl,Unable,Not Avl,Compl,Incmpl,Enable,OFF,0,21,384,ON,13.750,15,0.160,3207,13,21,-3,OFF,0,0,11.600,OFF,0,0,-3,Avail,Compl,Enable,0,GRN2#  ,2011,ON,0,Not Act,Not Act,0,0,0.015,0,21247.676,21247.676,Avail,Incmpl,Avail,Incmpl,Incmpl,Enable,OBD II (California ARB),OFF,OFF,0,0,OFF,0,OFF,1st,OFF,OFF,OFF,OFF,OFF,OFF,-6.250,-3.906,ON,OFF,1350,0,OFF,OFF,OFF,ON,Gasoline,1.055,OFF,OFF,0.684,ON,0.234,18.431,0,6,0.918,0.918,2.539,0.918,0.918,2.031,50.980,0,18.431,2,0,0,OFF,ECT 5th,NA,OFF,97.878,97.878,20.392,0,Not Avl,0,0,0,0,ON,ON,0,0,0
51,0,14.277,Not Avl,Compl,Compl,Unable,ON,Not Avl,Compl,Compl,Unable,OFF,39.062,38.281,16.875,15,19.531,39.551,15.686,31.765,0.781,1.582,ON,0,OFF,ON,ON,0.996,0.988,-0.027,-0.062,3.269,3.308,0,97,51199.219,14.042,31.373,OFF,OFF,OFF,OFF,OFF,OFF,OFF,OFF,Avail,Incmpl,Incmpl,Enable,Avail,472.400,89.200,472.400,89.200,ON,Avail,Compl,Enable,32,0,0,0,0,0,0,6,A,0,0,Avail,Incmpl,Incmpl,Enable,OFF,OFF,46,1421,51199.219,51199.219,51199.219,51199.219,51199.219,51199.219,1GRFE ,0,Avail,Incmpl,Incmpl,Enable,0,OFF,OFF,OFF,OFF,ON,ON,Avail,Compl,Enable,Compl,CL,CL,Compl,Unable,Not Avl,Compl,Incmpl,Enable,OFF,0,21,384,ON,13.750,15,0.160,3207,13,21,-3,OFF,0,0,11.600,OFF,0,0,-3,Avail,Compl,Enable,0,GRN2#  ,2011,ON,0,Not Act,Not Act,0,0,0.015,0,21247.676,21247.676,Avail,Incmpl,Avail,Incmpl,Incmpl,Enable,OBD II (California ARB),OFF,OFF,0,0,OFF,0,OFF,1st,OFF,OFF,OFF,OFF,OFF,OFF,-6.250,-3.906,ON,OFF,1350,0,OFF,OFF,OFF,ON,Gasoline,1.055,OFF,OFF,0.684,ON,0.234,18.431,0,6,0.918,0.918,2.539,0.918,0.918,2.031,50.980,0,18.431,2,0,0,OFF,ECT 5th,NA,OFF,97.878,97.878,20.392,0,Not Avl,0,0,0,0,ON,ON,0,0,0
52,0,14.277,Not Avl,Compl,Compl,Unable,ON,Not Avl,Compl,Compl,Unable,OFF,39.062,38.281,16.875,15,19.531,39.551,15.686,31.765,0.781,1.582,ON,0,OFF,ON,ON,0.996,0.988,-0.027,-0.062,3.269,3.308,0,97,51199.219,14.042,31.373,OFF,OFF,OFF,OFF,OFF,OFF,OFF,OFF,Avail,Incmpl,Incmpl,Enable,Avail,472.400,89.200,472.400,89.200,ON,Avail,Compl,Enable,32,0,0,0,0,0,0,6,A,0,0,Avail,Incmpl,Incmpl,Enable,OFF,OFF,46,1421,51199.219,51199.219,51199.219,51199.219,51199.219,51199.219,1GRFE ,0,Avail,Incmpl,Incmpl,Enable,0,OFF,OFF,OFF,OFF,ON,ON,Avail,Compl,Enable,Compl,CL,CL,Compl,Unable,Not Avl,Compl,Incmpl,Enable,OFF,0,21,384,ON,13.750,15,0.160,3207,13,21,-3,OFF,0,0,11.600,OFF,0,0,-3,Avail,Compl,Enable,0,GRN2#  ,2011,ON,0,Not Act,Not Act,0,0,0.015,0,21247.676,21247.676,Avail,Incmpl,Avail,Incmpl,Incmpl,Enable,OBD II (California ARB),OFF,OFF,0,0,OFF,0,OFF,1st,OFF,OFF,OFF,OFF,OFF,OFF,-6.250,-3.906,ON,OFF,1350,0,OFF,OFF,OFF,ON,Gasoline,1.055,OFF,OFF,0.684,ON,0.234,18.431,0,6,0.918,0.918,2.539,0.918,0.918,2.031,50.980,0,18.431,2,0,0,OFF,ECT 5th,NA,OFF,97.878,97.878,20.392,0,Not Avl,0,0,0,0,ON,ON,0,0,0
53,0,14.277,Not Avl,Compl,Compl,Unable,ON,Not Avl,Compl,Compl,Unable,OFF,39.062,38.281,16.875,15,19.531,39.551,15.686,31.765,0.781,1.582,ON,0,OFF,ON,ON,0.996,0.988,-0.027,-0.062,3.269,3.308,0,97,51199.219,14.042,31.373,OFF,OFF,OFF,OFF,OFF,OFF,OFF,OFF,Avail,Incmpl,Incmpl,Enable,Avail,472.400,89.200,472.400,89.200,ON,Avail,Compl,Enable,32,0,0,0,0,0,0,6,A,0,0,Avail,Incmpl,Incmpl,Enable,OFF,OFF,46,1421,51199.219,51199.219,51199.219,51199.219,51199.219,51199.219,1GRFE ,0,Avail,Incmpl,Incmpl,Enable,0,OFF,OFF,OFF,OFF,ON,ON,Avail,Compl,Enable,Compl,CL,CL,Compl,Unable,Not Avl,Compl,Incmpl,Enable,OFF,0,21,384,ON,13.750,15,0.160,3207,13,21,-3,OFF,0,0,11.600,OFF,0,0,-3,Avail,Compl,Enable,0,GRN2#  ,2011,ON,0,Not Act,Not Act,0,0,0.015,0,21247.676,21247.676,Avail,Incmpl,Avail,Incmpl,Incmpl,Enable,OBD II (California ARB),OFF,OFF,0,0,OFF,0,OFF,1st,OFF,OFF,OFF,OFF,OFF,OFF,-6.250,-3.906,ON,OFF,1350,0,OFF,OFF,OFF,ON,Gasoline,1.055,OFF,OFF,0.684,ON,0.234,18.431,0,6,0.918,0.918,2.539,0.918,0.918,2.031,50.980,0,18.431,2,0,0,OFF,ECT 5th,NA,OFF,97.878,97.878,20.392,0,Not Avl,0,0,0,0,ON,ON,0,0,0
54,0,14.277,Not Avl,Compl,Compl,Unable,ON,Not Avl,Compl,Compl,Unable,OFF,39.062,38.281,16.875,15,19.531,39.551,15.686,31.765,0.781,1.582,ON,0,OFF,ON,ON,0.996,0.988,-0.027,-0.062,3.269,3.308,0,97,51199.219,14.042,31.373,OFF,OFF,OFF,OFF,OFF,OFF,OFF,OFF,Avail,Incmpl,Incmpl,Enable,Avail,472.400,89.200,472.400,89.200,ON,Avail,Compl,Enable,32,0,0,0,0,0,0,6,A,0,0,Avail,Incmpl,Incmpl,Enable,OFF,OFF,46,1421,51199.219,51199.219,51199.219,51199.219,51199.219,51199.219,1GRFE ,0,Avail,Incmpl,Incmpl,Enable,0,OFF,OFF,OFF,OFF,ON,ON,Avail,Compl,Enable,Compl,CL,CL,Compl,Unable,Not Avl,Compl,Incmpl,Enable,OFF,0,21,384,ON,13.750,15,0.160,3207,13,21,-3,OFF,0,0,11.600,OFF,0,0,-3,Avail,Compl,Enable,0,GRN2#  ,2011,ON,0,Not Act,Not Act,0,0,0.015,0,21247.676,21247.676,Avail,Incmpl,Avail,Incmpl,Incmpl,Enable,OBD II (California ARB),OFF,OFF,0,0,OFF,0,OFF,1st,OFF,OFF,OFF,OFF,OFF,OFF,-6.250,-3.906,ON,OFF,1350,0,OFF,OFF,OFF,ON,Gasoline,1.055,OFF,OFF,0.684,ON,0.234,18.431,0,6,0.918,0.918,2.539,0.918,0.918,2.031,50.980,0,18.431,2,0,0,OFF,ECT 5th,NA,OFF,97.878,97.878,20.392,0,Not Avl,0,0,0,0,ON,ON,0,0,0
55,0,14.277,Not Avl,Compl,Compl,Unable,ON,Not Avl,Compl,Compl,Unable,OFF,39.062,38.281,16.875,15,19.531,39.551,15.686,31.765,0.781,1.582,ON,0,OFF,ON,ON,0.996,0.988,-0.027,-0.062,3.269,3.308,0,97,51199.219,14.042,31.373,OFF,OFF,OFF,OFF,OFF,OFF,OFF,OFF,Avail,Incmpl,Incmpl,Enable,Avail,472.400,89.200,472.400,89.200,ON,Avail,Compl,Enable,32,0,0,0,0,0,0,6,A,0,0,Avail,Incmpl,Incmpl,Enable,OFF,OFF,46,1421,51199.219,51199.219,51199.219,51199.219,51199.219,51199.219,1GRFE ,0,Avail,Incmpl,Incmpl,Enable,0,OFF,OFF,OFF,OFF,ON,ON,Avail,Compl,Enable,Compl,CL,CL,Compl,Unable,Not Avl,Compl,Incmpl,Enable,OFF,0,21,384,ON,13.750,15,0.160,3207,13,21,-3,OFF,0,0,11.600,OFF,0,0,-3,Avail,Compl,Enable,0,GRN2#  ,2011,ON,0,Not Act,Not Act,0,0,0.015,0,21247.676,21247.676,Avail,Incmpl,Avail,Incmpl,Incmpl,Enable,OBD II (California ARB),OFF,OFF,0,0,OFF,0,OFF,1st,OFF,OFF,OFF,OFF,OFF,OFF,-6.250,-3.906,ON,OFF,1350,0,OFF,OFF,OFF,ON,Gasoline,1.055,OFF,OFF,0.684,ON,0.234,18.431,0,6,0.918,0.918,2.539,0.918,0.918,2.031,50.980,0,18.431,2,0,0,OFF,ECT 5th,NA,OFF,97.878,97.878,20.392,0,Not Avl,0,0,0,0,ON,ON,0,0,0
56,0,14.277,Not Avl,Compl,Compl,Unable,ON,Not Avl,Compl,Compl,Unable,OFF,39.062,38.281,16.875,15,19.531,39.551,15.686,31.765,0.781,1.582,ON,0,OFF,ON,ON,0.996,0.988,-0.027,-0.062,3.269,3.308,0,97,51199.219,14.042,31.373,OFF,OFF,OFF,OFF,OFF,OFF,OFF,OFF,Avail,Incmpl,Incmpl,Enable,Avail,472.400,89.200,472.400,89.200,ON,Avail,Compl,Enable,32,0,0,0,0,0,0,6,A,0,0,Avail,Incmpl,Incmpl,Enable,OFF,OFF,46,1421,51199.219,51199.219,51199.219,51199.219,51199.219,51199.219,1GRFE ,0,Avail,Incmpl,Incmpl,Enable,0,OFF,OFF,OFF,OFF,ON,ON,Avail,Compl,Enable,Compl,CL,CL,Compl,Unable,Not Avl,Compl,Incmpl,Enable,OFF,0,21,384,ON,13.750,15,0.160,3207,13,21,-3,OFF,0,0,11.600,OFF,0,0,-3,Avail,Compl,Enable,0,GRN2#  ,2011,ON,0,Not Act,Not Act,0,0,0.015,0,21247.676,21247.676,Avail,Incmpl,Avail,Incmpl,Incmpl,Enable,OBD II (California ARB),OFF,OFF,0,0,OFF,0,OFF,1st,OFF,OFF,OFF,OFF,OFF,OFF,-6.250,-3.906,ON,OFF,1350,0,OFF,OFF,OFF,ON,Gasoline,1.055,OFF,OFF,0.684,ON,0.234,18.431,0,6,0.918,0.918,2.539,0.918,0.918,2.031,50.980,0,18.431,2,0,0,OFF,ECT 5th,NA,OFF,97.878,97.878,20.392,0,Not Avl,0,0,0,0,ON,ON,0,0,0
57,0,14.277,Not Avl,Compl,Compl,Unable,ON,Not Avl,Compl,Compl,Unable,OFF,39.062,38.281,16.875,15,19.531,39.551,15.686,31.765,0.781,1.582,ON,0,OFF,ON,ON,0.996,0.988,-0.027,-0.062,3.269,3.308,0,97,51199.219,14.042,31.373,OFF,OFF,OFF,OFF,OFF,OFF,OFF,OFF,Avail,Incmpl,Incmpl,Enable,Avail,472.400,89.200,472.400,89.200,ON,Avail,Compl,Enable,32,0,0,0,0,0,0,6,A,0,0,Avail,Incmpl,Incmpl,Enable,OFF,OFF,46,1421,51199.219,51199.219,51199.219,51199.219,51199.219,51199.219,1GRFE ,0,Avail,Incmpl,Incmpl,Enable,0,OFF,OFF,OFF,OFF,ON,ON,Avail,Compl,Enable,Compl,CL,CL,Compl,Unable,Not Avl,Compl,Incmpl,Enable,OFF,0,21,384,ON,13.750,15,0.160,3207,13,21,-3,OFF,0,0,11.600,OFF,0,0,-3,Avail,Compl,Enable,0,GRN2#  ,2011,ON,0,Not Act,Not Act,0,0,0.015,0,21247.676,21247.676,Avail,Incmpl,Avail,Incmpl,Incmpl,Enable,OBD II (California ARB),OFF,OFF,0,0,OFF,0,OFF,1st,OFF,OFF,OFF,OFF,OFF,OFF,-6.250,-3.906,ON,OFF,1350,0,OFF,OFF,OFF,ON,Gasoline,1.055,OFF,OFF,0.684,ON,0.234,18.431,0,6,0.918,0.918,2.539,0.918,0.918,2.031,50.980,0,18.431,2,0,0,OFF,ECT 5th,NA,OFF,97.878,97.878,20.392,0,Not Avl,0,0,0,0,ON,ON,0,0,0
58,0,14.277,Not Avl,Compl,Compl,Unable,ON,Not Avl,Compl,Compl,Unable,OFF,39.062,38.281,16.875,15,19.531,39.551,15.686,31.765,0.781,1.582,ON,0,OFF,ON,ON,0.996,0.988,-0.027,-0.062,3.269,3.308,0,97,51199.219,14.042,31.373,OFF,OFF,OFF,OFF,OFF,OFF,OFF,OFF,Avail,Incmpl,Incmpl,Enable,Avail,472.400,89.200,472.400,89.200,ON,Avail,Compl,Enable,32,0,0,0,0,0,0,6,A,0,0,Avail,Incmpl,Incmpl,Enable,OFF,OFF,46,1421,51199.219,51199.219,51199.219,51199.219,51199.219,51199.219,1GRFE ,0,Avail,Incmpl,Incmpl,Enable,0,OFF,OFF,OFF,OFF,ON,ON,Avail,Compl,Enable,Compl,CL,CL,Compl,Unable,Not Avl,Compl,Incmpl,Enable,OFF,0,21,384,ON,13.750,15,0.160,3207,13,21,-3,OFF,0,0,11.600,OFF,0,0,-3,Avail,Compl,Enable,0,GRN2#  ,2011,ON,0,Not Act,Not Act,0,0,0.015,0,21247.676,21247.676,Avail,Incmpl,Avail,Incmpl,Incmpl,Enable,OBD II (California ARB),OFF,OFF,0,0,OFF,0,OFF,1st,OFF,OFF,OFF,OFF,OFF,OFF,-6.250,-3.906,ON,OFF,1350,0,OFF,OFF,OFF,ON,Gasoline,1.055,OFF,OFF,0.684,ON,0.234,18.431,0,6,0.918,0.918,2.539,0.918,0.918,2.031,50.980,0,18.431,2,0,0,OFF,ECT 5th,NA,OFF,97.878,97.878,20.392,0,Not Avl,0,0,0,0,ON,ON,0,0,0
59,0,14.277,Not Avl,Compl,Compl,Unable,ON,Not Avl,Compl,Compl,Unable,OFF,39.062,38.281,16.875,15,19.531,39.551,15.686,31.765,0.781,1.582,ON,0,OFF,ON,ON,0.996,0.988,-0.027,-0.062,3.269,3.308,0,97,51199.219,14.042,31.373,OFF,OFF,OFF,OFF,OFF,OFF,OFF,OFF,Avail,Incmpl,Incmpl,Enable,Avail,472.400,89.200,472.400,89.200,ON,Avail,Compl,Enable,32,0,0,0,0,0,0,6,A,0,0,Avail,Incmpl,Incmpl,Enable,OFF,OFF,46,1421,51199.219,51199.219,51199.219,51199.219,51199.219,51199.219,1GRFE ,0,Avail,Incmpl,Incmpl,Enable,0,OFF,OFF,OFF,OFF,ON,ON,Avail,Compl,Enable,Compl,CL,CL,Compl,Unable,Not Avl,Compl,Incmpl,Enable,OFF,0,21,384,ON,13.750,15,0.160,3207,13,21,-3,OFF,0,0,11.600,OFF,0,0,-3,Avail,Compl,Enable,0,GRN2#  ,2011,ON,0,Not Act,Not Act,0,0,0.015,0,21247.676,21247.676,Avail,Incmpl,Avail,Incmpl,Incmpl,Enable,OBD II (California ARB),OFF,OFF,0,0,OFF,0,OFF,1st,OFF,OFF,OFF,OFF,OFF,OFF,-6.250,-3.906,ON,OFF,1350,0,OFF,OFF,OFF,ON,Gasoline,1.055,OFF,OFF,0.684,ON,0.234,18.431,0,6,0.918,0.918,2.539,0.918,0.918,2.031,50.980,0,18.431,2,0,0,OFF,ECT 5th,NA,OFF,97.878,97.878,20.392,0,Not Avl,0,0,0,0,ON,ON,0,0,0
60,0,14.277,Not Avl,Compl,Compl,Unable,ON,Not Avl,Compl,Compl,Unable,OFF,39.062,38.281,16.875,15,19.531,39.551,15.686,31.765,0.781,1.582,ON,0,OFF,ON,ON,0.996,0.988,-0.027,-0.062,3.269,3.308,0,97,51199.219,14.042,31.373,OFF,OFF,OFF,OFF,OFF,OFF,OFF,OFF,Avail,Incmpl,Incmpl,Enable,Avail,472.400,89.200,472.400,89.200,ON,Avail,Compl,Enable,32,0,0,0,0,0,0,6,A,0,0,Avail,Incmpl,Incmpl,Enable,OFF,OFF,46,1421,51199.219,51199.219,51199.219,51199.219,51199.219,51199.219,1GRFE ,0,Avail,Incmpl,Incmpl,Enable,0,OFF,OFF,OFF,OFF,ON,ON,Avail,Compl,Enable,Compl,CL,CL,Compl,Unable,Not Avl,Compl,Incmpl,Enable,OFF,0,21,384,ON,13.750,15,0.160,3207,13,21,-3,OFF,0,0,11.600,OFF,0,0,-3,Avail,Compl,Enable,0,GRN2#  ,2011,ON,0,Not Act,Not Act,0,0,0.015,0,21247.676,21247.676,Avail,Incmpl,Avail,Incmpl,Incmpl,Enable,OBD II (California ARB),OFF,OFF,0,0,OFF,0,OFF,1st,OFF,OFF,OFF,OFF,OFF,OFF,-6.250,-3.906,ON,OFF,1350,0,OFF,OFF,OFF,ON,Gasoline,1.055,OFF,OFF,0.684,ON,0.234,18.431,0,6,0.918,0.918,2.539,0.918,0.918,2.031,50.980,0,18.431,2,0,0,OFF,ECT 5th,NA,OFF,97.878,97.878,20.392,0,Not Avl,0,0,0,0,ON,ON,0,0,0
61,0,14.277,Not Avl,Compl,Compl,Unable,ON,Not Avl,Compl,Compl,Unable,OFF,39.062,38.281,16.875,15,19.531,39.551,15.686,31.765,0.781,1.582,ON,0,OFF,ON,ON,0.996,0.988,-0.027,-0.062,3.269,3.308,0,97,51199.219,14.042,31.373,OFF,OFF,OFF,OFF,OFF,OFF,OFF,OFF,Avail,Incmpl,Incmpl,Enable,Avail,472.400,89.200,472.400,89.200,ON,Avail,Compl,Enable,32,0,0,0,0,0,0,6,A,0,0,Avail,Incmpl,Incmpl,Enable,OFF,OFF,46,1421,51199.219,51199.219,51199.219,51199.219,51199.219,51199.219,1GRFE ,0,Avail,Incmpl,Incmpl,Enable,0,OFF,OFF,OFF,OFF,ON,ON,Avail,Compl,Enable,Compl,CL,CL,Compl,Unable,Not Avl,Compl,Incmpl,Enable,OFF,0,21,384,ON,13.750,15,0.160,3207,13,21,-3,OFF,0,0,11.600,OFF,0,0,-3,Avail,Compl,Enable,0,GRN2#  ,2011,ON,0,Not Act,Not Act,0,0,0.015,0,21247.676,21247.676,Avail,Incmpl,Avail,Incmpl,Incmpl,Enable,OBD II (California ARB),OFF,OFF,0,0,OFF,0,OFF,1st,OFF,OFF,OFF,OFF,OFF,OFF,-6.250,-3.906,ON,OFF,1350,0,OFF,OFF,OFF,ON,Gasoline,1.055,OFF,OFF,0.684,ON,0.234,18.431,0,6,0.918,0.918,2.539,0.918,0.918,2.031,50.980,0,18.431,2,0,0,OFF,ECT 5th,NA,OFF,97.878,97.878,20.392,0,Not Avl,0,0,0,0,ON,ON,0,0,0
