Row,ABS Solenoid (SFLH),ABS Solenoid (SFLR),ABS Solenoid (SFRH),ABS Solenoid (SFRR),ABS Solenoid (SRLH),ABS Solenoid (SRLR),ABS Solenoid (SRRH),ABS Solenoid (SRRR),ABS Warning Light,Accelerator Opening Angle% [%],Auto LSD Indicator Light,Automatic Disconnect Diff Switch,BA Ctrl Status,Brake Warning Light,Buzzer,Deceleration Open,Deceleration Sensor [m/s^2],Deceleration Sensor2 [m/s^2],ECB Motor Relay,EFI Communication Invalid,EFI Communication Open,Engine Revolutions [rpm],Fail Safe Motor Relay,FL Speed Open,FL Speed Sensor Voltage Open,FL Wheel ABS Ctrl Status,FL Wheel Acceleration [m/s^2],FL Wheel Direction,FL Wheel Speed [km/h],FL Wheel VSC Ctrl Status,Forward and Rearward G [m/s^2],FR Speed Open,FR Speed Sensor Voltage Open,FR Wheel ABS Ctrl Status,FR Wheel Acceleration [m/s^2],FR Wheel Direction,FR Wheel Speed [km/h],FR Wheel VSC Ctrl Status,Gear Position,IG Voltage Value Decreased,IG Voltage Value Increased,IG1 Voltage Value [V],Inspection Mode,L4 Switch,Lateral G [m/s^2],M/C Pressure Sensor Noise,Main Idle Switch/System Start,Master Cylinder Open,Master Cylinder Sensor [V],MT Voltage Value [V],Number of DTC,Number of IG ON(Inspection),Parking Brake Switch,Real Engine Torque [Nm],Rear Diff Lock Switch,RL Speed Open,RL Speed Sensor Voltage Open,RL Wheel ABS Ctrl Status,RL Wheel Acceleration [m/s^2],RL Wheel Direction,RL Wheel EBD Ctrl Status,RL Wheel Speed [km/h],RL Wheel VSC Ctrl Status,RR Speed Open,RR Speed Sensor Voltage Open,RR Wheel ABS Ctrl Status,RR Wheel Acceleration [m/s^2],RR Wheel Direction,RR Wheel EBD Ctrl Status,RR Wheel Speed [km/h],RR Wheel VSC Ctrl Status,Shift Information,Shift Lever Position,Slip Indicator Light,Solenoid Relay,Steering Angle Sensor [deg],Steering Angle Value [deg],Steering Open,Stop Light Switch,TR(A)C/VSC Solenoid(SM1),TR(A)C/VSC Solenoid(SM2),TRC(TRAC)Brake Ctrl Status,TRC(TRAC)Ctrl Status,TRC(TRAC)Engine/EV Ctrl Status,TRC/VSC Off Mode,Vehicle Speed [km/h],Yaw Rate Open,Yaw Rate Sensor [degree/s],Yaw Rate Sensor Voltage Open,Yaw Rate Sensor2 [degree/s],Yaw Rate Value [degree/s],Zero Point of Decele [m/s^2],Zero Point of Decele2 [m/s^2],Zero Point of M/C [MPa],Zero Point of Steering Angle [deg],Zero Point of Yaw Rate [deg],Zero Point of Yaw Rate2 [degree/s]
1,OFF,OFF,OFF,OFF,OFF,OFF,OFF,OFF,OFF,0,OFF,OFF,OFF,ON,0,0,0,0,0,0,0,0,0,0,0,0,0,0,0,0,0,0,0,0,0,0,0,0,0,0,0,0,0,0,0,0,0,0,0,0,0,0,0,0,0,0,0,0,0,0,0,0,0,0,0,0,0,0,0,0,0,0,0,0,0,0,0,0,0,0,0,0,0,0,0,0,0,0,0,0,0,0,0,0,0,0,0
2,OFF,OFF,OFF,OFF,OFF,OFF,OFF,OFF,OFF,0,OFF,OFF,OFF,ON,OFF,0,0,0,0,0,0,0,0,0,0,0,0,0,0,0,0,0,0,0,0,0,0,0,0,0,0,0,0,0,0,0,0,0,0,0,0,0,0,0,0,0,0,0,0,0,0,0,0,0,0,0,0,0,0,0,0,0,0,0,0,0,0,0,0,0,0,0,0,0,0,0,0,0,0,0,0,0,0,0,0,0,0
3,OFF,OFF,OFF,OFF,OFF,OFF,OFF,OFF,OFF,0,OFF,OFF,OFF,ON,OFF,Normal,0,0,0,0,0,0,0,0,0,0,0,0,0,0,0,0,0,0,0,0,0,0,0,0,0,0,0,0,0,0,0,0,0,0,0,0,0,0,0,0,0,0,0,0,0,0,0,0,0,0,0,0,0,0,0,0,0,0,0,0,0,0,0,0,0,0,0,0,0,0,0,0,0,0,0,0,0,0,0,0,0
4,OFF,OFF,OFF,OFF,OFF,OFF,OFF,OFF,OFF,0,OFF,OFF,OFF,ON,OFF,Normal,0.000,0,0,0,0,0,0,0,0,0,0,0,0,0,0,0,0,0,0,0,0,0,0,0,0,0,0,0,0,0,0,0,0,0,0,0,0,0,0,0,0,0,0,0,0,0,0,0,0,0,0,0,0,0,0,0,0,0,0,0,0,0,0,0,0,0,0,0,0,0,0,0,0,0,0,0,0,0,0,0,0
5,OFF,OFF,OFF,OFF,OFF,OFF,OFF,OFF,OFF,0,OFF,OFF,OFF,ON,OFF,Normal,0.000,0.143,0,0,0,0,0,0,0,0,0,0,0,0,0,0,0,0,0,0,0,0,0,0,0,0,0,0,0,0,0,0,0,0,0,0,0,0,0,0,0,0,0,0,0,0,0,0,0,0,0,0,0,0,0,0,0,0,0,0,0,0,0,0,0,0,0,0,0,0,0,0,0,0,0,0,0,0,0,0,0
6,OFF,OFF,OFF,OFF,OFF,OFF,OFF,OFF,OFF,0,OFF,OFF,OFF,ON,OFF,Normal,0.000,0.143,OFF,0,0,0,0,0,0,0,0,0,0,0,0,0,0,0,0,0,0,0,0,0,0,0,0,0,0,0,0,0,0,0,0,0,0,0,0,0,0,0,0,0,0,0,0,0,0,0,0,0,0,0,0,0,0,0,0,0,0,0,0,0,0,0,0,0,0,0,0,0,0,0,0,0,0,0,0,0,0
7,OFF,OFF,OFF,OFF,OFF,OFF,OFF,OFF,OFF,0,OFF,OFF,OFF,ON,OFF,Normal,0.000,0.143,OFF,Normal,0,0,0,0,0,0,0,0,0,0,0,0,0,0,0,0,0,0,0,0,0,0,0,0,0,0,0,0,0,0,0,0,0,0,0,0,0,0,0,0,0,0,0,0,0,0,0,0,0,0,0,0,0,0,0,0,0,0,0,0,0,0,0,0,0,0,0,0,0,0,0,0,0,0,0,0,0
8,OFF,OFF,OFF,OFF,OFF,OFF,OFF,OFF,OFF,0,OFF,OFF,OFF,ON,OFF,Normal,0.000,0.143,OFF,Normal,Normal,0,0,0,0,0,0,0,0,0,0,0,0,0,0,0,0,0,0,0,0,0,0,0,0,0,0,0,0,0,0,0,0,0,0,0,0,0,0,0,0,0,0,0,0,0,0,0,0,0,0,0,0,0,0,0,0,0,0,0,0,0,0,0,0,0,0,0,0,0,0,0,0,0,0,0,0
9,OFF,OFF,OFF,OFF,OFF,OFF,OFF,OFF,OFF,0,OFF,OFF,OFF,ON,OFF,Normal,0.000,0.143,OFF,Normal,Normal,708,0,0,0,0,0,0,0,0,0,0,0,0,0,0,0,0,0,0,0,0,0,0,0,0,0,0,0,0,0,0,0,0,0,0,0,0,0,0,0,0,0,0,0,0,0,0,0,0,0,0,0,0,0,0,0,0,0,0,0,0,0,0,0,0,0,0,0,0,0,0,0,0,0,0,0
10,OFF,OFF,OFF,OFF,OFF,OFF,OFF,OFF,OFF,0,OFF,OFF,OFF,ON,OFF,Normal,0.000,0.143,OFF,Normal,Normal,708,ON,0,0,0,0,0,0,0,0,0,0,0,0,0,0,0,0,0,0,0,0,0,0,0,0,0,0,0,0,0,0,0,0,0,0,0,0,0,0,0,0,0,0,0,0,0,0,0,0,0,0,0,0,0,0,0,0,0,0,0,0,0,0,0,0,0,0,0,0,0,0,0,0,0,0
11,OFF,OFF,OFF,OFF,OFF,OFF,OFF,OFF,OFF,0,OFF,OFF,OFF,ON,OFF,Normal,0.000,0.143,OFF,Normal,Normal,708,ON,Normal,0,0,0,0,0,0,0,0,0,0,0,0,0,0,0,0,0,0,0,0,0,0,0,0,0,0,0,0,0,0,0,0,0,0,0,0,0,0,0,0,0,0,0,0,0,0,0,0,0,0,0,0,0,0,0,0,0,0,0,0,0,0,0,0,0,0,0,0,0,0,0,0,0
12,OFF,OFF,OFF,OFF,OFF,OFF,OFF,OFF,OFF,0,OFF,OFF,OFF,ON,OFF,Normal,0.000,0.143,OFF,Normal,Normal,708,ON,Normal,Normal,0,0,0,0,0,0,0,0,0,0,0,0,0,0,0,0,0,0,0,0,0,0,0,0,0,0,0,0,0,0,0,0,0,0,0,0,0,0,0,0,0,0,0,0,0,0,0,0,0,0,0,0,0,0,0,0,0,0,0,0,0,0,0,0,0,0,0,0,0,0,0,0
13,OFF,OFF,OFF,OFF,OFF,OFF,OFF,OFF,OFF,0,OFF,OFF,OFF,ON,OFF,Normal,0.000,0.143,OFF,Normal,Normal,708,ON,Normal,Normal,OFF,0,0,0,0,0,0,0,0,0,0,0,0,0,0,0,0,0,0,0,0,0,0,0,0,0,0,0,0,0,0,0,0,0,0,0,0,0,0,0,0,0,0,0,0,0,0,0,0,0,0,0,0,0,0,0,0,0,0,0,0,0,0,0,0,0,0,0,0,0,0,0
14,OFF,OFF,OFF,OFF,OFF,OFF,OFF,OFF,OFF,0,OFF,OFF,OFF,ON,OFF,Normal,0.000,0.143,OFF,Normal,Normal,708,ON,Normal,Normal,OFF,0,0,0,0,0,0,0,0,0,0,0,0,0,0,0,0,0,0,0,0,0,0,0,0,0,0,0,0,0,0,0,0,0,0,0,0,0,0,0,0,0,0,0,0,0,0,0,0,0,0,0,0,0,0,0,0,0,0,0,0,0,0,0,0,0,0,0,0,0,0,0
15,OFF,OFF,OFF,OFF,OFF,OFF,OFF,OFF,OFF,0,OFF,OFF,OFF,ON,OFF,Normal,0.000,0.143,OFF,Normal,Normal,708,ON,Normal,Normal,OFF,0,Forward,0,0,0,0,0,0,0,0,0,0,0,0,0,0,0,0,0,0,0,0,0,0,0,0,0,0,0,0,0,0,0,0,0,0,0,0,0,0,0,0,0,0,0,0,0,0,0,0,0,0,0,0,0,0,0,0,0,0,0,0,0,0,0,0,0,0,0,0,0
16,OFF,OFF,OFF,OFF,OFF,OFF,OFF,OFF,OFF,0,OFF,OFF,OFF,ON,OFF,Normal,0.000,0.143,OFF,Normal,Normal,708,ON,Normal,Normal,OFF,0,Forward,0,0,0,0,0,0,0,0,0,0,0,0,0,0,0,0,0,0,0,0,0,0,0,0,0,0,0,0,0,0,0,0,0,0,0,0,0,0,0,0,0,0,0,0,0,0,0,0,0,0,0,0,0,0,0,0,0,0,0,0,0,0,0,0,0,0,0,0,0
17,OFF,OFF,OFF,OFF,OFF,OFF,OFF,OFF,OFF,0,OFF,OFF,OFF,ON,OFF,Normal,0.000,0.143,OFF,Normal,Normal,708,ON,Normal,Normal,OFF,0,Forward,0,OFF,0,0,0,0,0,0,0,0,0,0,0,0,0,0,0,0,0,0,0,0,0,0,0,0,0,0,0,0,0,0,0,0,0,0,0,0,0,0,0,0,0,0,0,0,0,0,0,0,0,0,0,0,0,0,0,0,0,0,0,0,0,0,0,0,0,0,0
18,OFF,OFF,OFF,OFF,OFF,OFF,OFF,OFF,OFF,0,OFF,OFF,OFF,ON,OFF,Normal,0.000,0.143,OFF,Normal,Normal,708,ON,Normal,Normal,OFF,0,Forward,0,OFF,-0.196,0,0,0,0,0,0,0,0,0,0,0,0,0,0,0,0,0,0,0,0,0,0,0,0,0,0,0,0,0,0,0,0,0,0,0,0,0,0,0,0,0,0,0,0,0,0,0,0,0,0,0,0,0,0,0,0,0,0,0,0,0,0,0,0,0,0
19,OFF,OFF,OFF,OFF,OFF,OFF,OFF,OFF,OFF,0,OFF,OFF,OFF,ON,OFF,Normal,0.000,0.143,OFF,Normal,Normal,708,ON,Normal,Normal,OFF,0,Forward,0,OFF,-0.196,Normal,0,0,0,0,0,0,0,0,0,0,0,0,0,0,0,0,0,0,0,0,0,0,0,0,0,0,0,0,0,0,0,0,0,0,0,0,0,0,0,0,0,0,0,0,0,0,0,0,0,0,0,0,0,0,0,0,0,0,0,0,0,0,0,0,0
20,OFF,OFF,OFF,OFF,OFF,OFF,OFF,OFF,OFF,0,OFF,OFF,OFF,ON,OFF,Normal,0.000,0.143,OFF,Normal,Normal,708,ON,Normal,Normal,OFF,0,Forward,0,OFF,-0.196,Normal,Normal,0,0,0,0,0,0,0,0,0,0,0,0,0,0,0,0,0,0,0,0,0,0,0,0,0,0,0,0,0,0,0,0,0,0,0,0,0,0,0,0,0,0,0,0,0,0,0,0,0,0,0,0,0,0,0,0,0,0,0,0,0,0,0,0
21,OFF,OFF,OFF,OFF,OFF,OFF,OFF,OFF,OFF,0,OFF,OFF,OFF,ON,OFF,Normal,0.000,0.143,OFF,Normal,Normal,708,ON,Normal,Normal,OFF,0,Forward,0,OFF,-0.196,Normal,Normal,OFF,0,0,0,0,0,0,0,0,0,0,0,0,0,0,0,0,0,0,0,0,0,0,0,0,0,0,0,0,0,0,0,0,0,0,0,0,0,0,0,0,0,0,0,0,0,0,0,0,0,0,0,0,0,0,0,0,0,0,0,0,0,0,0
22,OFF,OFF,OFF,OFF,OFF,OFF,OFF,OFF,OFF,0,OFF,OFF,OFF,ON,OFF,Normal,0.000,0.143,OFF,Normal,Normal,708,ON,Normal,Normal,OFF,0,Forward,0,OFF,-0.196,Normal,Normal,OFF,0,0,0,0,0,0,0,0,0,0,0,0,0,0,0,0,0,0,0,0,0,0,0,0,0,0,0,0,0,0,0,0,0,0,0,0,0,0,0,0,0,0,0,0,0,0,0,0,0,0,0,0,0,0,0,0,0,0,0,0,0,0,0
23,OFF,OFF,OFF,OFF,OFF,OFF,OFF,OFF,OFF,0,OFF,OFF,OFF,ON,OFF,Normal,0.000,0.143,OFF,Normal,Normal,708,ON,Normal,Normal,OFF,0,Forward,0,OFF,-0.196,Normal,Normal,OFF,0,Forward,0,0,0,0,0,0,0,0,0,0,0,0,0,0,0,0,0,0,0,0,0,0,0,0,0,0,0,0,0,0,0,0,0,0,0,0,0,0,0,0,0,0,0,0,0,0,0,0,0,0,0,0,0,0,0,0,0,0,0,0,0
24,OFF,OFF,OFF,OFF,OFF,OFF,OFF,OFF,OFF,0,OFF,OFF,OFF,ON,OFF,Normal,0.000,0.143,OFF,Normal,Normal,708,ON,Normal,Normal,OFF,0,Forward,0,OFF,-0.196,Normal,Normal,OFF,0,Forward,0,0,0,0,0,0,0,0,0,0,0,0,0,0,0,0,0,0,0,0,0,0,0,0,0,0,0,0,0,0,0,0,0,0,0,0,0,0,0,0,0,0,0,0,0,0,0,0,0,0,0,0,0,0,0,0,0,0,0,0,0
25,OFF,OFF,OFF,OFF,OFF,OFF,OFF,OFF,OFF,0,OFF,OFF,OFF,ON,OFF,Normal,0.000,0.143,OFF,Normal,Normal,708,ON,Normal,Normal,OFF,0,Forward,0,OFF,-0.196,Normal,Normal,OFF,0,Forward,0,OFF,0,0,0,0,0,0,0,0,0,0,0,0,0,0,0,0,0,0,0,0,0,0,0,0,0,0,0,0,0,0,0,0,0,0,0,0,0,0,0,0,0,0,0,0,0,0,0,0,0,0,0,0,0,0,0,0,0,0,0
26,OFF,OFF,OFF,OFF,OFF,OFF,OFF,OFF,OFF,0,OFF,OFF,OFF,ON,OFF,Normal,0.000,0.143,OFF,Normal,Normal,708,ON,Normal,Normal,OFF,0,Forward,0,OFF,-0.196,Normal,Normal,OFF,0,Forward,0,OFF,"P,N",0,0,0,0,0,0,0,0,0,0,0,0,0,0,0,0,0,0,0,0,0,0,0,0,0,0,0,0,0,0,0,0,0,0,0,0,0,0,0,0,0,0,0,0,0,0,0,0,0,0,0,0,0,0,0,0,0,0
27,OFF,OFF,OFF,OFF,OFF,OFF,OFF,OFF,OFF,0,OFF,OFF,OFF,ON,OFF,Normal,0.000,0.143,OFF,Normal,Normal,708,ON,Normal,Normal,OFF,0,Forward,0,OFF,-0.196,Normal,Normal,OFF,0,Forward,0,OFF,"P,N",Normal,0,0,0,0,0,0,0,0,0,0,0,0,0,0,0,0,0,0,0,0,0,0,0,0,0,0,0,0,0,0,0,0,0,0,0,0,0,0,0,0,0,0,0,0,0,0,0,0,0,0,0,0,0,0,0,0,0
28,OFF,OFF,OFF,OFF,OFF,OFF,OFF,OFF,OFF,0,OFF,OFF,OFF,ON,OFF,Normal,0.000,0.143,OFF,Normal,Normal,708,ON,Normal,Normal,OFF,0,Forward,0,OFF,-0.196,Normal,Normal,OFF,0,Forward,0,OFF,"P,N",Normal,Normal,0,0,0,0,0,0,0,0,0,0,0,0,0,0,0,0,0,0,0,0,0,0,0,0,0,0,0,0,0,0,0,0,0,0,0,0,0,0,0,0,0,0,0,0,0,0,0,0,0,0,0,0,0,0,0,0
29,OFF,OFF,OFF,OFF,OFF,OFF,OFF,OFF,OFF,0,OFF,OFF,OFF,ON,OFF,Normal,0.000,0.143,OFF,Normal,Normal,708,ON,Normal,Normal,OFF,0,Forward,0,OFF,-0.196,Normal,Normal,OFF,0,Forward,0,OFF,"P,N",Normal,Normal,13.725,0,0,0,0,0,0,0,0,0,0,0,0,0,0,0,0,0,0,0,0,0,0,0,0,0,0,0,0,0,0,0,0,0,0,0,0,0,0,0,0,0,0,0,0,0,0,0,0,0,0,0,0,0,0,0
30,OFF,OFF,OFF,OFF,OFF,OFF,OFF,OFF,OFF,0,OFF,OFF,OFF,ON,OFF,Normal,0.000,0.143,OFF,Normal,Normal,708,ON,Normal,Normal,OFF,0,Forward,0,OFF,-0.196,Normal,Normal,OFF,0,Forward,0,OFF,"P,N",Normal,Normal,13.725,Other,0,0,0,0,0,0,0,0,0,0,0,0,0,0,0,0,0,0,0,0,0,0,0,0,0,0,0,0,0,0,0,0,0,0,0,0,0,0,0,0,0,0,0,0,0,0,0,0,0,0,0,0,0,0
31,OFF,OFF,OFF,OFF,OFF,OFF,OFF,OFF,OFF,0,OFF,OFF,OFF,ON,OFF,Normal,0.000,0.143,OFF,Normal,Normal,708,ON,Normal,Normal,OFF,0,Forward,0,OFF,-0.196,Normal,Normal,OFF,0,Forward,0,OFF,"P,N",Normal,Normal,13.725,Other,OFF,0,0,0,0,0,0,0,0,0,0,0,0,0,0,0,0,0,0,0,0,0,0,0,0,0,0,0,0,0,0,0,0,0,0,0,0,0,0,0,0,0,0,0,0,0,0,0,0,0,0,0,0,0
32,OFF,OFF,OFF,OFF,OFF,OFF,OFF,OFF,OFF,0,OFF,OFF,OFF,ON,OFF,Normal,0.000,0.143,OFF,Normal,Normal,708,ON,Normal,Normal,OFF,0,Forward,0,OFF,-0.196,Normal,Normal,OFF,0,Forward,0,OFF,"P,N",Normal,Normal,13.725,Other,OFF,0,0,0,0,0,0,0,0,0,0,0,0,0,0,0,0,0,0,0,0,0,0,0,0,0,0,0,0,0,0,0,0,0,0,0,0,0,0,0,0,0,0,0,0,0,0,0,0,0,0,0,0,0
33,OFF,OFF,OFF,OFF,OFF,OFF,OFF,OFF,OFF,0,OFF,OFF,OFF,ON,OFF,Normal,0.000,0.143,OFF,Normal,Normal,708,ON,Normal,Normal,OFF,0,Forward,0,OFF,-0.196,Normal,Normal,OFF,0,Forward,0,OFF,"P,N",Normal,Normal,13.725,Other,OFF,0,Normal,0,0,0,0,0,0,0,0,0,0,0,0,0,0,0,0,0,0,0,0,0,0,0,0,0,0,0,0,0,0,0,0,0,0,0,0,0,0,0,0,0,0,0,0,0,0,0,0,0,0,0
34,OFF,OFF,OFF,OFF,OFF,OFF,OFF,OFF,OFF,0,OFF,OFF,OFF,ON,OFF,Normal,0.000,0.143,OFF,Normal,Normal,708,ON,Normal,Normal,OFF,0,Forward,0,OFF,-0.196,Normal,Normal,OFF,0,Forward,0,OFF,"P,N",Normal,Normal,13.725,Other,OFF,0,Normal,ON,0,0,0,0,0,0,0,0,0,0,0,0,0,0,0,0,0,0,0,0,0,0,0,0,0,0,0,0,0,0,0,0,0,0,0,0,0,0,0,0,0,0,0,0,0,0,0,0,0,0
35,OFF,OFF,OFF,OFF,OFF,OFF,OFF,OFF,OFF,0,OFF,OFF,OFF,ON,OFF,Normal,0.000,0.143,OFF,Normal,Normal,708,ON,Normal,Normal,OFF,0,Forward,0,OFF,-0.196,Normal,Normal,OFF,0,Forward,0,OFF,"P,N",Normal,Normal,13.725,Other,OFF,0,Normal,ON,Normal,0,0,0,0,0,0,0,0,0,0,0,0,0,0,0,0,0,0,0,0,0,0,0,0,0,0,0,0,0,0,0,0,0,0,0,0,0,0,0,0,0,0,0,0,0,0,0,0,0
36,OFF,OFF,OFF,OFF,OFF,OFF,OFF,OFF,OFF,0,OFF,OFF,OFF,ON,OFF,Normal,0.000,0.143,OFF,Normal,Normal,708,ON,Normal,Normal,OFF,0,Forward,0,OFF,-0.196,Normal,Normal,OFF,0,Forward,0,OFF,"P,N",Normal,Normal,13.725,Other,OFF,0,Normal,ON,Normal,1.373,0,0,0,0,0,0,0,0,0,0,0,0,0,0,0,0,0,0,0,0,0,0,0,0,0,0,0,0,0,0,0,0,0,0,0,0,0,0,0,0,0,0,0,0,0,0,0,0
37,OFF,OFF,OFF,OFF,OFF,OFF,OFF,OFF,OFF,0,OFF,OFF,OFF,ON,OFF,Normal,0.000,0.143,OFF,Normal,Normal,708,ON,Normal,Normal,OFF,0,Forward,0,OFF,-0.196,Normal,Normal,OFF,0,Forward,0,OFF,"P,N",Normal,Normal,13.725,Other,OFF,0,Normal,ON,Normal,1.373,0,0,0,0,0,0,0,0,0,0,0,0,0,0,0,0,0,0,0,0,0,0,0,0,0,0,0,0,0,0,0,0,0,0,0,0,0,0,0,0,0,0,0,0,0,0,0,0
38,OFF,OFF,OFF,OFF,OFF,OFF,OFF,OFF,OFF,0,OFF,OFF,OFF,ON,OFF,Normal,0.000,0.143,OFF,Normal,Normal,708,ON,Normal,Normal,OFF,0,Forward,0,OFF,-0.196,Normal,Normal,OFF,0,Forward,0,OFF,"P,N",Normal,Normal,13.725,Other,OFF,0,Normal,ON,Normal,1.373,0,0,0,0,0,0,0,0,0,0,0,0,0,0,0,0,0,0,0,0,0,0,0,0,0,0,0,0,0,0,0,0,0,0,0,0,0,0,0,0,0,0,0,0,0,0,0,0
39,OFF,OFF,OFF,OFF,OFF,OFF,OFF,OFF,OFF,0,OFF,OFF,OFF,ON,OFF,Normal,0.000,0.143,OFF,Normal,Normal,708,ON,Normal,Normal,OFF,0,Forward,0,OFF,-0.196,Normal,Normal,OFF,0,Forward,0,OFF,"P,N",Normal,Normal,13.725,Other,OFF,0,Normal,ON,Normal,1.373,0,0,255,0,0,0,0,0,0,0,0,0,0,0,0,0,0,0,0,0,0,0,0,0,0,0,0,0,0,0,0,0,0,0,0,0,0,0,0,0,0,0,0,0,0,0,0,0
40,OFF,OFF,OFF,OFF,OFF,OFF,OFF,OFF,OFF,0,OFF,OFF,OFF,ON,OFF,Normal,0.000,0.143,OFF,Normal,Normal,708,ON,Normal,Normal,OFF,0,Forward,0,OFF,-0.196,Normal,Normal,OFF,0,Forward,0,OFF,"P,N",Normal,Normal,13.725,Other,OFF,0,Normal,ON,Normal,1.373,0,0,255,ON,0,0,0,0,0,0,0,0,0,0,0,0,0,0,0,0,0,0,0,0,0,0,0,0,0,0,0,0,0,0,0,0,0,0,0,0,0,0,0,0,0,0,0,0
41,OFF,OFF,OFF,OFF,OFF,OFF,OFF,OFF,OFF,0,OFF,OFF,OFF,ON,OFF,Normal,0.000,0.143,OFF,Normal,Normal,708,ON,Normal,Normal,OFF,0,Forward,0,OFF,-0.196,Normal,Normal,OFF,0,Forward,0,OFF,"P,N",Normal,Normal,13.725,Other,OFF,0,Normal,ON,Normal,1.373,0,0,255,ON,-2.625,0,0,0,0,0,0,0,0,0,0,0,0,0,0,0,0,0,0,0,0,0,0,0,0,0,0,0,0,0,0,0,0,0,0,0,0,0,0,0,0,0,0,0
42,OFF,OFF,OFF,OFF,OFF,OFF,OFF,OFF,OFF,0,OFF,OFF,OFF,ON,OFF,Normal,0.000,0.143,OFF,Normal,Normal,708,ON,Normal,Normal,OFF,0,Forward,0,OFF,-0.196,Normal,Normal,OFF,0,Forward,0,OFF,"P,N",Normal,Normal,13.725,Other,OFF,0,Normal,ON,Normal,1.373,0,0,255,ON,-2.625,OFF,0,0,0,0,0,0,0,0,0,0,0,0,0,0,0,0,0,0,0,0,0,0,0,0,0,0,0,0,0,0,0,0,0,0,0,0,0,0,0,0,0,0
43,OFF,OFF,OFF,OFF,OFF,OFF,OFF,OFF,OFF,0,OFF,OFF,OFF,ON,OFF,Normal,0.000,0.143,OFF,Normal,Normal,708,ON,Normal,Normal,OFF,0,Forward,0,OFF,-0.196,Normal,Normal,OFF,0,Forward,0,OFF,"P,N",Normal,Normal,13.725,Other,OFF,0,Normal,ON,Normal,1.373,0,0,255,ON,-2.625,OFF,Normal,0,0,0,0,0,0,0,0,0,0,0,0,0,0,0,0,0,0,0,0,0,0,0,0,0,0,0,0,0,0,0,0,0,0,0,0,0,0,0,0,0
44,OFF,OFF,OFF,OFF,OFF,OFF,OFF,OFF,OFF,0,OFF,OFF,OFF,ON,OFF,Normal,0.000,0.143,OFF,Normal,Normal,708,ON,Normal,Normal,OFF,0,Forward,0,OFF,-0.196,Normal,Normal,OFF,0,Forward,0,OFF,"P,N",Normal,Normal,13.725,Other,OFF,0,Normal,ON,Normal,1.373,0,0,255,ON,-2.625,OFF,Normal,Normal,0,0,0,0,0,0,0,0,0,0,0,0,0,0,0,0,0,0,0,0,0,0,0,0,0,0,0,0,0,0,0,0,0,0,0,0,0,0,0,0
45,OFF,OFF,OFF,OFF,OFF,OFF,OFF,OFF,OFF,0,OFF,OFF,OFF,ON,OFF,Normal,0.000,0.143,OFF,Normal,Normal,708,ON,Normal,Normal,OFF,0,Forward,0,OFF,-0.196,Normal,Normal,OFF,0,Forward,0,OFF,"P,N",Normal,Normal,13.725,Other,OFF,0,Normal,ON,Normal,1.373,0,0,255,ON,-2.625,OFF,Normal,Normal,OFF,0,0,0,0,0,0,0,0,0,0,0,0,0,0,0,0,0,0,0,0,0,0,0,0,0,0,0,0,0,0,0,0,0,0,0,0,0,0,0
46,OFF,OFF,OFF,OFF,OFF,OFF,OFF,OFF,OFF,0,OFF,OFF,OFF,ON,OFF,Normal,0.000,0.143,OFF,Normal,Normal,708,ON,Normal,Normal,OFF,0,Forward,0,OFF,-0.196,Normal,Normal,OFF,0,Forward,0,OFF,"P,N",Normal,Normal,13.725,Other,OFF,0,Normal,ON,Normal,1.373,0,0,255,ON,-2.625,OFF,Normal,Normal,OFF,0,0,0,0,0,0,0,0,0,0,0,0,0,0,0,0,0,0,0,0,0,0,0,0,0,0,0,0,0,0,0,0,0,0,0,0,0,0,0
47,OFF,OFF,OFF,OFF,OFF,OFF,OFF,OFF,OFF,0,OFF,OFF,OFF,ON,OFF,Normal,0.000,0.143,OFF,Normal,Normal,708,ON,Normal,Normal,OFF,0,Forward,0,OFF,-0.196,Normal,Normal,OFF,0,Forward,0,OFF,"P,N",Normal,Normal,13.725,Other,OFF,0,Normal,ON,Normal,1.373,0,0,255,ON,-2.625,OFF,Normal,Normal,OFF,0,Forward,0,0,0,0,0,0,0,0,0,0,0,0,0,0,0,0,0,0,0,0,0,0,0,0,0,0,0,0,0,0,0,0,0,0,0,0,0
48,OFF,OFF,OFF,OFF,OFF,OFF,OFF,OFF,OFF,0,OFF,OFF,OFF,ON,OFF,Normal,0.000,0.143,OFF,Normal,Normal,708,ON,Normal,Normal,OFF,0,Forward,0,OFF,-0.196,Normal,Normal,OFF,0,Forward,0,OFF,"P,N",Normal,Normal,13.725,Other,OFF,0,Normal,ON,Normal,1.373,0,0,255,ON,-2.625,OFF,Normal,Normal,OFF,0,Forward,OFF,0,0,0,0,0,0,0,0,0,0,0,0,0,0,0,0,0,0,0,0,0,0,0,0,0,0,0,0,0,0,0,0,0,0,0,0
49,OFF,OFF,OFF,OFF,OFF,OFF,OFF,OFF,OFF,0,OFF,OFF,OFF,ON,OFF,Normal,0.000,0.143,OFF,Normal,Normal,708,ON,Normal,Normal,OFF,0,Forward,0,OFF,-0.196,Normal,Normal,OFF,0,Forward,0,OFF,"P,N",Normal,Normal,13.725,Other,OFF,0,Normal,ON,Normal,1.373,0,0,255,ON,-2.625,OFF,Normal,Normal,OFF,0,Forward,OFF,0,0,0,0,0,0,0,0,0,0,0,0,0,0,0,0,0,0,0,0,0,0,0,0,0,0,0,0,0,0,0,0,0,0,0,0
50,OFF,OFF,OFF,OFF,OFF,OFF,OFF,OFF,OFF,0,OFF,OFF,OFF,ON,OFF,Normal,0.000,0.143,OFF,Normal,Normal,708,ON,Normal,Normal,OFF,0,Forward,0,OFF,-0.196,Normal,Normal,OFF,0,Forward,0,OFF,"P,N",Normal,Normal,13.725,Other,OFF,0,Normal,ON,Normal,1.373,0,0,255,ON,-2.625,OFF,Normal,Normal,OFF,0,Forward,OFF,0,OFF,0,0,0,0,0,0,0,0,0,0,0,0,0,0,0,0,0,0,0,0,0,0,0,0,0,0,0,0,0,0,0,0,0,0
51,OFF,OFF,OFF,OFF,OFF,OFF,OFF,OFF,OFF,0,OFF,OFF,OFF,ON,OFF,Normal,0.000,0.143,OFF,Normal,Normal,708,ON,Normal,Normal,OFF,0,Forward,0,OFF,-0.196,Normal,Normal,OFF,0,Forward,0,OFF,"P,N",Normal,Normal,13.725,Other,OFF,0,Normal,ON,Normal,1.373,0,0,255,ON,-2.625,OFF,Normal,Normal,OFF,0,Forward,OFF,0,OFF,Normal,0,0,0,0,0,0,0,0,0,0,0,0,0,0,0,0,0,0,0,0,0,0,0,0,0,0,0,0,0,0,0,0,0
52,OFF,OFF,OFF,OFF,OFF,OFF,OFF,OFF,OFF,0,OFF,OFF,OFF,ON,OFF,Normal,0.000,0.143,OFF,Normal,Normal,708,ON,Normal,Normal,OFF,0,Forward,0,OFF,-0.196,Normal,Normal,OFF,0,Forward,0,OFF,"P,N",Normal,Normal,13.725,Other,OFF,0,Normal,ON,Normal,1.373,0,0,255,ON,-2.625,OFF,Normal,Normal,OFF,0,Forward,OFF,0,OFF,Normal,Normal,0,0,0,0,0,0,0,0,0,0,0,0,0,0,0,0,0,0,0,0,0,0,0,0,0,0,0,0,0,0,0,0
53,OFF,OFF,OFF,OFF,OFF,OFF,OFF,OFF,OFF,0,OFF,OFF,OFF,ON,OFF,Normal,0.000,0.143,OFF,Normal,Normal,708,ON,Normal,Normal,OFF,0,Forward,0,OFF,-0.196,Normal,Normal,OFF,0,Forward,0,OFF,"P,N",Normal,Normal,13.725,Other,OFF,0,Normal,ON,Normal,1.373,0,0,255,ON,-2.625,OFF,Normal,Normal,OFF,0,Forward,OFF,0,OFF,Normal,Normal,OFF,0,0,0,0,0,0,0,0,0,0,0,0,0,0,0,0,0,0,0,0,0,0,0,0,0,0,0,0,0,0,0
54,OFF,OFF,OFF,OFF,OFF,OFF,OFF,OFF,OFF,0,OFF,OFF,OFF,ON,OFF,Normal,0.000,0.143,OFF,Normal,Normal,708,ON,Normal,Normal,OFF,0,Forward,0,OFF,-0.196,Normal,Normal,OFF,0,Forward,0,OFF,"P,N",Normal,Normal,13.725,Other,OFF,0,Normal,ON,Normal,1.373,0,0,255,ON,-2.625,OFF,Normal,Normal,OFF,0,Forward,OFF,0,OFF,Normal,Normal,OFF,0,0,0,0,0,0,0,0,0,0,0,0,0,0,0,0,0,0,0,0,0,0,0,0,0,0,0,0,0,0,0
55,OFF,OFF,OFF,OFF,OFF,OFF,OFF,OFF,OFF,0,OFF,OFF,OFF,ON,OFF,Normal,0.000,0.143,OFF,Normal,Normal,708,ON,Normal,Normal,OFF,0,Forward,0,OFF,-0.196,Normal,Normal,OFF,0,Forward,0,OFF,"P,N",Normal,Normal,13.725,Other,OFF,0,Normal,ON,Normal,1.373,0,0,255,ON,-2.625,OFF,Normal,Normal,OFF,0,Forward,OFF,0,OFF,Normal,Normal,OFF,0,Forward,0,0,0,0,0,0,0,0,0,0,0,0,0,0,0,0,0,0,0,0,0,0,0,0,0,0,0,0,0
56,OFF,OFF,OFF,OFF,OFF,OFF,OFF,OFF,OFF,0,OFF,OFF,OFF,ON,OFF,Normal,0.000,0.143,OFF,Normal,Normal,708,ON,Normal,Normal,OFF,0,Forward,0,OFF,-0.196,Normal,Normal,OFF,0,Forward,0,OFF,"P,N",Normal,Normal,13.725,Other,OFF,0,Normal,ON,Normal,1.373,0,0,255,ON,-2.625,OFF,Normal,Normal,OFF,0,Forward,OFF,0,OFF,Normal,Normal,OFF,0,Forward,OFF,0,0,0,0,0,0,0,0,0,0,0,0,0,0,0,0,0,0,0,0,0,0,0,0,0,0,0,0
57,OFF,OFF,OFF,OFF,OFF,OFF,OFF,OFF,OFF,0,OFF,OFF,OFF,ON,OFF,Normal,0.000,0.143,OFF,Normal,Normal,708,ON,Normal,Normal,OFF,0,Forward,0,OFF,-0.196,Normal,Normal,OFF,0,Forward,0,OFF,"P,N",Normal,Normal,13.725,Other,OFF,0,Normal,ON,Normal,1.373,0,0,255,ON,-2.625,OFF,Normal,Normal,OFF,0,Forward,OFF,0,OFF,Normal,Normal,OFF,0,Forward,OFF,0,0,0,0,0,0,0,0,0,0,0,0,0,0,0,0,0,0,0,0,0,0,0,0,0,0,0,0
58,OFF,OFF,OFF,OFF,OFF,OFF,OFF,OFF,OFF,0,OFF,OFF,OFF,ON,OFF,Normal,0.000,0.143,OFF,Normal,Normal,708,ON,Normal,Normal,OFF,0,Forward,0,OFF,-0.196,Normal,Normal,OFF,0,Forward,0,OFF,"P,N",Normal,Normal,13.725,Other,OFF,0,Normal,ON,Normal,1.373,0,0,255,ON,-2.625,OFF,Normal,Normal,OFF,0,Forward,OFF,0,OFF,Normal,Normal,OFF,0,Forward,OFF,0,OFF,0,0,0,0,0,0,0,0,0,0,0,0,0,0,0,0,0,0,0,0,0,0,0,0,0,0
59,OFF,OFF,OFF,OFF,OFF,OFF,OFF,OFF,OFF,0,OFF,OFF,OFF,ON,OFF,Normal,0.000,0.143,OFF,Normal,Normal,708,ON,Normal,Normal,OFF,0,Forward,0,OFF,-0.196,Normal,Normal,OFF,0,Forward,0,OFF,"P,N",Normal,Normal,13.725,Other,OFF,0,Normal,ON,Normal,1.373,0,0,255,ON,-2.625,OFF,Normal,Normal,OFF,0,Forward,OFF,0,OFF,Normal,Normal,OFF,0,Forward,OFF,0,OFF,OFF,0,0,0,0,0,0,0,0,0,0,0,0,0,0,0,0,0,0,0,0,0,0,0,0,0
60,OFF,OFF,OFF,OFF,OFF,OFF,OFF,OFF,OFF,0,OFF,OFF,OFF,ON,OFF,Normal,0.000,0.143,OFF,Normal,Normal,708,ON,Normal,Normal,OFF,0,Forward,0,OFF,-0.196,Normal,Normal,OFF,0,Forward,0,OFF,"P,N",Normal,Normal,13.725,Other,OFF,0,Normal,ON,Normal,1.373,0,0,255,ON,-2.625,OFF,Normal,Normal,OFF,0,Forward,OFF,0,OFF,Normal,Normal,OFF,0,Forward,OFF,0,OFF,OFF,"P,N",0,0,0,0,0,0,0,0,0,0,0,0,0,0,0,0,0,0,0,0,0,0,0,0
61,OFF,OFF,OFF,OFF,OFF,OFF,OFF,OFF,OFF,0,OFF,OFF,OFF,ON,OFF,Normal,0.000,0.143,OFF,Normal,Normal,708,ON,Normal,Normal,OFF,0,Forward,0,OFF,-0.196,Normal,Normal,OFF,0,Forward,0,OFF,"P,N",Normal,Normal,13.725,Other,OFF,0,Normal,ON,Normal,1.373,0,0,255,ON,-2.625,OFF,Normal,Normal,OFF,0,Forward,OFF,0,OFF,Normal,Normal,OFF,0,Forward,OFF,0,OFF,OFF,"P,N",OFF,0,0,0,0,0,0,0,0,0,0,0,0,0,0,0,0,0,0,0,0,0,0,0
62,OFF,OFF,OFF,OFF,OFF,OFF,OFF,OFF,OFF,0,OFF,OFF,OFF,ON,OFF,Normal,0.000,0.143,OFF,Normal,Normal,708,ON,Normal,Normal,OFF,0,Forward,0,OFF,-0.196,Normal,Normal,OFF,0,Forward,0,OFF,"P,N",Normal,Normal,13.725,Other,OFF,0,Normal,ON,Normal,1.373,0,0,255,ON,-2.625,OFF,Normal,Normal,OFF,0,Forward,OFF,0,OFF,Normal,Normal,OFF,0,Forward,OFF,0,OFF,OFF,"P,N",OFF,ON,0,0,0,0,0,0,0,0,0,0,0,0,0,0,0,0,0,0,0,0,0,0
63,OFF,OFF,OFF,OFF,OFF,OFF,OFF,OFF,OFF,0,OFF,OFF,OFF,ON,OFF,Normal,0.000,0.143,OFF,Normal,Normal,708,ON,Normal,Normal,OFF,0,Forward,0,OFF,-0.196,Normal,Normal,OFF,0,Forward,0,OFF,"P,N",Normal,Normal,13.725,Other,OFF,0,Normal,ON,Normal,1.373,0,0,255,ON,-2.625,OFF,Normal,Normal,OFF,0,Forward,OFF,0,OFF,Normal,Normal,OFF,0,Forward,OFF,0,OFF,OFF,"P,N",OFF,ON,22.500,0,0,0,0,0,0,0,0,0,0,0,0,0,0,0,0,0,0,0,0,0
64,OFF,OFF,OFF,OFF,OFF,OFF,OFF,OFF,OFF,0,OFF,OFF,OFF,ON,OFF,Normal,0.000,0.143,OFF,Normal,Normal,708,ON,Normal,Normal,OFF,0,Forward,0,OFF,-0.196,Normal,Normal,OFF,0,Forward,0,OFF,"P,N",Normal,Normal,13.725,Other,OFF,0,Normal,ON,Normal,1.373,0,0,255,ON,-2.625,OFF,Normal,Normal,OFF,0,Forward,OFF,0,OFF,Normal,Normal,OFF,0,Forward,OFF,0,OFF,OFF,"P,N",OFF,ON,22.500,22.500,0,0,0,0,0,0,0,0,0,0,0,0,0,0,0,0,0,0,0,0
65,OFF,OFF,OFF,OFF,OFF,OFF,OFF,OFF,OFF,0,OFF,OFF,OFF,ON,OFF,Normal,0.000,0.143,OFF,Normal,Normal,708,ON,Normal,Normal,OFF,0,Forward,0,OFF,-0.196,Normal,Normal,OFF,0,Forward,0,OFF,"P,N",Normal,Normal,13.725,Other,OFF,0,Normal,ON,Normal,1.373,0,0,255,ON,-2.625,OFF,Normal,Normal,OFF,0,Forward,OFF,0,OFF,Normal,Normal,OFF,0,Forward,OFF,0,OFF,OFF,"P,N",OFF,ON,22.500,22.500,Normal,0,0,0,0,0,0,0,0,0,0,0,0,0,0,0,0,0,0,0
66,OFF,OFF,OFF,OFF,OFF,OFF,OFF,OFF,OFF,0,OFF,OFF,OFF,ON,OFF,Normal,0.000,0.143,OFF,Normal,Normal,708,ON,Normal,Normal,OFF,0,Forward,0,OFF,-0.196,Normal,Normal,OFF,0,Forward,0,OFF,"P,N",Normal,Normal,13.725,Other,OFF,0,Normal,ON,Normal,1.373,0,0,255,ON,-2.625,OFF,Normal,Normal,OFF,0,Forward,OFF,0,OFF,Normal,Normal,OFF,0,Forward,OFF,0,OFF,OFF,"P,N",OFF,ON,22.500,22.500,Normal,OFF,0,0,0,0,0,0,0,0,0,0,0,0,0,0,0,0,0,0
67,OFF,OFF,OFF,OFF,OFF,OFF,OFF,OFF,OFF,0,OFF,OFF,OFF,ON,OFF,Normal,0.000,0.143,OFF,Normal,Normal,708,ON,Normal,Normal,OFF,0,Forward,0,OFF,-0.196,Normal,Normal,OFF,0,Forward,0,OFF,"P,N",Normal,Normal,13.725,Other,OFF,0,Normal,ON,Normal,1.373,0,0,255,ON,-2.625,OFF,Normal,Normal,OFF,0,Forward,OFF,0,OFF,Normal,Normal,OFF,0,Forward,OFF,0,OFF,OFF,"P,N",OFF,ON,22.500,22.500,Normal,OFF,OFF,0,0,0,0,0,0,0,0,0,0,0,0,0,0,0,0,0
68,OFF,OFF,OFF,OFF,OFF,OFF,OFF,OFF,OFF,0,OFF,OFF,OFF,ON,OFF,Normal,0.000,0.143,OFF,Normal,Normal,708,ON,Normal,Normal,OFF,0,Forward,0,OFF,-0.196,Normal,Normal,OFF,0,Forward,0,OFF,"P,N",Normal,Normal,13.725,Other,OFF,0,Normal,ON,Normal,1.373,0,0,255,ON,-2.625,OFF,Normal,Normal,OFF,0,Forward,OFF,0,OFF,Normal,Normal,OFF,0,Forward,OFF,0,OFF,OFF,"P,N",OFF,ON,22.500,22.500,Normal,OFF,OFF,OFF,0,0,0,0,0,0,0,0,0,0,0,0,0,0,0,0
69,OFF,OFF,OFF,OFF,OFF,OFF,OFF,OFF,OFF,0,OFF,OFF,OFF,ON,OFF,Normal,0.000,0.143,OFF,Normal,Normal,708,ON,Normal,Normal,OFF,0,Forward,0,OFF,-0.196,Normal,Normal,OFF,0,Forward,0,OFF,"P,N",Normal,Normal,13.725,Other,OFF,0,Normal,ON,Normal,1.373,0,0,255,ON,-2.625,OFF,Normal,Normal,OFF,0,Forward,OFF,0,OFF,Normal,Normal,OFF,0,Forward,OFF,0,OFF,OFF,"P,N",OFF,ON,22.500,22.500,Normal,OFF,OFF,OFF,OFF,0,0,0,0,0,0,0,0,0,0,0,0,0,0,0
70,OFF,OFF,OFF,OFF,OFF,OFF,OFF,OFF,OFF,0,OFF,OFF,OFF,ON,OFF,Normal,0.000,0.143,OFF,Normal,Normal,708,ON,Normal,Normal,OFF,0,Forward,0,OFF,-0.196,Normal,Normal,OFF,0,Forward,0,OFF,"P,N",Normal,Normal,13.725,Other,OFF,0,Normal,ON,Normal,1.373,0,0,255,ON,-2.625,OFF,Normal,Normal,OFF,0,Forward,OFF,0,OFF,Normal,Normal,OFF,0,Forward,OFF,0,OFF,OFF,"P,N",OFF,ON,22.500,22.500,Normal,OFF,OFF,OFF,OFF,OFF,0,0,0,0,0,0,0,0,0,0,0,0,0,0
71,OFF,OFF,OFF,OFF,OFF,OFF,OFF,OFF,OFF,0,OFF,OFF,OFF,ON,OFF,Normal,0.000,0.143,OFF,Normal,Normal,708,ON,Normal,Normal,OFF,0,Forward,0,OFF,-0.196,Normal,Normal,OFF,0,Forward,0,OFF,"P,N",Normal,Normal,13.725,Other,OFF,0,Normal,ON,Normal,1.373,0,0,255,ON,-2.625,OFF,Normal,Normal,OFF,0,Forward,OFF,0,OFF,Normal,Normal,OFF,0,Forward,OFF,0,OFF,OFF,"P,N",OFF,ON,22.500,22.500,Normal,OFF,OFF,OFF,OFF,OFF,OFF,0,0,0,0,0,0,0,0,0,0,0,0,0
72,OFF,OFF,OFF,OFF,OFF,OFF,OFF,OFF,OFF,0,OFF,OFF,OFF,ON,OFF,Normal,0.000,0.143,OFF,Normal,Normal,708,ON,Normal,Normal,OFF,0,Forward,0,OFF,-0.196,Normal,Normal,OFF,0,Forward,0,OFF,"P,N",Normal,Normal,13.725,Other,OFF,0,Normal,ON,Normal,1.373,0,0,255,ON,-2.625,OFF,Normal,Normal,OFF,0,Forward,OFF,0,OFF,Normal,Normal,OFF,0,Forward,OFF,0,OFF,OFF,"P,N",OFF,ON,22.500,22.500,Normal,OFF,OFF,OFF,OFF,OFF,OFF,Normal,0,0,0,0,0,0,0,0,0,0,0,0
73,OFF,OFF,OFF,OFF,OFF,OFF,OFF,OFF,OFF,0,OFF,OFF,OFF,ON,OFF,Normal,0.000,0.143,OFF,Normal,Normal,708,ON,Normal,Normal,OFF,0,Forward,0,OFF,-0.196,Normal,Normal,OFF,0,Forward,0,OFF,"P,N",Normal,Normal,13.725,Other,OFF,0,Normal,ON,Normal,1.373,0,0,255,ON,-2.625,OFF,Normal,Normal,OFF,0,Forward,OFF,0,OFF,Normal,Normal,OFF,0,Forward,OFF,0,OFF,OFF,"P,N",OFF,ON,22.500,22.500,Normal,OFF,OFF,OFF,OFF,OFF,OFF,Normal,0,0,0,0,0,0,0,0,0,0,0,0
74,OFF,OFF,OFF,OFF,OFF,OFF,OFF,OFF,OFF,0,OFF,OFF,OFF,ON,OFF,Normal,0.000,0.143,OFF,Normal,Normal,708,ON,Normal,Normal,OFF,0,Forward,0,OFF,-0.196,Normal,Normal,OFF,0,Forward,0,OFF,"P,N",Normal,Normal,13.725,Other,OFF,0,Normal,ON,Normal,1.373,0,0,255,ON,-2.625,OFF,Normal,Normal,OFF,0,Forward,OFF,0,OFF,Normal,Normal,OFF,0,Forward,OFF,0,OFF,OFF,"P,N",OFF,ON,22.500,22.500,Normal,OFF,OFF,OFF,OFF,OFF,OFF,Normal,0,Normal,0,0,0,0,0,0,0,0,0,0
75,OFF,OFF,OFF,OFF,OFF,OFF,OFF,OFF,OFF,0,OFF,OFF,OFF,ON,OFF,Normal,0.000,0.143,OFF,Normal,Normal,708,ON,Normal,Normal,OFF,0,Forward,0,OFF,-0.196,Normal,Normal,OFF,0,Forward,0,OFF,"P,N",Normal,Normal,13.725,Other,OFF,0,Normal,ON,Normal,1.373,0,0,255,ON,-2.625,OFF,Normal,Normal,OFF,0,Forward,OFF,0,OFF,Normal,Normal,OFF,0,Forward,OFF,0,OFF,OFF,"P,N",OFF,ON,22.500,22.500,Normal,OFF,OFF,OFF,OFF,OFF,OFF,Normal,0,Normal,0,0,0,0,0,0,0,0,0,0
76,OFF,OFF,OFF,OFF,OFF,OFF,OFF,OFF,OFF,0,OFF,OFF,OFF,ON,OFF,Normal,0.000,0.143,OFF,Normal,Normal,708,ON,Normal,Normal,OFF,0,Forward,0,OFF,-0.196,Normal,Normal,OFF,0,Forward,0,OFF,"P,N",Normal,Normal,13.725,Other,OFF,0,Normal,ON,Normal,1.373,0,0,255,ON,-2.625,OFF,Normal,Normal,OFF,0,Forward,OFF,0,OFF,Normal,Normal,OFF,0,Forward,OFF,0,OFF,OFF,"P,N",OFF,ON,22.500,22.500,Normal,OFF,OFF,OFF,OFF,OFF,OFF,Normal,0,Normal,0,Normal,0,0,0,0,0,0,0,0
77,OFF,OFF,OFF,OFF,OFF,OFF,OFF,OFF,OFF,0,OFF,OFF,OFF,ON,OFF,Normal,0.000,0.143,OFF,Normal,Normal,708,ON,Normal,Normal,OFF,0,Forward,0,OFF,-0.196,Normal,Normal,OFF,0,Forward,0,OFF,"P,N",Normal,Normal,13.725,Other,OFF,0,Normal,ON,Normal,1.373,0,0,255,ON,-2.625,OFF,Normal,Normal,OFF,0,Forward,OFF,0,OFF,Normal,Normal,OFF,0,Forward,OFF,0,OFF,OFF,"P,N",OFF,ON,22.500,22.500,Normal,OFF,OFF,OFF,OFF,OFF,OFF,Normal,0,Normal,0,Normal,0,0,0,0,0,0,0,0
78,OFF,OFF,OFF,OFF,OFF,OFF,OFF,OFF,OFF,0,OFF,OFF,OFF,ON,OFF,Normal,0.000,0.143,OFF,Normal,Normal,708,ON,Normal,Normal,OFF,0,Forward,0,OFF,-0.196,Normal,Normal,OFF,0,Forward,0,OFF,"P,N",Normal,Normal,13.725,Other,OFF,0,Normal,ON,Normal,1.373,0,0,255,ON,-2.625,OFF,Normal,Normal,OFF,0,Forward,OFF,0,OFF,Normal,Normal,OFF,0,Forward,OFF,0,OFF,OFF,"P,N",OFF,ON,22.500,22.500,Normal,OFF,OFF,OFF,OFF,OFF,OFF,Normal,0,Normal,0,Normal,0,0,0,0,0,0,0,0
79,OFF,OFF,OFF,OFF,OFF,OFF,OFF,OFF,OFF,0,OFF,OFF,OFF,ON,OFF,Normal,0.000,0.143,OFF,Normal,Normal,708,ON,Normal,Normal,OFF,0,Forward,0,OFF,-0.196,Normal,Normal,OFF,0,Forward,0,OFF,"P,N",Normal,Normal,13.725,Other,OFF,0,Normal,ON,Normal,1.373,0,0,255,ON,-2.625,OFF,Normal,Normal,OFF,0,Forward,OFF,0,OFF,Normal,Normal,OFF,0,Forward,OFF,0,OFF,OFF,"P,N",OFF,ON,22.500,22.500,Normal,OFF,OFF,OFF,OFF,OFF,OFF,Normal,0,Normal,0,Normal,0,0,0,0,0,0,0,0
80,OFF,OFF,OFF,OFF,OFF,OFF,OFF,OFF,OFF,0,OFF,OFF,OFF,ON,OFF,Normal,0.000,0.143,OFF,Normal,Normal,708,ON,Normal,Normal,OFF,0,Forward,0,OFF,-0.196,Normal,Normal,OFF,0,Forward,0,OFF,"P,N",Normal,Normal,13.725,Other,OFF,0,Normal,ON,Normal,1.373,0,0,255,ON,-2.625,OFF,Normal,Normal,OFF,0,Forward,OFF,0,OFF,Normal,Normal,OFF,0,Forward,OFF,0,OFF,OFF,"P,N",OFF,ON,22.500,22.500,Normal,OFF,OFF,OFF,OFF,OFF,OFF,Normal,0,Normal,0,Normal,0,0,0,0,0,0,0,0
81,OFF,OFF,OFF,OFF,OFF,OFF,OFF,OFF,OFF,0,OFF,OFF,OFF,ON,OFF,Normal,0.000,0.143,OFF,Normal,Normal,708,ON,Normal,Normal,OFF,0,Forward,0,OFF,-0.196,Normal,Normal,OFF,0,Forward,0,OFF,"P,N",Normal,Normal,13.725,Other,OFF,0,Normal,ON,Normal,1.373,0,0,255,ON,-2.625,OFF,Normal,Normal,OFF,0,Forward,OFF,0,OFF,Normal,Normal,OFF,0,Forward,OFF,0,OFF,OFF,"P,N",OFF,ON,22.500,22.500,Normal,OFF,OFF,OFF,OFF,OFF,OFF,Normal,0,Normal,0,Normal,0,0,0,0,0,0,0,0
82,OFF,OFF,OFF,OFF,OFF,OFF,OFF,OFF,OFF,0,OFF,OFF,OFF,ON,OFF,Normal,0.000,0.143,OFF,Normal,Normal,708,ON,Normal,Normal,OFF,0,Forward,0,OFF,-0.196,Normal,Normal,OFF,0,Forward,0,OFF,"P,N",Normal,Normal,13.725,Other,OFF,0,Normal,ON,Normal,1.373,0,0,255,ON,-2.625,OFF,Normal,Normal,OFF,0,Forward,OFF,0,OFF,Normal,Normal,OFF,0,Forward,OFF,0,OFF,OFF,"P,N",OFF,ON,22.500,22.500,Normal,OFF,OFF,OFF,OFF,OFF,OFF,Normal,0,Normal,0,Normal,0,0,0,0,0,0,0,0
83,OFF,OFF,OFF,OFF,OFF,OFF,OFF,OFF,OFF,0,OFF,OFF,OFF,ON,OFF,Normal,0.000,0.143,OFF,Normal,Normal,708,ON,Normal,Normal,OFF,0,Forward,0,OFF,-0.196,Normal,Normal,OFF,0,Forward,0,OFF,"P,N",Normal,Normal,13.725,Other,OFF,0,Normal,ON,Normal,1.373,0,0,255,ON,-2.625,OFF,Normal,Normal,OFF,0,Forward,OFF,0,OFF,Normal,Normal,OFF,0,Forward,OFF,0,OFF,OFF,"P,N",OFF,ON,22.500,22.500,Normal,OFF,OFF,OFF,OFF,OFF,OFF,Normal,0,Normal,0,Normal,0,0,0,0,0,0,0,0
84,OFF,OFF,OFF,OFF,OFF,OFF,OFF,OFF,OFF,0,OFF,OFF,OFF,ON,OFF,Normal,0.000,0.143,OFF,Normal,Normal,708,ON,Normal,Normal,OFF,0,Forward,0,OFF,-0.196,Normal,Normal,OFF,0,Forward,0,OFF,"P,N",Normal,Normal,13.725,Other,OFF,0,Normal,ON,Normal,1.373,0,0,255,ON,-2.625,OFF,Normal,Normal,OFF,0,Forward,OFF,0,OFF,Normal,Normal,OFF,0,Forward,OFF,0,OFF,OFF,"P,N",OFF,ON,22.500,22.500,Normal,OFF,OFF,OFF,OFF,OFF,OFF,Normal,0,Normal,0,Normal,0,0,0,0,0,0,0,0
85,OFF,OFF,OFF,OFF,OFF,OFF,OFF,OFF,OFF,10,OFF,OFF,OFF,ON,OFF,Normal,0.000,0.143,OFF,Normal,Normal,1317,ON,Normal,Normal,OFF,0,Forward,0,OFF,-0.196,Normal,Normal,OFF,0,Forward,0,OFF,"P,N",Normal,Normal,13.804,Other,OFF,0,Normal,OFF,Normal,0.490,0,0,255,ON,31.094,OFF,Normal,Normal,OFF,0,Forward,OFF,0,OFF,Normal,Normal,OFF,0,Forward,OFF,0,OFF,OFF,"P,N",OFF,ON,22.500,22.500,Normal,OFF,OFF,OFF,OFF,OFF,OFF,Normal,0,Normal,0,Normal,0,0,0,0,0,0,0,0
86,OFF,OFF,OFF,OFF,OFF,OFF,OFF,OFF,OFF,0,OFF,OFF,OFF,ON,OFF,Normal,0.000,0.143,OFF,Normal,Normal,1378,ON,Normal,Normal,OFF,0,Forward,0,OFF,-0.196,Normal,Normal,OFF,0,Forward,0,OFF,"P,N",Normal,Normal,13.804,Other,OFF,0,Normal,ON,Normal,0.490,0,0,255,ON,-19.719,OFF,Normal,Normal,OFF,0,Forward,OFF,0,OFF,Normal,Normal,OFF,0,Forward,OFF,0,OFF,OFF,"P,N",OFF,ON,22.500,22.500,Normal,OFF,OFF,OFF,OFF,OFF,OFF,Normal,0,Normal,0,Normal,0,0,0,0,0,0,0,0
87,OFF,OFF,OFF,OFF,OFF,OFF,OFF,OFF,OFF,0,OFF,OFF,OFF,ON,OFF,Normal,0.000,0.000,OFF,Normal,Normal,1141,ON,Normal,Normal,OFF,0,Forward,0,OFF,-0.196,Normal,Normal,OFF,0,Forward,0,OFF,"P,N",Normal,Normal,13.804,Other,OFF,0,Normal,ON,Normal,0.490,0,0,255,ON,-16.156,OFF,Normal,Normal,OFF,0,Forward,OFF,0,OFF,Normal,Normal,OFF,0,Forward,OFF,0,OFF,OFF,"P,N",OFF,ON,22.500,22.500,Normal,OFF,OFF,OFF,OFF,OFF,OFF,Normal,0,Normal,0,Normal,0,0,0,0,0,0,0,0
88,OFF,OFF,OFF,OFF,OFF,OFF,OFF,OFF,OFF,0,OFF,OFF,OFF,ON,OFF,Normal,0.000,0.143,OFF,Normal,Normal,1034,ON,Normal,Normal,OFF,0,Forward,0,OFF,-0.196,Normal,Normal,OFF,0,Forward,0,OFF,"P,N",Normal,Normal,13.725,Other,OFF,0,Normal,ON,Normal,0.490,0,0,255,ON,-14.750,OFF,Normal,Normal,OFF,0,Forward,OFF,0,OFF,Normal,Normal,OFF,0,Forward,OFF,0,OFF,OFF,"P,N",OFF,ON,22.500,22.500,Normal,OFF,OFF,OFF,OFF,OFF,OFF,Normal,0,Normal,0,Normal,0,0,0,0,0,0,0,0
89,OFF,OFF,OFF,OFF,OFF,OFF,OFF,OFF,OFF,0,OFF,OFF,OFF,ON,OFF,Normal,0.000,0.143,OFF,Normal,Normal,912,ON,Normal,Normal,OFF,0,Forward,0,OFF,-0.196,Normal,Normal,OFF,0,Forward,0,OFF,"P,N",Normal,Normal,13.725,Other,OFF,0,Normal,ON,Normal,0.490,0,0,255,ON,-12.812,OFF,Normal,Normal,OFF,0,Forward,OFF,0,OFF,Normal,Normal,OFF,0,Forward,OFF,0,OFF,OFF,"P,N",OFF,ON,22.500,22.500,Normal,OFF,OFF,OFF,OFF,OFF,OFF,Normal,0,Normal,0,Normal,0,0,0,0,0,0,0,0
90,OFF,OFF,OFF,OFF,OFF,OFF,OFF,OFF,OFF,0,OFF,OFF,OFF,ON,OFF,Normal,0.000,0.143,OFF,Normal,Normal,840,ON,Normal,Normal,OFF,0,Forward,0,OFF,-0.196,Normal,Normal,OFF,0,Forward,0,OFF,"P,N",Normal,Normal,13.725,Other,OFF,0,Normal,ON,Normal,0.765,0,0,255,ON,-8.344,OFF,Normal,Normal,OFF,0,Forward,OFF,0,OFF,Normal,Normal,OFF,0,Forward,OFF,0,OFF,OFF,"P,N",OFF,ON,22.500,22.500,Normal,ON,OFF,OFF,OFF,OFF,OFF,Normal,0,Normal,0,Normal,0,0,0,0,0,0,0,0
91,OFF,OFF,OFF,OFF,OFF,OFF,OFF,OFF,OFF,0,OFF,OFF,OFF,ON,OFF,Normal,0.000,0.000,OFF,Normal,Normal,794,ON,Normal,Normal,OFF,0,Forward,0,OFF,0,Normal,Normal,OFF,0,Forward,0,OFF,"P,N",Normal,Normal,13.725,Other,OFF,0,Normal,ON,Normal,1.431,0,0,255,ON,-5.250,OFF,Normal,Normal,OFF,0,Forward,OFF,0,OFF,Normal,Normal,OFF,0,Forward,OFF,0,OFF,OFF,"P,N",OFF,ON,22.500,22.500,Normal,ON,OFF,OFF,OFF,OFF,OFF,Normal,0,Normal,0,Normal,0,0,0,0,0,0,0,0
92,OFF,OFF,OFF,OFF,OFF,OFF,OFF,OFF,OFF,0,OFF,OFF,OFF,ON,OFF,Normal,0.000,0.143,OFF,Normal,Normal,783,ON,Normal,Normal,OFF,0,Forward,0,OFF,-0.196,Normal,Normal,OFF,0,Forward,0,OFF,"P,N",Normal,Normal,13.725,Other,OFF,0,Normal,ON,Normal,1.353,0,0,255,ON,-3.125,OFF,Normal,Normal,OFF,0,Forward,OFF,0,OFF,Normal,Normal,OFF,0,Forward,OFF,0,OFF,OFF,"P,N",OFF,ON,22.500,22.500,Normal,ON,OFF,OFF,OFF,OFF,OFF,Normal,0,Normal,0,Normal,0,0,0,0,0,0,0,0
93,OFF,OFF,OFF,OFF,OFF,OFF,OFF,OFF,OFF,0,OFF,OFF,OFF,ON,OFF,Normal,0.000,0.143,OFF,Normal,Normal,775,ON,Normal,Normal,OFF,0,Forward,0,OFF,-0.196,Normal,Normal,OFF,0,Forward,0,OFF,"P,N",Normal,Normal,13.725,Other,OFF,0,Normal,ON,Normal,0.490,0,0,255,ON,-2.406,OFF,Normal,Normal,OFF,0,Forward,OFF,0,OFF,Normal,Normal,OFF,0,Forward,OFF,0,OFF,OFF,"P,N",OFF,ON,22.500,22.500,Normal,ON,OFF,OFF,OFF,OFF,OFF,Normal,0,Normal,0,Normal,0,0,0,0,0,0,0,0
94,OFF,OFF,OFF,OFF,OFF,OFF,OFF,OFF,OFF,0,OFF,OFF,OFF,ON,OFF,Normal,0.000,0.000,OFF,Normal,Normal,792,ON,Normal,Normal,OFF,0,Forward,0,OFF,-0.196,Normal,Normal,OFF,0,Forward,0,OFF,"P,N",Normal,Normal,13.725,Other,OFF,0,Normal,ON,Normal,0.490,0,0,255,ON,-1.438,OFF,Normal,Normal,OFF,0,Forward,OFF,0,OFF,Normal,Normal,OFF,0,Forward,OFF,0,OFF,OFF,"P,N",OFF,ON,22.500,22.500,Normal,OFF,OFF,OFF,OFF,OFF,OFF,Normal,0,Normal,0,Normal,0,0,0,0,0,0,0,0
95,OFF,OFF,OFF,OFF,OFF,OFF,OFF,OFF,OFF,0,OFF,OFF,OFF,ON,OFF,Normal,0.000,0.000,OFF,Normal,Normal,828,ON,Normal,Normal,OFF,0,Forward,0,OFF,-0.196,Normal,Normal,OFF,0,Forward,0,OFF,"P,N",Normal,Normal,13.725,Other,OFF,0,Normal,ON,Normal,1.118,0,0,255,ON,-1.594,OFF,Normal,Normal,OFF,0,Forward,OFF,0,OFF,Normal,Normal,OFF,0,Forward,OFF,0,OFF,OFF,"P,N",OFF,ON,22.500,22.500,Normal,ON,OFF,OFF,OFF,OFF,OFF,Normal,0,Normal,0,Normal,0,0,0,0,0,0,0,0
96,OFF,OFF,OFF,OFF,OFF,OFF,OFF,OFF,OFF,0,OFF,OFF,OFF,ON,OFF,Normal,0.000,0.000,OFF,Normal,Normal,864,ON,Normal,Normal,OFF,0,Forward,0,OFF,-0.196,Normal,Normal,OFF,0,Forward,0,OFF,"P,N",Normal,Normal,13.725,Other,OFF,0,Normal,ON,Normal,1.431,0,0,255,ON,-3.250,OFF,Normal,Normal,OFF,0,Forward,OFF,0,OFF,Normal,Normal,OFF,0,Forward,OFF,0,OFF,OFF,"P,N",OFF,ON,22.500,22.500,Normal,ON,OFF,OFF,OFF,OFF,OFF,Normal,0,Normal,0,Normal,0,0,0,0,0,0,0,0
97,OFF,OFF,OFF,OFF,OFF,OFF,OFF,OFF,OFF,0,OFF,OFF,OFF,ON,OFF,Normal,0.000,0.143,OFF,Normal,Normal,878,ON,Normal,Normal,OFF,0,Forward,0,OFF,-0.196,Normal,Normal,OFF,0,Forward,0,OFF,"P,N",Normal,Normal,13.725,Other,OFF,0,Normal,ON,Normal,0.490,0,0,255,ON,-5.750,OFF,Normal,Normal,OFF,0,Forward,OFF,0,OFF,Normal,Normal,OFF,0,Forward,OFF,0,OFF,OFF,"P,N",OFF,ON,22.500,22.500,Normal,ON,OFF,OFF,OFF,OFF,OFF,Normal,0,Normal,0,Normal,0,0,0,0,0,0,0,0
98,OFF,OFF,OFF,OFF,OFF,OFF,OFF,OFF,OFF,0,OFF,OFF,OFF,ON,OFF,Normal,0.000,0.143,OFF,Normal,Normal,884,ON,Normal,Normal,OFF,0,Forward,0,OFF,-0.196,Normal,Normal,OFF,0,Forward,0,OFF,"P,N",Normal,Normal,13.725,Other,OFF,0,Normal,ON,Normal,0.667,0,0,255,ON,-7.656,OFF,Normal,Normal,OFF,0,Forward,OFF,0,OFF,Normal,Normal,OFF,0,Forward,OFF,0,OFF,OFF,"P,N",OFF,ON,22.500,22.500,Normal,OFF,OFF,OFF,OFF,OFF,OFF,Normal,0,Normal,0,Normal,0,0,0,0,0,0,0,0
99,OFF,OFF,OFF,OFF,OFF,OFF,OFF,OFF,OFF,0,OFF,OFF,OFF,ON,OFF,Normal,0.000,0.143,OFF,Normal,Normal,884,ON,Normal,Normal,OFF,0,Forward,0,OFF,-0.196,Normal,Normal,OFF,0,Forward,0,OFF,"P,N",Normal,Normal,13.725,Other,OFF,0,Normal,ON,Normal,1.431,0,0,255,ON,-8.938,OFF,Normal,Normal,OFF,0,Forward,OFF,0,OFF,Normal,Normal,OFF,0,Forward,OFF,0,OFF,OFF,"P,N",OFF,ON,22.500,22.500,Normal,ON,OFF,OFF,OFF,OFF,OFF,Normal,0,Normal,0,Normal,0,0,0,0,0,0,0,0
100,OFF,OFF,OFF,OFF,OFF,OFF,OFF,OFF,OFF,0,OFF,OFF,OFF,ON,OFF,Normal,0.000,0.143,OFF,Normal,Normal,872,ON,Normal,Normal,OFF,0,Forward,0,OFF,-0.196,Normal,Normal,OFF,0,Forward,0,OFF,"P,N",Normal,Normal,13.725,Other,OFF,0,Normal,ON,Normal,0.569,0,0,255,ON,-11.094,OFF,Normal,Normal,OFF,0,Forward,OFF,0,OFF,Normal,Normal,OFF,0,Forward,OFF,0,OFF,OFF,"P,N",OFF,ON,22.500,22.500,Normal,ON,OFF,OFF,OFF,OFF,OFF,Normal,0,Normal,0,Normal,0,0,0,0,0,0,0,0
101,OFF,OFF,OFF,OFF,OFF,OFF,OFF,OFF,OFF,0,OFF,OFF,OFF,ON,OFF,Normal,0.000,0.000,OFF,Normal,Normal,863,ON,Normal,Normal,OFF,0,Forward,0,OFF,-0.196,Normal,Normal,OFF,0,Forward,0,OFF,"P,N",Normal,Normal,13.804,Other,OFF,0,Normal,ON,Normal,0.490,0,0,255,ON,-11.688,OFF,Normal,Normal,OFF,0,Forward,OFF,0,OFF,Normal,Normal,OFF,0,Forward,OFF,0,OFF,OFF,"P,N",OFF,ON,22.500,22.500,Normal,OFF,OFF,OFF,OFF,OFF,OFF,Normal,0,Normal,0,Normal,0,0,0,0,0,0,0,0
102,OFF,OFF,OFF,OFF,OFF,OFF,OFF,OFF,OFF,0,OFF,OFF,OFF,ON,OFF,Normal,0.000,0.143,OFF,Normal,Normal,848,ON,Normal,Normal,OFF,0,Forward,0,OFF,-0.196,Normal,Normal,OFF,0,Forward,0,OFF,"P,N",Normal,Normal,13.804,Other,OFF,0,Normal,ON,Normal,1.471,0,0,255,ON,-13.594,OFF,Normal,Normal,OFF,0,Forward,OFF,0,OFF,Normal,Normal,OFF,0,Forward,OFF,0,OFF,OFF,"P,N",OFF,ON,22.500,22.500,Normal,ON,OFF,OFF,OFF,OFF,OFF,Normal,0,Normal,0,Normal,0,0,0,0,0,0,0,0
103,OFF,OFF,OFF,OFF,OFF,OFF,OFF,OFF,OFF,0,OFF,OFF,OFF,ON,OFF,Normal,-0.143,0.000,OFF,Normal,Normal,832,ON,Normal,Normal,OFF,0,Forward,0,OFF,-0.196,Normal,Normal,OFF,0,Forward,0,OFF,"P,N",Normal,Normal,13.725,Other,OFF,0,Normal,ON,Normal,1.157,0,0,255,ON,-14.531,OFF,Normal,Normal,OFF,0,Forward,OFF,0,OFF,Normal,Normal,OFF,0,Forward,OFF,0,OFF,OFF,"P,N",OFF,ON,22.500,22.500,Normal,ON,OFF,OFF,OFF,OFF,OFF,Normal,0,Normal,0,Normal,0,0,0,0,0,0,0,0
104,OFF,OFF,OFF,OFF,OFF,OFF,OFF,OFF,OFF,0,OFF,OFF,OFF,ON,OFF,Normal,0.000,0.143,OFF,Normal,Normal,823,ON,Normal,Normal,OFF,0,Forward,0,OFF,-0.196,Normal,Normal,OFF,0,Forward,0,OFF,"P,N",Normal,Normal,13.804,Other,OFF,0,Normal,ON,Normal,0.490,0,0,255,ON,-13.938,OFF,Normal,Normal,OFF,0,Forward,OFF,0,OFF,Normal,Normal,OFF,0,Forward,OFF,0,OFF,OFF,"P,N",OFF,ON,22.500,22.500,Normal,OFF,OFF,OFF,OFF,OFF,OFF,Normal,0,Normal,0,Normal,0,0,0,0,0,0,0,0
105,OFF,OFF,OFF,OFF,OFF,OFF,OFF,OFF,OFF,0,OFF,OFF,OFF,ON,OFF,Normal,0.000,0.000,OFF,Normal,Normal,816,ON,Normal,Normal,OFF,0,Forward,0,OFF,-0.196,Normal,Normal,OFF,0,Forward,0,OFF,"P,N",Normal,Normal,13.725,Other,OFF,0,Normal,ON,Normal,1.255,0,0,255,ON,-15.250,OFF,Normal,Normal,OFF,0,Forward,OFF,0,OFF,Normal,Normal,OFF,0,Forward,OFF,0,OFF,OFF,"P,N",OFF,ON,22.500,22.500,Normal,ON,OFF,OFF,OFF,OFF,OFF,Normal,0,Normal,0,Normal,0,0,0,0,0,0,0,0
106,OFF,OFF,OFF,OFF,OFF,OFF,OFF,OFF,OFF,0,OFF,OFF,OFF,ON,OFF,Normal,0.000,0.143,OFF,Normal,Normal,802,ON,Normal,Normal,OFF,0,Forward,0,OFF,0,Normal,Normal,OFF,0,Forward,0,OFF,"P,N",Normal,Normal,13.647,Other,OFF,0,Normal,ON,Normal,1.608,0,0,255,ON,-15.031,OFF,Normal,Normal,OFF,0,Forward,OFF,0,OFF,Normal,Normal,OFF,0,Forward,OFF,0,OFF,OFF,"P,N",OFF,ON,22.500,22.500,Normal,ON,OFF,OFF,OFF,OFF,OFF,Normal,0,Normal,0,Normal,0,0,0,0,0,0,0,0
107,OFF,OFF,OFF,OFF,OFF,OFF,OFF,OFF,OFF,0,OFF,OFF,OFF,ON,OFF,Normal,0.000,0.000,OFF,Normal,Normal,793,ON,Normal,Normal,OFF,0,Forward,0,OFF,-0.196,Normal,Normal,OFF,0,Forward,0,OFF,"P,N",Normal,Normal,13.725,Other,OFF,0,Normal,ON,Normal,0.510,0,0,255,ON,-14.500,OFF,Normal,Normal,OFF,0,Forward,OFF,0,OFF,Normal,Normal,OFF,0,Forward,OFF,0,OFF,OFF,"P,N",OFF,ON,22.500,22.500,Normal,ON,OFF,OFF,OFF,OFF,OFF,Normal,0,Normal,0,Normal,0,0,0,0,0,0,0,0
108,OFF,OFF,OFF,OFF,OFF,OFF,OFF,OFF,OFF,0,OFF,OFF,OFF,ON,OFF,Normal,0.000,0.143,OFF,Normal,Normal,786,ON,Normal,Normal,OFF,0,Forward,0,OFF,-0.196,Normal,Normal,OFF,0,Forward,0,OFF,"P,N",Normal,Normal,13.804,Other,OFF,0,Normal,ON,Normal,0.490,0,0,255,ON,-13.625,OFF,Normal,Normal,OFF,0,Forward,OFF,0,OFF,Normal,Normal,OFF,0,Forward,OFF,0,OFF,OFF,"P,N",OFF,ON,22.500,22.500,Normal,OFF,OFF,OFF,OFF,OFF,OFF,Normal,0,Normal,0,Normal,0,0,0,0,0,0,0,0
109,OFF,OFF,OFF,OFF,OFF,OFF,OFF,OFF,OFF,0,OFF,OFF,OFF,ON,OFF,Normal,0.000,0.143,OFF,Normal,Normal,802,ON,Normal,Normal,OFF,0,Forward,0,OFF,-0.196,Normal,Normal,OFF,0,Forward,0,OFF,"P,N",Normal,Normal,13.725,Other,OFF,0,Normal,ON,Normal,1.784,0,0,255,ON,-12.594,OFF,Normal,Normal,OFF,0,Forward,OFF,0,OFF,Normal,Normal,OFF,0,Forward,OFF,0,OFF,OFF,"P,N",OFF,ON,22.500,22.500,Normal,ON,OFF,OFF,OFF,OFF,OFF,Normal,0,Normal,0,Normal,0,0,0,0,0,0,0,0
110,OFF,OFF,OFF,OFF,OFF,OFF,OFF,OFF,OFF,0,OFF,OFF,OFF,ON,OFF,Normal,0.000,0.143,OFF,Normal,Normal,814,ON,Normal,Normal,OFF,0,Forward,0,OFF,-0.196,Normal,Normal,OFF,0,Forward,0,OFF,"P,N",Normal,Normal,13.725,Other,OFF,0,Normal,ON,Normal,2.373,0,0,255,ON,-12.500,OFF,Normal,Normal,OFF,0,Forward,OFF,0,OFF,Normal,Normal,OFF,0,Forward,OFF,0,OFF,OFF,"P,N",OFF,ON,22.500,22.500,Normal,ON,OFF,OFF,OFF,OFF,OFF,Normal,0,Normal,0,Normal,0,0,0,0,0,0,0,0
111,OFF,OFF,OFF,OFF,OFF,OFF,OFF,OFF,OFF,0,OFF,OFF,OFF,ON,OFF,Normal,0.000,0.143,OFF,Normal,Normal,823,ON,Normal,Normal,OFF,0,Forward,0,OFF,-0.196,Normal,Normal,OFF,0,Forward,0,OFF,"P,N",Normal,Normal,13.725,Other,OFF,0,Normal,ON,Normal,2.784,0,0,255,ON,-13.500,OFF,Normal,Normal,OFF,0,Forward,OFF,0,OFF,Normal,Normal,OFF,0,Forward,OFF,0,OFF,OFF,"P,N",OFF,ON,22.500,22.500,Normal,ON,OFF,OFF,OFF,OFF,OFF,Normal,0,Normal,0,Normal,0,0,0,0,0,0,0,0
112,OFF,OFF,OFF,OFF,OFF,OFF,OFF,OFF,OFF,0,OFF,OFF,OFF,ON,OFF,Normal,0.000,0.143,OFF,Normal,Normal,809,ON,Normal,Normal,OFF,0,Forward,0,OFF,-0.196,Normal,Normal,OFF,0,Forward,0,OFF,"P,N",Normal,Normal,13.725,Other,OFF,0,Normal,ON,Normal,2.922,0,0,255,ON,-14.219,OFF,Normal,Normal,OFF,0,Forward,OFF,0,OFF,Normal,Normal,OFF,0,Forward,OFF,0,OFF,OFF,"P,N",OFF,ON,22.500,22.500,Normal,ON,OFF,OFF,OFF,OFF,OFF,Normal,0,Normal,0,Normal,0,0,0,0,0,0,0,0
113,OFF,OFF,OFF,OFF,OFF,OFF,OFF,OFF,OFF,0,OFF,OFF,OFF,ON,OFF,Normal,0.000,0.143,OFF,Normal,Normal,792,ON,Normal,Normal,OFF,0,Forward,0,OFF,-0.196,Normal,Normal,OFF,0,Forward,0,OFF,"P,N",Normal,Normal,13.725,Other,OFF,0,Normal,ON,Normal,2.961,0,0,255,ON,-14.062,OFF,Normal,Normal,OFF,0,Forward,OFF,0,OFF,Normal,Normal,OFF,0,Forward,OFF,0,OFF,OFF,"P,N",OFF,ON,22.500,22.500,Normal,ON,OFF,OFF,OFF,OFF,OFF,Normal,0,Normal,0,Normal,0,0,0,0,0,0,0,0
114,OFF,OFF,OFF,OFF,OFF,OFF,OFF,OFF,OFF,0,OFF,OFF,OFF,ON,OFF,Normal,0.000,0.143,OFF,Normal,Normal,771,ON,Normal,Normal,OFF,0,Forward,0,OFF,-0.196,Normal,Normal,OFF,0,Forward,0,OFF,"P,N",Normal,Normal,13.725,Other,OFF,0,Normal,ON,Normal,0.784,0,0,255,ON,-13.250,OFF,Normal,Normal,OFF,0,Forward,OFF,0,OFF,Normal,Normal,OFF,0,Forward,OFF,0,OFF,OFF,"P,N",OFF,ON,22.500,22.500,Normal,ON,OFF,OFF,OFF,OFF,OFF,Normal,0,Normal,0,Normal,0,0,0,0,0,0,0,0
115,OFF,OFF,OFF,OFF,OFF,OFF,OFF,OFF,OFF,0,OFF,OFF,OFF,ON,OFF,Normal,0.000,0.000,OFF,Normal,Normal,785,ON,Normal,Normal,OFF,0,Forward,0,OFF,0,Normal,Normal,OFF,0,Forward,0,OFF,"P,N",Normal,Normal,13.804,Other,OFF,0,Normal,ON,Normal,0.490,0,0,255,ON,-11.969,OFF,Normal,Normal,OFF,0,Forward,OFF,0,OFF,Normal,Normal,OFF,0,Forward,OFF,0,OFF,OFF,"P,N",OFF,ON,22.500,22.500,Normal,OFF,OFF,OFF,OFF,OFF,OFF,Normal,0,Normal,0,Normal,0,0,0,0,0,0,0,0
116,OFF,OFF,OFF,OFF,OFF,OFF,OFF,OFF,OFF,0,OFF,OFF,OFF,ON,OFF,Normal,-0.143,0.000,OFF,Normal,Normal,788,ON,Normal,Normal,OFF,0,Forward,0,OFF,-0.196,Normal,Normal,OFF,0,Forward,0,OFF,"P,N",Normal,Normal,13.725,Other,OFF,0,Normal,ON,Normal,0.490,0,0,255,ON,-12.219,OFF,Normal,Normal,OFF,0,Forward,OFF,0,OFF,Normal,Normal,OFF,0,Forward,OFF,0,OFF,OFF,"P,N",OFF,ON,22.500,22.500,Normal,OFF,OFF,OFF,OFF,OFF,OFF,Normal,0,Normal,0,Normal,0,0,0,0,0,0,0,0
117,OFF,OFF,OFF,OFF,OFF,OFF,OFF,OFF,OFF,0,OFF,OFF,OFF,ON,OFF,Normal,-0.143,0.143,OFF,Normal,Normal,793,ON,Normal,Normal,OFF,0,Forward,0,OFF,-0.196,Normal,Normal,OFF,0,Forward,0,OFF,"P,N",Normal,Normal,13.804,Other,OFF,0,Normal,ON,Normal,0.490,0,0,255,ON,-12.312,OFF,Normal,Normal,OFF,0,Forward,OFF,0,OFF,Normal,Normal,OFF,0,Forward,OFF,0,OFF,OFF,"P,N",OFF,ON,22.500,22.500,Normal,OFF,OFF,OFF,OFF,OFF,OFF,Normal,0,Normal,0,Normal,0,0,0,0,0,0,0,0
118,OFF,OFF,OFF,OFF,OFF,OFF,OFF,OFF,OFF,0,OFF,OFF,OFF,ON,OFF,Normal,0.000,0.143,OFF,Normal,Normal,807,ON,Normal,Normal,OFF,0,Forward,0,OFF,-0.196,Normal,Normal,OFF,0,Forward,0,OFF,"P,N",Normal,Normal,13.725,Other,OFF,0,Normal,ON,Normal,0.490,0,0,255,ON,-12.438,OFF,Normal,Normal,OFF,0,Forward,OFF,0,OFF,Normal,Normal,OFF,0,Forward,OFF,0,OFF,OFF,"P,N",OFF,ON,22.500,22.500,Normal,OFF,OFF,OFF,OFF,OFF,OFF,Normal,0,Normal,0,Normal,0,0,0,0,0,0,0,0
119,OFF,OFF,OFF,OFF,OFF,OFF,OFF,OFF,OFF,0,OFF,OFF,OFF,ON,OFF,Normal,0.000,0.000,OFF,Normal,Normal,817,ON,Normal,Normal,OFF,0,Forward,0,OFF,0,Normal,Normal,OFF,0,Forward,0,OFF,"P,N",Normal,Normal,13.725,Other,OFF,0,Normal,ON,Normal,0.490,0,0,255,ON,-12.938,OFF,Normal,Normal,OFF,0,Forward,OFF,0,OFF,Normal,Normal,OFF,0,Forward,OFF,0,OFF,OFF,"P,N",OFF,ON,22.500,22.500,Normal,OFF,OFF,OFF,OFF,OFF,OFF,Normal,0,Normal,0,Normal,0,0,0,0,0,0,0,0
120,OFF,OFF,OFF,OFF,OFF,OFF,OFF,OFF,OFF,0,OFF,OFF,OFF,ON,OFF,Normal,0.000,0.143,OFF,Normal,Normal,805,ON,Normal,Normal,OFF,0,Forward,0,OFF,-0.196,Normal,Normal,OFF,0,Forward,0,OFF,"P,N",Normal,Normal,13.725,Other,OFF,0,Normal,ON,Normal,0.490,0,0,255,ON,-13.844,OFF,Normal,Normal,OFF,0,Forward,OFF,0,OFF,Normal,Normal,OFF,0,Forward,OFF,0,OFF,OFF,"P,N",OFF,ON,22.500,22.500,Normal,OFF,OFF,OFF,OFF,OFF,OFF,Normal,0,Normal,0,Normal,0,0,0,0,0,0,0,0
121,OFF,OFF,OFF,OFF,OFF,OFF,OFF,OFF,OFF,0,OFF,OFF,OFF,ON,OFF,Normal,0.000,0.143,OFF,Normal,Normal,794,ON,Normal,Normal,OFF,0,Forward,0,OFF,-0.196,Normal,Normal,OFF,0,Forward,0,OFF,"P,N",Normal,Normal,13.725,Other,OFF,0,Normal,ON,Normal,0.490,0,0,255,ON,-13.812,OFF,Normal,Normal,OFF,0,Forward,OFF,0,OFF,Normal,Normal,OFF,0,Forward,OFF,0,OFF,OFF,"P,N",OFF,ON,22.500,22.500,Normal,OFF,OFF,OFF,OFF,OFF,OFF,Normal,0,Normal,0,Normal,0,0,0,0,0,0,0,0
122,OFF,OFF,OFF,OFF,OFF,OFF,OFF,OFF,OFF,0,OFF,OFF,OFF,ON,OFF,Normal,0.000,0.000,OFF,Normal,Normal,781,ON,Normal,Normal,OFF,0,Forward,0,OFF,-0.196,Normal,Normal,OFF,0,Forward,0,OFF,"P,N",Normal,Normal,13.804,Other,OFF,0,Normal,ON,Normal,0.490,0,0,255,ON,-13.219,OFF,Normal,Normal,OFF,0,Forward,OFF,0,OFF,Normal,Normal,OFF,0,Forward,OFF,0,OFF,OFF,"P,N",OFF,ON,22.500,22.500,Normal,OFF,OFF,OFF,OFF,OFF,OFF,Normal,0,Normal,0,Normal,0,0,0,0,0,0,0,0
123,OFF,OFF,OFF,OFF,OFF,OFF,OFF,OFF,OFF,0,OFF,OFF,OFF,ON,OFF,Normal,0.000,0.000,OFF,Normal,Normal,769,ON,Normal,Normal,OFF,0,Forward,0,OFF,-0.196,Normal,Normal,OFF,0,Forward,0,OFF,"P,N",Normal,Normal,13.725,Other,OFF,0,Normal,ON,Normal,0.490,0,0,255,ON,-12.656,OFF,Normal,Normal,OFF,0,Forward,OFF,0,OFF,Normal,Normal,OFF,0,Forward,OFF,0,OFF,OFF,"P,N",OFF,ON,22.500,22.500,Normal,OFF,OFF,OFF,OFF,OFF,OFF,Normal,0,Normal,0,Normal,0,0,0,0,0,0,0,0
124,OFF,OFF,OFF,OFF,OFF,OFF,OFF,OFF,OFF,0,OFF,OFF,OFF,ON,OFF,Normal,0.000,0.000,OFF,Normal,Normal,757,ON,Normal,Normal,OFF,0,Forward,0,OFF,-0.196,Normal,Normal,OFF,0,Forward,0,OFF,"P,N",Normal,Normal,13.725,Other,OFF,0,Normal,ON,Normal,0.490,0,0,255,ON,-12.438,OFF,Normal,Normal,OFF,0,Forward,OFF,0,OFF,Normal,Normal,OFF,0,Forward,OFF,0,OFF,OFF,"P,N",OFF,ON,22.500,22.500,Normal,OFF,OFF,OFF,OFF,OFF,OFF,Normal,0,Normal,0,Normal,0,0,0,0,0,0,0,0
125,OFF,OFF,OFF,OFF,OFF,OFF,OFF,OFF,OFF,0,OFF,OFF,OFF,ON,OFF,Normal,0.000,0.143,OFF,Normal,Normal,756,ON,Normal,Normal,OFF,0,Forward,0,OFF,-0.196,Normal,Normal,OFF,0,Forward,0,OFF,"P,N",Normal,Normal,13.725,Other,OFF,0,Normal,ON,Normal,0.490,0,0,255,ON,-11.656,OFF,Normal,Normal,OFF,0,Forward,OFF,0,OFF,Normal,Normal,OFF,0,Forward,OFF,0,OFF,OFF,"P,N",OFF,ON,22.500,22.500,Normal,OFF,OFF,OFF,OFF,OFF,OFF,Normal,0,Normal,0,Normal,0,0,0,0,0,0,0,0
126,OFF,OFF,OFF,OFF,OFF,OFF,OFF,OFF,OFF,0,OFF,OFF,OFF,ON,OFF,Normal,0.000,0.143,OFF,Normal,Normal,745,ON,Normal,Normal,OFF,0,Forward,0,OFF,-0.196,Normal,Normal,OFF,0,Forward,0,OFF,"P,N",Normal,Normal,13.725,Other,OFF,0,Normal,ON,Normal,0.490,0,0,255,ON,-11.062,OFF,Normal,Normal,OFF,0,Forward,OFF,0,OFF,Normal,Normal,OFF,0,Forward,OFF,0,OFF,OFF,"P,N",OFF,ON,22.500,22.500,Normal,OFF,OFF,OFF,OFF,OFF,OFF,Normal,0,Normal,0,Normal,0,0,0,0,0,0,0,0
127,OFF,OFF,OFF,OFF,OFF,OFF,OFF,OFF,OFF,0,OFF,OFF,OFF,ON,OFF,Normal,0.000,0.000,OFF,Normal,Normal,729,ON,Normal,Normal,OFF,0,Forward,0,OFF,-0.196,Normal,Normal,OFF,0,Forward,0,OFF,"P,N",Normal,Normal,13.725,Other,OFF,0,Normal,ON,Normal,0.490,0,0,255,ON,-10.656,OFF,Normal,Normal,OFF,0,Forward,OFF,0,OFF,Normal,Normal,OFF,0,Forward,OFF,0,OFF,OFF,"P,N",OFF,ON,22.500,22.500,Normal,OFF,OFF,OFF,OFF,OFF,OFF,Normal,0,Normal,0,Normal,0,0,0,0,0,0,0,0
128,OFF,OFF,OFF,OFF,OFF,OFF,OFF,OFF,OFF,0,OFF,OFF,OFF,ON,OFF,Normal,0.000,0.143,OFF,Normal,Normal,722,ON,Normal,Normal,OFF,0,Forward,0,OFF,-0.196,Normal,Normal,OFF,0,Forward,0,OFF,"P,N",Normal,Normal,13.725,Other,OFF,0,Normal,ON,Normal,0.490,0,0,255,ON,-9.438,OFF,Normal,Normal,OFF,0,Forward,OFF,0,OFF,Normal,Normal,OFF,0,Forward,OFF,0,OFF,OFF,"P,N",OFF,ON,22.500,22.500,Normal,OFF,OFF,OFF,OFF,OFF,OFF,Normal,0,Normal,0,Normal,0,0,0,0,0,0,0,0
